"pathogen_1","pathogen_2","infected_hosts_1","infected_hosts_2","co_infected_hosts","expected_co_infected_hosts","phi_coefficient","odds_ratio","fisher_p","fisher_BH_q","significant_positive_BH"
"Nanhai reo-like virus 5","Nanhai reo-like virus 6",5,5,4,0.223214285714286,0.790654205607477,268.244987615402,3.99541683945353e-06,0.00910155956027515,TRUE
"Hydatigera sp. SDYY","Taeniidae sp. QLXSDD",3,4,3,0.107142857142857,0.862043656699036,Inf,1.75500175500176e-05,0.01998946998947,TRUE
"Aliivibrio fischeri","Vibrio sp. Y",5,3,3,0.133928571428571,0.767457377114894,Inf,4.38750438750439e-05,0.0311422765551206,TRUE
"Aliivibrio fischeri","Vibrio ponticus",5,8,4,0.357142857142857,0.611535409566059,87.6379299217453,5.4683540922073e-05,0.0311422765551206,TRUE
"Vibrio ponticus","Vibrio sp. Y",8,3,3,0.214285714285714,0.598162323401946,Inf,0.000245700245700246,0.111941031941032,FALSE
"Nanhai reo-like virus 5","Caligus sp. RWXLT",5,2,2,0.0892857142857143,0.623771519942125,Inf,0.00160875160875161,0.407192907192908,FALSE
"Nanhai reo-like virus 6","Caligus sp. RWXLT",5,2,2,0.0892857142857143,0.623771519942125,Inf,0.00160875160875161,0.407192907192908,FALSE
"Nanhai reo-like virus 2","Nanhai reo-like virus 5",2,5,2,0.0892857142857143,0.623771519942125,Inf,0.00160875160875161,0.407192907192908,FALSE
"Nanhai reo-like virus 2","Nanhai reo-like virus 6",2,5,2,0.0892857142857143,0.623771519942125,Inf,0.00160875160875161,0.407192907192908,FALSE
"Nanhai retrovirus 2","Photobacterium sp.",2,8,2,0.142857142857143,0.486172434804398,Inf,0.00450450450450451,0.782280219780217,FALSE
"Photobacterium sp. QLXSD","Photobacterium sp.",2,8,2,0.142857142857143,0.486172434804398,Inf,0.00450450450450451,0.782280219780217,FALSE
"Wenzhou pacific spadenose shark astrovirus 2","Wenzhou pacific spadenose shark reovirus 2",1,1,1,0.00892857142857143,1,Inf,0.0089285714285714,0.782280219780217,FALSE
"Nanhai astrovirus LZMB","Nanhai rhabdovirus 1",1,1,1,0.00892857142857143,1,Inf,0.0089285714285714,0.782280219780217,FALSE
"Nanhai filovirus 3","Cystoisospora sp. DSLT-2",1,1,1,0.00892857142857143,1,Inf,0.0089285714285714,0.782280219780217,FALSE
"Nanhai filovirus 3","Sarcocystidae sp. DSLT",1,1,1,0.00892857142857143,1,Inf,0.0089285714285714,0.782280219780217,FALSE
"Nanhai paramyxovirus 2","Psenopsis anomala picornavirus",1,1,1,0.00892857142857143,1,Inf,0.0089285714285714,0.782280219780217,FALSE
"Pseudomonas aeruginosa","Taeniidae sp. LZY",1,1,1,0.00892857142857143,1,Inf,0.0089285714285714,0.782280219780217,FALSE
"Photobacterium swingsii","Eimeriorina sp. RWXLT",1,1,1,0.00892857142857143,1,Inf,0.0089285714285714,0.782280219780217,FALSE
"Clostridium sp. SQHN","Lepeophtheirus sp. SQHN",1,1,1,0.00892857142857143,1,Inf,0.0089285714285714,0.782280219780217,FALSE
"Toxoplasma sp. LZY","Sarcocystidae sp. SZMB",1,1,1,0.00892857142857143,1,Inf,0.0089285714285714,0.782280219780217,FALSE
"Toxoplasma sp. LZY","Eimeria sp. SZMB",1,1,1,0.00892857142857143,1,Inf,0.0089285714285714,0.782280219780217,FALSE
"Toxoplasma sp. LZY","Opisthorchiidae sp. SZMB",1,1,1,0.00892857142857143,1,Inf,0.0089285714285714,0.782280219780217,FALSE
"Cystoisospora sp. DSLT-2","Sarcocystidae sp. DSLT",1,1,1,0.00892857142857143,1,Inf,0.0089285714285714,0.782280219780217,FALSE
"Sarcocystidae sp. SZMB","Eimeria sp. SZMB",1,1,1,0.00892857142857143,1,Inf,0.0089285714285714,0.782280219780217,FALSE
"Sarcocystidae sp. SZMB","Opisthorchiidae sp. SZMB",1,1,1,0.00892857142857143,1,Inf,0.0089285714285714,0.782280219780217,FALSE
"Eimeria sp. SZMB","Opisthorchiidae sp. SZMB",1,1,1,0.00892857142857143,1,Inf,0.0089285714285714,0.782280219780217,FALSE
"Vibrio ponticus","Photobacterium damselae",8,3,2,0.214285714285714,0.383437386796119,31.2024271323133,0.013022113022113,1,FALSE
"Nanhai parvovirus LTY1","Bombay duck fish bornavirus",1,2,1,0.0178571428571429,0.703914409211444,Inf,0.0178571428571429,1,FALSE
"Arius arius calicivirus","Clostridium sp. SQHN",2,1,1,0.0178571428571429,0.703914409211444,Inf,0.0178571428571429,1,FALSE
"Arius arius calicivirus","Lepeophtheirus sp. SQHN",2,1,1,0.0178571428571429,0.703914409211444,Inf,0.0178571428571429,1,FALSE
"Nanhai reo-like virus 1","Nanhai reo-like virus 2",1,2,1,0.0178571428571429,0.703914409211444,Inf,0.0178571428571429,1,FALSE
"Pseudomonas aeruginosa","Photobacterium sp. QLXSD",1,2,1,0.0178571428571429,0.703914409211444,Inf,0.0178571428571429,1,FALSE
"Photobacterium sp. QLXSD","Besnoitia sp. HKL",2,1,1,0.0178571428571429,0.703914409211444,Inf,0.0178571428571429,1,FALSE
"Photobacterium sp. QLXSD","Taeniidae sp. LZY",2,1,1,0.0178571428571429,0.703914409211444,Inf,0.0178571428571429,1,FALSE
"Pseudoloma sp. FJ","Caligus sp. RWXLT",1,2,1,0.0178571428571429,0.703914409211444,Inf,0.0178571428571429,1,FALSE
"Nanhai filovirus 2","Taeniidae sp. HBSZ",1,3,1,0.0267857142857143,0.572125272407475,Inf,0.0267857142857142,1,FALSE
"Nanhai filovirus 3","Acinetobacter johnsonii",1,3,1,0.0267857142857143,0.572125272407475,Inf,0.0267857142857142,1,FALSE
"Photobacterium swingsii","Photobacterium damselae",1,3,1,0.0267857142857143,0.572125272407475,Inf,0.0267857142857142,1,FALSE
"Nanhai retrovirus 1","Bregmaceros mcclellandi picornavirus",3,1,1,0.0267857142857143,0.572125272407475,Inf,0.0267857142857143,1,FALSE
"Acinetobacter johnsonii","Besnoitia sp. HKL",3,1,1,0.0267857142857143,0.572125272407475,Inf,0.0267857142857143,1,FALSE
"Acinetobacter johnsonii","Cystoisospora sp. DSLT-2",3,1,1,0.0267857142857143,0.572125272407475,Inf,0.0267857142857143,1,FALSE
"Acinetobacter johnsonii","Sarcocystidae sp. DSLT",3,1,1,0.0267857142857143,0.572125272407475,Inf,0.0267857142857143,1,FALSE
"Photobacterium damselae","Eimeriorina sp. RWXLT",3,1,1,0.0267857142857143,0.572125272407475,Inf,0.0267857142857143,1,FALSE
"Vibrio sp. Y","Pseudoloma sp. FJ",3,1,1,0.0267857142857143,0.572125272407475,Inf,0.0267857142857143,1,FALSE
"Nanhai retrovirus 2","Toxocara sp. CTSZ",2,19,2,0.339285714285714,0.298320658538769,Inf,0.0275096525096525,1,FALSE
"Bombay duck fish bornavirus","Toxocara sp. CTSZ",2,19,2,0.339285714285714,0.298320658538769,Inf,0.0275096525096525,1,FALSE
"Nanhai reo-like virus 6","Toxocara sp. CTSZ",5,19,3,0.848214285714286,0.247868807174553,8.27596139636276,0.033673894912427,1,FALSE
"Odontamblyopus rubicundus hepacivirus","Nanhai reo-like virus 7",2,2,1,0.0357142857142857,0.490909090909091,77.4003602481656,0.0355534105534104,1,FALSE
"Paramonacanthus sulcatus filovirus","Caligus sp. RWXLT",2,2,1,0.0357142857142857,0.490909090909091,77.4003602481656,0.0355534105534104,1,FALSE
"Nanhai papillomavirus HM","Gymnothorax reevesii picornavirus",1,4,1,0.0357142857142857,0.493196961916072,Inf,0.0357142857142859,1,FALSE
"Nanhai reo-like virus 5","Pseudoloma sp. FJ",5,1,1,0.0446428571428571,0.439081760942985,Inf,0.0446428571428571,1,FALSE
"Nanhai reo-like virus 6","Pseudoloma sp. FJ",5,1,1,0.0446428571428571,0.439081760942985,Inf,0.0446428571428571,1,FALSE
"Aliivibrio fischeri","Pseudoloma sp. FJ",5,1,1,0.0446428571428571,0.439081760942985,Inf,0.0446428571428571,1,FALSE
"Nanhai circo-like virus 2","Nanhai reo-like virus 6",1,5,1,0.0446428571428571,0.439081760942985,Inf,0.0446428571428573,1,FALSE
"Nanhai reo-like virus 1","Nanhai reo-like virus 5",1,5,1,0.0446428571428571,0.439081760942985,Inf,0.0446428571428573,1,FALSE
"Nanhai reo-like virus 1","Nanhai reo-like virus 6",1,5,1,0.0446428571428571,0.439081760942985,Inf,0.0446428571428573,1,FALSE
"Nanhai retrovirus 2","Hydatigera sp. SDYY",2,3,1,0.0535714285714286,0.395203378419455,44.2947127555235,0.0530888030888031,1,FALSE
"Paramonacanthus sulcatus filovirus","Acinetobacter johnsonii",2,3,1,0.0535714285714286,0.395203378419455,44.2947127555235,0.0530888030888031,1,FALSE
"Paramonacanthus sulcatus filovirus","Photobacterium damselae",2,3,1,0.0535714285714286,0.395203378419455,44.2947127555235,0.0530888030888031,1,FALSE
"Nanhai reo-like virus 2","Asian seabass Nervous Necrosis Virus",2,3,1,0.0535714285714286,0.395203378419455,44.2947127555235,0.0530888030888031,1,FALSE
"Acinetobacter johnsonii","Photobacterium sp. QLXSD",3,2,1,0.0535714285714286,0.395203378419455,44.2947127555236,0.0530888030888033,1,FALSE
"Acinetobacter johnsonii","Caligus sp. RWXLT",3,2,1,0.0535714285714286,0.395203378419455,44.2947127555236,0.0530888030888033,1,FALSE
"Vibrio sp. Y","Caligus sp. RWXLT",3,2,1,0.0535714285714286,0.395203378419455,44.2947127555236,0.0530888030888033,1,FALSE
"Marble sleepy goby iridovirus","Taeniidae sp. QLXSDD",2,4,1,0.0714285714285714,0.337349542469993,31.0169870261916,0.0704633204633207,1,FALSE
"Nanhai retrovirus 2","Taeniidae sp. QLXSDD",2,4,1,0.0714285714285714,0.337349542469993,31.0169870261916,0.0704633204633207,1,FALSE
"Vibrio ponticus","Photobacterium swingsii",8,1,1,0.0714285714285714,0.342223782220227,Inf,0.0714285714285713,1,FALSE
"Vibrio ponticus","Pseudoloma sp. FJ",8,1,1,0.0714285714285714,0.342223782220227,Inf,0.0714285714285713,1,FALSE
"Vibrio ponticus","Eimeriorina sp. RWXLT",8,1,1,0.0714285714285714,0.342223782220227,Inf,0.0714285714285713,1,FALSE
"Photobacterium sp.","Besnoitia sp. HKL",8,1,1,0.0714285714285714,0.342223782220227,Inf,0.0714285714285713,1,FALSE
"Photobacterium sp.","Taeniidae sp. LZY",8,1,1,0.0714285714285714,0.342223782220227,Inf,0.0714285714285713,1,FALSE
"Nanhai papillomavirus ZBTTT","Vibrio ponticus",1,8,1,0.0714285714285714,0.342223782220227,Inf,0.0714285714285714,1,FALSE
"Pseudomonas aeruginosa","Photobacterium sp.",1,8,1,0.0714285714285714,0.342223782220227,Inf,0.0714285714285714,1,FALSE
"Acinetobacter johnsonii","Toxocara sp. CTSZ",3,19,2,0.508928571428571,0.219697097870016,10.4621405228081,0.0740259740259741,1,FALSE
"Photobacterium damselae","Clostridium sp. Y",3,3,1,0.0803571428571429,0.314984709480122,23.6797245741274,0.0789136539136537,1,FALSE
"Hydatigera sp. SDYY","Taeniidae sp. HBSZ",3,3,1,0.0803571428571429,0.314984709480122,23.6797245741274,0.0789136539136537,1,FALSE
"Aliivibrio fischeri","Caligus sp. RWXLT",5,2,1,0.0892857142857143,0.297311659037835,23.8143824804395,0.0876769626769625,1,FALSE
"Paramonacanthus sulcatus filovirus","Nanhai reo-like virus 5",2,5,1,0.0892857142857143,0.297311659037835,23.8143824804395,0.0876769626769628,1,FALSE
"Paramonacanthus sulcatus filovirus","Nanhai reo-like virus 6",2,5,1,0.0892857142857143,0.297311659037835,23.8143824804395,0.0876769626769628,1,FALSE
"Paramonacanthus sulcatus filovirus","Aliivibrio fischeri",2,5,1,0.0892857142857143,0.297311659037835,23.8143824804395,0.0876769626769628,1,FALSE
"Taeniidae sp. QLXSDD","Taeniidae sp. HBSZ",4,3,1,0.107142857142857,0.266062857005875,16.2011053417412,0.104264654264654,1,FALSE
"Nanhai reo-like virus 5","Asian seabass Nervous Necrosis Virus",5,3,1,0.133928571428571,0.231910796199828,12.2822933617651,0.129146191646192,1,FALSE
"Nanhai reo-like virus 5","Acinetobacter johnsonii",5,3,1,0.133928571428571,0.231910796199828,12.2822933617651,0.129146191646192,1,FALSE
"Nanhai reo-like virus 5","Vibrio sp. Y",5,3,1,0.133928571428571,0.231910796199828,12.2822933617651,0.129146191646192,1,FALSE
"Nanhai reo-like virus 5","Hydatigera sp. SDYY",5,3,1,0.133928571428571,0.231910796199828,12.2822933617651,0.129146191646192,1,FALSE
"Nanhai reo-like virus 5","Taeniidae sp. HBSZ",5,3,1,0.133928571428571,0.231910796199828,12.2822933617651,0.129146191646192,1,FALSE
"Nanhai reo-like virus 6","Asian seabass Nervous Necrosis Virus",5,3,1,0.133928571428571,0.231910796199828,12.2822933617651,0.129146191646192,1,FALSE
"Nanhai reo-like virus 6","Acinetobacter johnsonii",5,3,1,0.133928571428571,0.231910796199828,12.2822933617651,0.129146191646192,1,FALSE
"Nanhai reo-like virus 6","Vibrio sp. Y",5,3,1,0.133928571428571,0.231910796199828,12.2822933617651,0.129146191646192,1,FALSE
"Aliivibrio fischeri","Photobacterium damselae",5,3,1,0.133928571428571,0.231910796199828,12.2822933617651,0.129146191646192,1,FALSE
"Photobacterium sp.","Toxocara sp. CTSZ",8,19,3,1.35714285714286,0.151753209558742,3.25291255528938,0.133139868290215,1,FALSE
"Paramonacanthus sulcatus filovirus","Vibrio ponticus",2,8,1,0.142857142857143,0.22438727760203,13.8306148097747,0.138352638352638,1,FALSE
"Arius arius calicivirus","Vibrio ponticus",2,8,1,0.142857142857143,0.22438727760203,13.8306148097747,0.138352638352638,1,FALSE
"Vibrio ponticus","Caligus sp. RWXLT",8,2,1,0.142857142857143,0.22438727760203,13.8306148097747,0.138352638352638,1,FALSE
"Nanhai reo-like virus 5","Taeniidae sp. QLXSDD",5,4,1,0.178571428571429,0.191367887581405,8.27160933645704,0.169093614047742,1,FALSE
"Nanhai circo-like virus 2","Toxocara sp. CTSZ",1,19,1,0.169642857142857,0.209992210110886,Inf,0.169642857142857,1,FALSE
"Nanhai parvovirus LTY1","Toxocara sp. CTSZ",1,19,1,0.169642857142857,0.209992210110886,Inf,0.169642857142857,1,FALSE
"Nanhai astrovirus LZMB","Toxocara sp. CTSZ",1,19,1,0.169642857142857,0.209992210110886,Inf,0.169642857142857,1,FALSE
"Nanhai filovirus 3","Toxocara sp. CTSZ",1,19,1,0.169642857142857,0.209992210110886,Inf,0.169642857142857,1,FALSE
"Nanhai rhabdovirus 1","Toxocara sp. CTSZ",1,19,1,0.169642857142857,0.209992210110886,Inf,0.169642857142857,1,FALSE
"Nanhai paramyxovirus 2","Toxocara sp. CTSZ",1,19,1,0.169642857142857,0.209992210110886,Inf,0.169642857142857,1,FALSE
"Psenopsis anomala picornavirus","Toxocara sp. CTSZ",1,19,1,0.169642857142857,0.209992210110886,Inf,0.169642857142857,1,FALSE
"Polydactylus sextarius picornavirus","Toxocara sp. CTSZ",1,19,1,0.169642857142857,0.209992210110886,Inf,0.169642857142857,1,FALSE
"Nanhai reo-like virus 1","Toxocara sp. CTSZ",1,19,1,0.169642857142857,0.209992210110886,Inf,0.169642857142857,1,FALSE
"Pseudomonas aeruginosa","Toxocara sp. CTSZ",1,19,1,0.169642857142857,0.209992210110886,Inf,0.169642857142857,1,FALSE
"Photobacterium swingsii","Toxocara sp. CTSZ",1,19,1,0.169642857142857,0.209992210110886,Inf,0.169642857142857,1,FALSE
"Toxocara sp. CTSZ","Toxocara sp. LYS",19,1,1,0.169642857142857,0.209992210110886,Inf,0.169642857142858,1,FALSE
"Toxocara sp. CTSZ","Cystoisospora sp. DSLT-2",19,1,1,0.169642857142857,0.209992210110886,Inf,0.169642857142858,1,FALSE
"Toxocara sp. CTSZ","Sarcocystidae sp. DSLT",19,1,1,0.169642857142857,0.209992210110886,Inf,0.169642857142858,1,FALSE
"Toxocara sp. CTSZ","Taeniidae sp. LZY",19,1,1,0.169642857142857,0.209992210110886,Inf,0.169642857142858,1,FALSE
"Toxocara sp. CTSZ","Eimeriorina sp. RWXLT",19,1,1,0.169642857142857,0.209992210110886,Inf,0.169642857142858,1,FALSE
"Nanhai reo-like virus 5","Toxocara sp. CTSZ",5,19,2,0.848214285714286,0.132676664421234,3.47484779443593,0.199081066053543,1,FALSE
"Photobacterium sp.","Hydatigera sp. SDYY",8,3,1,0.214285714285714,0.168712450190293,7.01748336952174,0.201017901017901,1,FALSE
"Acinetobacter johnsonii","Photobacterium sp.",3,8,1,0.214285714285714,0.168712450190293,7.01748336952173,0.201017901017901,1,FALSE
"Nanhai reo-like virus 5","Aliivibrio fischeri",5,5,1,0.223214285714286,0.162616822429907,6.21398764733421,0.207561502286273,1,FALSE
"Nanhai reo-like virus 6","Aliivibrio fischeri",5,5,1,0.223214285714286,0.162616822429907,6.21398764733421,0.207561502286273,1,FALSE
"Photobacterium sp.","Taeniidae sp. QLXSDD",8,4,1,0.285714285714286,0.133440128170906,4.68831741384269,0.259658789016587,1,FALSE
"Paramonacanthus sulcatus filovirus","Toxocara sp. CTSZ",2,19,1,0.339285714285714,0.118686713612198,5.00190091324026,0.311776061776062,1,FALSE
"Nanhai reo-like virus 2","Toxocara sp. CTSZ",2,19,1,0.339285714285714,0.118686713612198,5.00190091324026,0.311776061776062,1,FALSE
"Photobacterium sp. QLXSD","Toxocara sp. CTSZ",2,19,1,0.339285714285714,0.118686713612198,5.00190091324026,0.311776061776062,1,FALSE
"Toxocara sp. CTSZ","Caligus sp. RWXLT",19,2,1,0.339285714285714,0.118686713612198,5.00190091324026,0.311776061776062,1,FALSE
"Nanhai reo-like virus 5","Vibrio ponticus",5,8,1,0.357142857142857,0.107918013452834,3.50624217748889,0.314498878719062,1,FALSE
"Nanhai reo-like virus 6","Vibrio ponticus",5,8,1,0.357142857142857,0.107918013452834,3.50624217748889,0.314498878719062,1,FALSE
"Photobacterium damselae","Toxocara sp. CTSZ",3,19,1,0.508928571428571,0.0723553316338375,2.5007743596301,0.430651105651106,1,FALSE
"Toxocara sp. CTSZ","Hydatigera sp. SDYY",19,3,1,0.508928571428571,0.0723553316338375,2.5007743596301,0.430651105651106,1,FALSE
"Toxocara sp. CTSZ","Taeniidae sp. QLXSDD",19,4,1,0.678571428571429,0.0412042821715165,1.65785651458827,0.529895408335775,1,FALSE
"Vibrio ponticus","Toxocara sp. CTSZ",8,19,1,1.35714285714286,-0.032989828164944,0.684629345468628,0.78581839028292,1,FALSE
"Osteomugil cunnesius hepadna-like virus","Nanhai hepadna-like virus 1",1,1,0,0.00892857142857143,-0.00900900900900901,0,1,1,FALSE
"Osteomugil cunnesius hepadna-like virus","Nanhai circo-like virus 2",1,1,0,0.00892857142857143,-0.00900900900900901,0,1,1,FALSE
"Osteomugil cunnesius hepadna-like virus","Nanhai parvovirus LTY1",1,1,0,0.00892857142857143,-0.00900900900900901,0,1,1,FALSE
"Osteomugil cunnesius hepadna-like virus","Marble sleepy goby iridovirus",1,2,0,0.0178571428571429,-0.0127984438038444,0,1,1,FALSE
"Osteomugil cunnesius hepadna-like virus","Nanhai papillomavirus ZBTTT",1,1,0,0.00892857142857143,-0.00900900900900901,0,1,1,FALSE
"Osteomugil cunnesius hepadna-like virus","Nanhai papillomavirus HM",1,1,0,0.00892857142857143,-0.00900900900900901,0,1,1,FALSE
"Osteomugil cunnesius hepadna-like virus","Nanhai retrovirus 1",1,3,0,0.0267857142857143,-0.015746567130481,0,1,1,FALSE
"Osteomugil cunnesius hepadna-like virus","Nanhai retrovirus 2",1,2,0,0.0178571428571429,-0.0127984438038444,0,1,1,FALSE
"Osteomugil cunnesius hepadna-like virus","Wenzhou pacific spadenose shark astrovirus 2",1,1,0,0.00892857142857143,-0.00900900900900901,0,1,1,FALSE
"Osteomugil cunnesius hepadna-like virus","Nanhai astrovirus LZMB",1,1,0,0.00892857142857143,-0.00900900900900901,0,1,1,FALSE
"Osteomugil cunnesius hepadna-like virus","Odontamblyopus rubicundus hepacivirus",1,2,0,0.0178571428571429,-0.0127984438038444,0,1,1,FALSE
"Osteomugil cunnesius hepadna-like virus","Johnius belangerii hepacivirus",1,1,0,0.00892857142857143,-0.00900900900900901,0,1,1,FALSE
"Osteomugil cunnesius hepadna-like virus","Telatrygon zugei hepacivirus",1,1,0,0.00892857142857143,-0.00900900900900901,0,1,1,FALSE
"Osteomugil cunnesius hepadna-like virus","Bombay duck fish bornavirus",1,2,0,0.0178571428571429,-0.0127984438038444,0,1,1,FALSE
"Osteomugil cunnesius hepadna-like virus","Paramonacanthus sulcatus filovirus",1,2,0,0.0178571428571429,-0.0127984438038444,0,1,1,FALSE
"Osteomugil cunnesius hepadna-like virus","Nanhai filovirus 2",1,1,0,0.00892857142857143,-0.00900900900900901,0,1,1,FALSE
"Osteomugil cunnesius hepadna-like virus","Nanhai filovirus 3",1,1,0,0.00892857142857143,-0.00900900900900901,0,1,1,FALSE
"Osteomugil cunnesius hepadna-like virus","Nanhai rhabdovirus 1",1,1,0,0.00892857142857143,-0.00900900900900901,0,1,1,FALSE
"Osteomugil cunnesius hepadna-like virus","Nanhai paramyxovirus 1",1,1,0,0.00892857142857143,-0.00900900900900901,0,1,1,FALSE
"Osteomugil cunnesius hepadna-like virus","Nanhai paramyxovirus 2",1,1,0,0.00892857142857143,-0.00900900900900901,0,1,1,FALSE
"Osteomugil cunnesius hepadna-like virus","Psenopsis anomala artervirus",1,1,0,0.00892857142857143,-0.00900900900900901,0,1,1,FALSE
"Osteomugil cunnesius hepadna-like virus","Nanhai amnoonvirus 1",1,1,0,0.00892857142857143,-0.00900900900900901,0,1,1,FALSE
"Osteomugil cunnesius hepadna-like virus","Arius arius calicivirus",1,2,0,0.0178571428571429,-0.0127984438038444,0,1,1,FALSE
"Osteomugil cunnesius hepadna-like virus","Psenopsis anomala picornavirus",1,1,0,0.00892857142857143,-0.00900900900900901,0,1,1,FALSE
"Osteomugil cunnesius hepadna-like virus","Leiognathus ruconius picornavirus",1,2,0,0.0178571428571429,-0.0127984438038444,0,1,1,FALSE
"Osteomugil cunnesius hepadna-like virus","Polydactylus sextarius picornavirus",1,1,0,0.00892857142857143,-0.00900900900900901,0,1,1,FALSE
"Osteomugil cunnesius hepadna-like virus","Bregmaceros mcclellandi picornavirus",1,1,0,0.00892857142857143,-0.00900900900900901,0,1,1,FALSE
"Osteomugil cunnesius hepadna-like virus","Gymnothorax reevesii picornavirus",1,4,0,0.0357142857142857,-0.0182665541450397,0,1,1,FALSE
"Osteomugil cunnesius hepadna-like virus","Micropterus salmoides reovirus",1,1,0,0.00892857142857143,-0.00900900900900901,0,1,1,FALSE
"Osteomugil cunnesius hepadna-like virus","Wenzhou pacific spadenose shark reovirus 2",1,1,0,0.00892857142857143,-0.00900900900900901,0,1,1,FALSE
"Osteomugil cunnesius hepadna-like virus","Nanhai reo-like virus 1",1,1,0,0.00892857142857143,-0.00900900900900901,0,1,1,FALSE
"Osteomugil cunnesius hepadna-like virus","Nanhai reo-like virus 2",1,2,0,0.0178571428571429,-0.0127984438038444,0,1,1,FALSE
"Osteomugil cunnesius hepadna-like virus","Nanhai reo-like virus 4",1,2,0,0.0178571428571429,-0.0127984438038444,0,1,1,FALSE
"Osteomugil cunnesius hepadna-like virus","Nanhai reo-like virus 5",1,5,0,0.0446428571428571,-0.0205178392964012,0,1,1,FALSE
"Osteomugil cunnesius hepadna-like virus","Nanhai reo-like virus 6",1,5,0,0.0446428571428571,-0.0205178392964012,0,1,1,FALSE
"Osteomugil cunnesius hepadna-like virus","Nanhai reo-like virus 7",1,2,0,0.0178571428571429,-0.0127984438038444,0,1,1,FALSE
"Osteomugil cunnesius hepadna-like virus","Asian seabass Nervous Necrosis Virus",1,3,0,0.0267857142857143,-0.015746567130481,0,1,1,FALSE
"Osteomugil cunnesius hepadna-like virus","Aliivibrio fischeri",1,5,0,0.0446428571428571,-0.0205178392964012,0,1,1,FALSE
"Osteomugil cunnesius hepadna-like virus","Acinetobacter johnsonii",1,3,0,0.0267857142857143,-0.015746567130481,0,1,1,FALSE
"Osteomugil cunnesius hepadna-like virus","Pseudomonas aeruginosa",1,1,0,0.00892857142857143,-0.00900900900900901,0,1,1,FALSE
"Osteomugil cunnesius hepadna-like virus","Vibrio ponticus",1,8,0,0.0714285714285714,-0.0263249063246328,0,1,1,FALSE
"Osteomugil cunnesius hepadna-like virus","Photobacterium swingsii",1,1,0,0.00892857142857143,-0.00900900900900901,0,1,1,FALSE
"Osteomugil cunnesius hepadna-like virus","Photobacterium damselae",1,3,0,0.0267857142857143,-0.015746567130481,0,1,1,FALSE
"Osteomugil cunnesius hepadna-like virus","Photobacterium sp. QLXSD",1,2,0,0.0178571428571429,-0.0127984438038444,0,1,1,FALSE
"Osteomugil cunnesius hepadna-like virus","Clostridium sp. Y",1,3,0,0.0267857142857143,-0.015746567130481,0,1,1,FALSE
"Osteomugil cunnesius hepadna-like virus","Photobacterium sp.",1,8,0,0.0714285714285714,-0.0263249063246328,0,1,1,FALSE
"Osteomugil cunnesius hepadna-like virus","Vibrio sp. Y",1,3,0,0.0267857142857143,-0.015746567130481,0,1,1,FALSE
"Osteomugil cunnesius hepadna-like virus","Clostridium sp. SQHN",1,1,0,0.00892857142857143,-0.00900900900900901,0,1,1,FALSE
"Osteomugil cunnesius hepadna-like virus","Pseudoloma sp. FJ",1,1,0,0.00892857142857143,-0.00900900900900901,0,1,1,FALSE
"Osteomugil cunnesius hepadna-like virus","Glugea plecoglossi",1,2,0,0.0178571428571429,-0.0127984438038444,0,1,1,FALSE
"Osteomugil cunnesius hepadna-like virus","Toxocara sp. CTSZ",1,19,0,0.169642857142857,-0.0429016343237295,0,1,1,FALSE
"Osteomugil cunnesius hepadna-like virus","Lepeophtheirus sp. SQHN",1,1,0,0.00892857142857143,-0.00900900900900901,0,1,1,FALSE
"Osteomugil cunnesius hepadna-like virus","Toxoplasma sp. LZY",1,1,0,0.00892857142857143,-0.00900900900900901,0,1,1,FALSE
"Osteomugil cunnesius hepadna-like virus","Toxocara sp. LYS",1,1,0,0.00892857142857143,-0.00900900900900901,0,1,1,FALSE
"Osteomugil cunnesius hepadna-like virus","Besnoitia sp. HKL",1,1,0,0.00892857142857143,-0.00900900900900901,0,1,1,FALSE
"Osteomugil cunnesius hepadna-like virus","Caligus sp. RWXLT",1,2,0,0.0178571428571429,-0.0127984438038444,0,1,1,FALSE
"Osteomugil cunnesius hepadna-like virus","Hydatigera sp. SDYY",1,3,0,0.0267857142857143,-0.015746567130481,0,1,1,FALSE
"Osteomugil cunnesius hepadna-like virus","Cystoisospora sp. DSLT-2",1,1,0,0.00892857142857143,-0.00900900900900901,0,1,1,FALSE
"Osteomugil cunnesius hepadna-like virus","Sarcocystidae sp. DSLT",1,1,0,0.00892857142857143,-0.00900900900900901,0,1,1,FALSE
"Osteomugil cunnesius hepadna-like virus","Sarcocystidae sp. SZMB",1,1,0,0.00892857142857143,-0.00900900900900901,0,1,1,FALSE
"Osteomugil cunnesius hepadna-like virus","Toxocaridae sp. Z",1,1,0,0.00892857142857143,-0.00900900900900901,0,1,1,FALSE
"Osteomugil cunnesius hepadna-like virus","Eimeria sp. SZMB",1,1,0,0.00892857142857143,-0.00900900900900901,0,1,1,FALSE
"Osteomugil cunnesius hepadna-like virus","Taeniidae sp. QLXSDD",1,4,0,0.0357142857142857,-0.0182665541450397,0,1,1,FALSE
"Osteomugil cunnesius hepadna-like virus","Taeniidae sp. LZY",1,1,0,0.00892857142857143,-0.00900900900900901,0,1,1,FALSE
"Osteomugil cunnesius hepadna-like virus","Taeniidae sp. HBSZ",1,3,0,0.0267857142857143,-0.015746567130481,0,1,1,FALSE
"Osteomugil cunnesius hepadna-like virus","Opisthorchiidae sp. SZMB",1,1,0,0.00892857142857143,-0.00900900900900901,0,1,1,FALSE
"Osteomugil cunnesius hepadna-like virus","Eimeriorina sp. RWXLT",1,1,0,0.00892857142857143,-0.00900900900900901,0,1,1,FALSE
"Nanhai hepadna-like virus 1","Nanhai circo-like virus 2",1,1,0,0.00892857142857143,-0.00900900900900901,0,1,1,FALSE
"Nanhai hepadna-like virus 1","Nanhai parvovirus LTY1",1,1,0,0.00892857142857143,-0.00900900900900901,0,1,1,FALSE
"Nanhai hepadna-like virus 1","Marble sleepy goby iridovirus",1,2,0,0.0178571428571429,-0.0127984438038444,0,1,1,FALSE
"Nanhai hepadna-like virus 1","Nanhai papillomavirus ZBTTT",1,1,0,0.00892857142857143,-0.00900900900900901,0,1,1,FALSE
"Nanhai hepadna-like virus 1","Nanhai papillomavirus HM",1,1,0,0.00892857142857143,-0.00900900900900901,0,1,1,FALSE
"Nanhai hepadna-like virus 1","Nanhai retrovirus 1",1,3,0,0.0267857142857143,-0.015746567130481,0,1,1,FALSE
"Nanhai hepadna-like virus 1","Nanhai retrovirus 2",1,2,0,0.0178571428571429,-0.0127984438038444,0,1,1,FALSE
"Nanhai hepadna-like virus 1","Wenzhou pacific spadenose shark astrovirus 2",1,1,0,0.00892857142857143,-0.00900900900900901,0,1,1,FALSE
"Nanhai hepadna-like virus 1","Nanhai astrovirus LZMB",1,1,0,0.00892857142857143,-0.00900900900900901,0,1,1,FALSE
"Nanhai hepadna-like virus 1","Odontamblyopus rubicundus hepacivirus",1,2,0,0.0178571428571429,-0.0127984438038444,0,1,1,FALSE
"Nanhai hepadna-like virus 1","Johnius belangerii hepacivirus",1,1,0,0.00892857142857143,-0.00900900900900901,0,1,1,FALSE
"Nanhai hepadna-like virus 1","Telatrygon zugei hepacivirus",1,1,0,0.00892857142857143,-0.00900900900900901,0,1,1,FALSE
"Nanhai hepadna-like virus 1","Bombay duck fish bornavirus",1,2,0,0.0178571428571429,-0.0127984438038444,0,1,1,FALSE
"Nanhai hepadna-like virus 1","Paramonacanthus sulcatus filovirus",1,2,0,0.0178571428571429,-0.0127984438038444,0,1,1,FALSE
"Nanhai hepadna-like virus 1","Nanhai filovirus 2",1,1,0,0.00892857142857143,-0.00900900900900901,0,1,1,FALSE
"Nanhai hepadna-like virus 1","Nanhai filovirus 3",1,1,0,0.00892857142857143,-0.00900900900900901,0,1,1,FALSE
"Nanhai hepadna-like virus 1","Nanhai rhabdovirus 1",1,1,0,0.00892857142857143,-0.00900900900900901,0,1,1,FALSE
"Nanhai hepadna-like virus 1","Nanhai paramyxovirus 1",1,1,0,0.00892857142857143,-0.00900900900900901,0,1,1,FALSE
"Nanhai hepadna-like virus 1","Nanhai paramyxovirus 2",1,1,0,0.00892857142857143,-0.00900900900900901,0,1,1,FALSE
"Nanhai hepadna-like virus 1","Psenopsis anomala artervirus",1,1,0,0.00892857142857143,-0.00900900900900901,0,1,1,FALSE
"Nanhai hepadna-like virus 1","Nanhai amnoonvirus 1",1,1,0,0.00892857142857143,-0.00900900900900901,0,1,1,FALSE
"Nanhai hepadna-like virus 1","Arius arius calicivirus",1,2,0,0.0178571428571429,-0.0127984438038444,0,1,1,FALSE
"Nanhai hepadna-like virus 1","Psenopsis anomala picornavirus",1,1,0,0.00892857142857143,-0.00900900900900901,0,1,1,FALSE
"Nanhai hepadna-like virus 1","Leiognathus ruconius picornavirus",1,2,0,0.0178571428571429,-0.0127984438038444,0,1,1,FALSE
"Nanhai hepadna-like virus 1","Polydactylus sextarius picornavirus",1,1,0,0.00892857142857143,-0.00900900900900901,0,1,1,FALSE
"Nanhai hepadna-like virus 1","Bregmaceros mcclellandi picornavirus",1,1,0,0.00892857142857143,-0.00900900900900901,0,1,1,FALSE
"Nanhai hepadna-like virus 1","Gymnothorax reevesii picornavirus",1,4,0,0.0357142857142857,-0.0182665541450397,0,1,1,FALSE
"Nanhai hepadna-like virus 1","Micropterus salmoides reovirus",1,1,0,0.00892857142857143,-0.00900900900900901,0,1,1,FALSE
"Nanhai hepadna-like virus 1","Wenzhou pacific spadenose shark reovirus 2",1,1,0,0.00892857142857143,-0.00900900900900901,0,1,1,FALSE
"Nanhai hepadna-like virus 1","Nanhai reo-like virus 1",1,1,0,0.00892857142857143,-0.00900900900900901,0,1,1,FALSE
"Nanhai hepadna-like virus 1","Nanhai reo-like virus 2",1,2,0,0.0178571428571429,-0.0127984438038444,0,1,1,FALSE
"Nanhai hepadna-like virus 1","Nanhai reo-like virus 4",1,2,0,0.0178571428571429,-0.0127984438038444,0,1,1,FALSE
"Nanhai hepadna-like virus 1","Nanhai reo-like virus 5",1,5,0,0.0446428571428571,-0.0205178392964012,0,1,1,FALSE
"Nanhai hepadna-like virus 1","Nanhai reo-like virus 6",1,5,0,0.0446428571428571,-0.0205178392964012,0,1,1,FALSE
"Nanhai hepadna-like virus 1","Nanhai reo-like virus 7",1,2,0,0.0178571428571429,-0.0127984438038444,0,1,1,FALSE
"Nanhai hepadna-like virus 1","Asian seabass Nervous Necrosis Virus",1,3,0,0.0267857142857143,-0.015746567130481,0,1,1,FALSE
"Nanhai hepadna-like virus 1","Aliivibrio fischeri",1,5,0,0.0446428571428571,-0.0205178392964012,0,1,1,FALSE
"Nanhai hepadna-like virus 1","Acinetobacter johnsonii",1,3,0,0.0267857142857143,-0.015746567130481,0,1,1,FALSE
"Nanhai hepadna-like virus 1","Pseudomonas aeruginosa",1,1,0,0.00892857142857143,-0.00900900900900901,0,1,1,FALSE
"Nanhai hepadna-like virus 1","Vibrio ponticus",1,8,0,0.0714285714285714,-0.0263249063246328,0,1,1,FALSE
"Nanhai hepadna-like virus 1","Photobacterium swingsii",1,1,0,0.00892857142857143,-0.00900900900900901,0,1,1,FALSE
"Nanhai hepadna-like virus 1","Photobacterium damselae",1,3,0,0.0267857142857143,-0.015746567130481,0,1,1,FALSE
"Nanhai hepadna-like virus 1","Photobacterium sp. QLXSD",1,2,0,0.0178571428571429,-0.0127984438038444,0,1,1,FALSE
"Nanhai hepadna-like virus 1","Clostridium sp. Y",1,3,0,0.0267857142857143,-0.015746567130481,0,1,1,FALSE
"Nanhai hepadna-like virus 1","Photobacterium sp.",1,8,0,0.0714285714285714,-0.0263249063246328,0,1,1,FALSE
"Nanhai hepadna-like virus 1","Vibrio sp. Y",1,3,0,0.0267857142857143,-0.015746567130481,0,1,1,FALSE
"Nanhai hepadna-like virus 1","Clostridium sp. SQHN",1,1,0,0.00892857142857143,-0.00900900900900901,0,1,1,FALSE
"Nanhai hepadna-like virus 1","Pseudoloma sp. FJ",1,1,0,0.00892857142857143,-0.00900900900900901,0,1,1,FALSE
"Nanhai hepadna-like virus 1","Glugea plecoglossi",1,2,0,0.0178571428571429,-0.0127984438038444,0,1,1,FALSE
"Nanhai hepadna-like virus 1","Toxocara sp. CTSZ",1,19,0,0.169642857142857,-0.0429016343237295,0,1,1,FALSE
"Nanhai hepadna-like virus 1","Lepeophtheirus sp. SQHN",1,1,0,0.00892857142857143,-0.00900900900900901,0,1,1,FALSE
"Nanhai hepadna-like virus 1","Toxoplasma sp. LZY",1,1,0,0.00892857142857143,-0.00900900900900901,0,1,1,FALSE
"Nanhai hepadna-like virus 1","Toxocara sp. LYS",1,1,0,0.00892857142857143,-0.00900900900900901,0,1,1,FALSE
"Nanhai hepadna-like virus 1","Besnoitia sp. HKL",1,1,0,0.00892857142857143,-0.00900900900900901,0,1,1,FALSE
"Nanhai hepadna-like virus 1","Caligus sp. RWXLT",1,2,0,0.0178571428571429,-0.0127984438038444,0,1,1,FALSE
"Nanhai hepadna-like virus 1","Hydatigera sp. SDYY",1,3,0,0.0267857142857143,-0.015746567130481,0,1,1,FALSE
"Nanhai hepadna-like virus 1","Cystoisospora sp. DSLT-2",1,1,0,0.00892857142857143,-0.00900900900900901,0,1,1,FALSE
"Nanhai hepadna-like virus 1","Sarcocystidae sp. DSLT",1,1,0,0.00892857142857143,-0.00900900900900901,0,1,1,FALSE
"Nanhai hepadna-like virus 1","Sarcocystidae sp. SZMB",1,1,0,0.00892857142857143,-0.00900900900900901,0,1,1,FALSE
"Nanhai hepadna-like virus 1","Toxocaridae sp. Z",1,1,0,0.00892857142857143,-0.00900900900900901,0,1,1,FALSE
"Nanhai hepadna-like virus 1","Eimeria sp. SZMB",1,1,0,0.00892857142857143,-0.00900900900900901,0,1,1,FALSE
"Nanhai hepadna-like virus 1","Taeniidae sp. QLXSDD",1,4,0,0.0357142857142857,-0.0182665541450397,0,1,1,FALSE
"Nanhai hepadna-like virus 1","Taeniidae sp. LZY",1,1,0,0.00892857142857143,-0.00900900900900901,0,1,1,FALSE
"Nanhai hepadna-like virus 1","Taeniidae sp. HBSZ",1,3,0,0.0267857142857143,-0.015746567130481,0,1,1,FALSE
"Nanhai hepadna-like virus 1","Opisthorchiidae sp. SZMB",1,1,0,0.00892857142857143,-0.00900900900900901,0,1,1,FALSE
"Nanhai hepadna-like virus 1","Eimeriorina sp. RWXLT",1,1,0,0.00892857142857143,-0.00900900900900901,0,1,1,FALSE
"Nanhai circo-like virus 2","Nanhai parvovirus LTY1",1,1,0,0.00892857142857143,-0.00900900900900901,0,1,1,FALSE
"Nanhai circo-like virus 2","Marble sleepy goby iridovirus",1,2,0,0.0178571428571429,-0.0127984438038444,0,1,1,FALSE
"Nanhai circo-like virus 2","Nanhai papillomavirus ZBTTT",1,1,0,0.00892857142857143,-0.00900900900900901,0,1,1,FALSE
"Nanhai circo-like virus 2","Nanhai papillomavirus HM",1,1,0,0.00892857142857143,-0.00900900900900901,0,1,1,FALSE
"Nanhai circo-like virus 2","Nanhai retrovirus 1",1,3,0,0.0267857142857143,-0.015746567130481,0,1,1,FALSE
"Nanhai circo-like virus 2","Nanhai retrovirus 2",1,2,0,0.0178571428571429,-0.0127984438038444,0,1,1,FALSE
"Nanhai circo-like virus 2","Wenzhou pacific spadenose shark astrovirus 2",1,1,0,0.00892857142857143,-0.00900900900900901,0,1,1,FALSE
"Nanhai circo-like virus 2","Nanhai astrovirus LZMB",1,1,0,0.00892857142857143,-0.00900900900900901,0,1,1,FALSE
"Nanhai circo-like virus 2","Odontamblyopus rubicundus hepacivirus",1,2,0,0.0178571428571429,-0.0127984438038444,0,1,1,FALSE
"Nanhai circo-like virus 2","Johnius belangerii hepacivirus",1,1,0,0.00892857142857143,-0.00900900900900901,0,1,1,FALSE
"Nanhai circo-like virus 2","Telatrygon zugei hepacivirus",1,1,0,0.00892857142857143,-0.00900900900900901,0,1,1,FALSE
"Nanhai circo-like virus 2","Bombay duck fish bornavirus",1,2,0,0.0178571428571429,-0.0127984438038444,0,1,1,FALSE
"Nanhai circo-like virus 2","Paramonacanthus sulcatus filovirus",1,2,0,0.0178571428571429,-0.0127984438038444,0,1,1,FALSE
"Nanhai circo-like virus 2","Nanhai filovirus 2",1,1,0,0.00892857142857143,-0.00900900900900901,0,1,1,FALSE
"Nanhai circo-like virus 2","Nanhai filovirus 3",1,1,0,0.00892857142857143,-0.00900900900900901,0,1,1,FALSE
"Nanhai circo-like virus 2","Nanhai rhabdovirus 1",1,1,0,0.00892857142857143,-0.00900900900900901,0,1,1,FALSE
"Nanhai circo-like virus 2","Nanhai paramyxovirus 1",1,1,0,0.00892857142857143,-0.00900900900900901,0,1,1,FALSE
"Nanhai circo-like virus 2","Nanhai paramyxovirus 2",1,1,0,0.00892857142857143,-0.00900900900900901,0,1,1,FALSE
"Nanhai circo-like virus 2","Psenopsis anomala artervirus",1,1,0,0.00892857142857143,-0.00900900900900901,0,1,1,FALSE
"Nanhai circo-like virus 2","Nanhai amnoonvirus 1",1,1,0,0.00892857142857143,-0.00900900900900901,0,1,1,FALSE
"Nanhai circo-like virus 2","Arius arius calicivirus",1,2,0,0.0178571428571429,-0.0127984438038444,0,1,1,FALSE
"Nanhai circo-like virus 2","Psenopsis anomala picornavirus",1,1,0,0.00892857142857143,-0.00900900900900901,0,1,1,FALSE
"Nanhai circo-like virus 2","Leiognathus ruconius picornavirus",1,2,0,0.0178571428571429,-0.0127984438038444,0,1,1,FALSE
"Nanhai circo-like virus 2","Polydactylus sextarius picornavirus",1,1,0,0.00892857142857143,-0.00900900900900901,0,1,1,FALSE
"Nanhai circo-like virus 2","Bregmaceros mcclellandi picornavirus",1,1,0,0.00892857142857143,-0.00900900900900901,0,1,1,FALSE
"Nanhai circo-like virus 2","Gymnothorax reevesii picornavirus",1,4,0,0.0357142857142857,-0.0182665541450397,0,1,1,FALSE
"Nanhai circo-like virus 2","Micropterus salmoides reovirus",1,1,0,0.00892857142857143,-0.00900900900900901,0,1,1,FALSE
"Nanhai circo-like virus 2","Wenzhou pacific spadenose shark reovirus 2",1,1,0,0.00892857142857143,-0.00900900900900901,0,1,1,FALSE
"Nanhai circo-like virus 2","Nanhai reo-like virus 1",1,1,0,0.00892857142857143,-0.00900900900900901,0,1,1,FALSE
"Nanhai circo-like virus 2","Nanhai reo-like virus 2",1,2,0,0.0178571428571429,-0.0127984438038444,0,1,1,FALSE
"Nanhai circo-like virus 2","Nanhai reo-like virus 4",1,2,0,0.0178571428571429,-0.0127984438038444,0,1,1,FALSE
"Nanhai circo-like virus 2","Nanhai reo-like virus 5",1,5,0,0.0446428571428571,-0.0205178392964012,0,1,1,FALSE
"Nanhai circo-like virus 2","Nanhai reo-like virus 7",1,2,0,0.0178571428571429,-0.0127984438038444,0,1,1,FALSE
"Nanhai circo-like virus 2","Asian seabass Nervous Necrosis Virus",1,3,0,0.0267857142857143,-0.015746567130481,0,1,1,FALSE
"Nanhai circo-like virus 2","Aliivibrio fischeri",1,5,0,0.0446428571428571,-0.0205178392964012,0,1,1,FALSE
"Nanhai circo-like virus 2","Acinetobacter johnsonii",1,3,0,0.0267857142857143,-0.015746567130481,0,1,1,FALSE
"Nanhai circo-like virus 2","Pseudomonas aeruginosa",1,1,0,0.00892857142857143,-0.00900900900900901,0,1,1,FALSE
"Nanhai circo-like virus 2","Vibrio ponticus",1,8,0,0.0714285714285714,-0.0263249063246328,0,1,1,FALSE
"Nanhai circo-like virus 2","Photobacterium swingsii",1,1,0,0.00892857142857143,-0.00900900900900901,0,1,1,FALSE
"Nanhai circo-like virus 2","Photobacterium damselae",1,3,0,0.0267857142857143,-0.015746567130481,0,1,1,FALSE
"Nanhai circo-like virus 2","Photobacterium sp. QLXSD",1,2,0,0.0178571428571429,-0.0127984438038444,0,1,1,FALSE
"Nanhai circo-like virus 2","Clostridium sp. Y",1,3,0,0.0267857142857143,-0.015746567130481,0,1,1,FALSE
"Nanhai circo-like virus 2","Photobacterium sp.",1,8,0,0.0714285714285714,-0.0263249063246328,0,1,1,FALSE
"Nanhai circo-like virus 2","Vibrio sp. Y",1,3,0,0.0267857142857143,-0.015746567130481,0,1,1,FALSE
"Nanhai circo-like virus 2","Clostridium sp. SQHN",1,1,0,0.00892857142857143,-0.00900900900900901,0,1,1,FALSE
"Nanhai circo-like virus 2","Pseudoloma sp. FJ",1,1,0,0.00892857142857143,-0.00900900900900901,0,1,1,FALSE
"Nanhai circo-like virus 2","Glugea plecoglossi",1,2,0,0.0178571428571429,-0.0127984438038444,0,1,1,FALSE
"Nanhai circo-like virus 2","Lepeophtheirus sp. SQHN",1,1,0,0.00892857142857143,-0.00900900900900901,0,1,1,FALSE
"Nanhai circo-like virus 2","Toxoplasma sp. LZY",1,1,0,0.00892857142857143,-0.00900900900900901,0,1,1,FALSE
"Nanhai circo-like virus 2","Toxocara sp. LYS",1,1,0,0.00892857142857143,-0.00900900900900901,0,1,1,FALSE
"Nanhai circo-like virus 2","Besnoitia sp. HKL",1,1,0,0.00892857142857143,-0.00900900900900901,0,1,1,FALSE
"Nanhai circo-like virus 2","Caligus sp. RWXLT",1,2,0,0.0178571428571429,-0.0127984438038444,0,1,1,FALSE
"Nanhai circo-like virus 2","Hydatigera sp. SDYY",1,3,0,0.0267857142857143,-0.015746567130481,0,1,1,FALSE
"Nanhai circo-like virus 2","Cystoisospora sp. DSLT-2",1,1,0,0.00892857142857143,-0.00900900900900901,0,1,1,FALSE
"Nanhai circo-like virus 2","Sarcocystidae sp. DSLT",1,1,0,0.00892857142857143,-0.00900900900900901,0,1,1,FALSE
"Nanhai circo-like virus 2","Sarcocystidae sp. SZMB",1,1,0,0.00892857142857143,-0.00900900900900901,0,1,1,FALSE
"Nanhai circo-like virus 2","Toxocaridae sp. Z",1,1,0,0.00892857142857143,-0.00900900900900901,0,1,1,FALSE
"Nanhai circo-like virus 2","Eimeria sp. SZMB",1,1,0,0.00892857142857143,-0.00900900900900901,0,1,1,FALSE
"Nanhai circo-like virus 2","Taeniidae sp. QLXSDD",1,4,0,0.0357142857142857,-0.0182665541450397,0,1,1,FALSE
"Nanhai circo-like virus 2","Taeniidae sp. LZY",1,1,0,0.00892857142857143,-0.00900900900900901,0,1,1,FALSE
"Nanhai circo-like virus 2","Taeniidae sp. HBSZ",1,3,0,0.0267857142857143,-0.015746567130481,0,1,1,FALSE
"Nanhai circo-like virus 2","Opisthorchiidae sp. SZMB",1,1,0,0.00892857142857143,-0.00900900900900901,0,1,1,FALSE
"Nanhai circo-like virus 2","Eimeriorina sp. RWXLT",1,1,0,0.00892857142857143,-0.00900900900900901,0,1,1,FALSE
"Nanhai parvovirus LTY1","Marble sleepy goby iridovirus",1,2,0,0.0178571428571429,-0.0127984438038444,0,1,1,FALSE
"Nanhai parvovirus LTY1","Nanhai papillomavirus ZBTTT",1,1,0,0.00892857142857143,-0.00900900900900901,0,1,1,FALSE
"Nanhai parvovirus LTY1","Nanhai papillomavirus HM",1,1,0,0.00892857142857143,-0.00900900900900901,0,1,1,FALSE
"Nanhai parvovirus LTY1","Nanhai retrovirus 1",1,3,0,0.0267857142857143,-0.015746567130481,0,1,1,FALSE
"Nanhai parvovirus LTY1","Nanhai retrovirus 2",1,2,0,0.0178571428571429,-0.0127984438038444,0,1,1,FALSE
"Nanhai parvovirus LTY1","Wenzhou pacific spadenose shark astrovirus 2",1,1,0,0.00892857142857143,-0.00900900900900901,0,1,1,FALSE
"Nanhai parvovirus LTY1","Nanhai astrovirus LZMB",1,1,0,0.00892857142857143,-0.00900900900900901,0,1,1,FALSE
"Nanhai parvovirus LTY1","Odontamblyopus rubicundus hepacivirus",1,2,0,0.0178571428571429,-0.0127984438038444,0,1,1,FALSE
"Nanhai parvovirus LTY1","Johnius belangerii hepacivirus",1,1,0,0.00892857142857143,-0.00900900900900901,0,1,1,FALSE
"Nanhai parvovirus LTY1","Telatrygon zugei hepacivirus",1,1,0,0.00892857142857143,-0.00900900900900901,0,1,1,FALSE
"Nanhai parvovirus LTY1","Paramonacanthus sulcatus filovirus",1,2,0,0.0178571428571429,-0.0127984438038444,0,1,1,FALSE
"Nanhai parvovirus LTY1","Nanhai filovirus 2",1,1,0,0.00892857142857143,-0.00900900900900901,0,1,1,FALSE
"Nanhai parvovirus LTY1","Nanhai filovirus 3",1,1,0,0.00892857142857143,-0.00900900900900901,0,1,1,FALSE
"Nanhai parvovirus LTY1","Nanhai rhabdovirus 1",1,1,0,0.00892857142857143,-0.00900900900900901,0,1,1,FALSE
"Nanhai parvovirus LTY1","Nanhai paramyxovirus 1",1,1,0,0.00892857142857143,-0.00900900900900901,0,1,1,FALSE
"Nanhai parvovirus LTY1","Nanhai paramyxovirus 2",1,1,0,0.00892857142857143,-0.00900900900900901,0,1,1,FALSE
"Nanhai parvovirus LTY1","Psenopsis anomala artervirus",1,1,0,0.00892857142857143,-0.00900900900900901,0,1,1,FALSE
"Nanhai parvovirus LTY1","Nanhai amnoonvirus 1",1,1,0,0.00892857142857143,-0.00900900900900901,0,1,1,FALSE
"Nanhai parvovirus LTY1","Arius arius calicivirus",1,2,0,0.0178571428571429,-0.0127984438038444,0,1,1,FALSE
"Nanhai parvovirus LTY1","Psenopsis anomala picornavirus",1,1,0,0.00892857142857143,-0.00900900900900901,0,1,1,FALSE
"Nanhai parvovirus LTY1","Leiognathus ruconius picornavirus",1,2,0,0.0178571428571429,-0.0127984438038444,0,1,1,FALSE
"Nanhai parvovirus LTY1","Polydactylus sextarius picornavirus",1,1,0,0.00892857142857143,-0.00900900900900901,0,1,1,FALSE
"Nanhai parvovirus LTY1","Bregmaceros mcclellandi picornavirus",1,1,0,0.00892857142857143,-0.00900900900900901,0,1,1,FALSE
"Nanhai parvovirus LTY1","Gymnothorax reevesii picornavirus",1,4,0,0.0357142857142857,-0.0182665541450397,0,1,1,FALSE
"Nanhai parvovirus LTY1","Micropterus salmoides reovirus",1,1,0,0.00892857142857143,-0.00900900900900901,0,1,1,FALSE
"Nanhai parvovirus LTY1","Wenzhou pacific spadenose shark reovirus 2",1,1,0,0.00892857142857143,-0.00900900900900901,0,1,1,FALSE
"Nanhai parvovirus LTY1","Nanhai reo-like virus 1",1,1,0,0.00892857142857143,-0.00900900900900901,0,1,1,FALSE
"Nanhai parvovirus LTY1","Nanhai reo-like virus 2",1,2,0,0.0178571428571429,-0.0127984438038444,0,1,1,FALSE
"Nanhai parvovirus LTY1","Nanhai reo-like virus 4",1,2,0,0.0178571428571429,-0.0127984438038444,0,1,1,FALSE
"Nanhai parvovirus LTY1","Nanhai reo-like virus 5",1,5,0,0.0446428571428571,-0.0205178392964012,0,1,1,FALSE
"Nanhai parvovirus LTY1","Nanhai reo-like virus 6",1,5,0,0.0446428571428571,-0.0205178392964012,0,1,1,FALSE
"Nanhai parvovirus LTY1","Nanhai reo-like virus 7",1,2,0,0.0178571428571429,-0.0127984438038444,0,1,1,FALSE
"Nanhai parvovirus LTY1","Asian seabass Nervous Necrosis Virus",1,3,0,0.0267857142857143,-0.015746567130481,0,1,1,FALSE
"Nanhai parvovirus LTY1","Aliivibrio fischeri",1,5,0,0.0446428571428571,-0.0205178392964012,0,1,1,FALSE
"Nanhai parvovirus LTY1","Acinetobacter johnsonii",1,3,0,0.0267857142857143,-0.015746567130481,0,1,1,FALSE
"Nanhai parvovirus LTY1","Pseudomonas aeruginosa",1,1,0,0.00892857142857143,-0.00900900900900901,0,1,1,FALSE
"Nanhai parvovirus LTY1","Vibrio ponticus",1,8,0,0.0714285714285714,-0.0263249063246328,0,1,1,FALSE
"Nanhai parvovirus LTY1","Photobacterium swingsii",1,1,0,0.00892857142857143,-0.00900900900900901,0,1,1,FALSE
"Nanhai parvovirus LTY1","Photobacterium damselae",1,3,0,0.0267857142857143,-0.015746567130481,0,1,1,FALSE
"Nanhai parvovirus LTY1","Photobacterium sp. QLXSD",1,2,0,0.0178571428571429,-0.0127984438038444,0,1,1,FALSE
"Nanhai parvovirus LTY1","Clostridium sp. Y",1,3,0,0.0267857142857143,-0.015746567130481,0,1,1,FALSE
"Nanhai parvovirus LTY1","Photobacterium sp.",1,8,0,0.0714285714285714,-0.0263249063246328,0,1,1,FALSE
"Nanhai parvovirus LTY1","Vibrio sp. Y",1,3,0,0.0267857142857143,-0.015746567130481,0,1,1,FALSE
"Nanhai parvovirus LTY1","Clostridium sp. SQHN",1,1,0,0.00892857142857143,-0.00900900900900901,0,1,1,FALSE
"Nanhai parvovirus LTY1","Pseudoloma sp. FJ",1,1,0,0.00892857142857143,-0.00900900900900901,0,1,1,FALSE
"Nanhai parvovirus LTY1","Glugea plecoglossi",1,2,0,0.0178571428571429,-0.0127984438038444,0,1,1,FALSE
"Nanhai parvovirus LTY1","Lepeophtheirus sp. SQHN",1,1,0,0.00892857142857143,-0.00900900900900901,0,1,1,FALSE
"Nanhai parvovirus LTY1","Toxoplasma sp. LZY",1,1,0,0.00892857142857143,-0.00900900900900901,0,1,1,FALSE
"Nanhai parvovirus LTY1","Toxocara sp. LYS",1,1,0,0.00892857142857143,-0.00900900900900901,0,1,1,FALSE
"Nanhai parvovirus LTY1","Besnoitia sp. HKL",1,1,0,0.00892857142857143,-0.00900900900900901,0,1,1,FALSE
"Nanhai parvovirus LTY1","Caligus sp. RWXLT",1,2,0,0.0178571428571429,-0.0127984438038444,0,1,1,FALSE
"Nanhai parvovirus LTY1","Hydatigera sp. SDYY",1,3,0,0.0267857142857143,-0.015746567130481,0,1,1,FALSE
"Nanhai parvovirus LTY1","Cystoisospora sp. DSLT-2",1,1,0,0.00892857142857143,-0.00900900900900901,0,1,1,FALSE
"Nanhai parvovirus LTY1","Sarcocystidae sp. DSLT",1,1,0,0.00892857142857143,-0.00900900900900901,0,1,1,FALSE
"Nanhai parvovirus LTY1","Sarcocystidae sp. SZMB",1,1,0,0.00892857142857143,-0.00900900900900901,0,1,1,FALSE
"Nanhai parvovirus LTY1","Toxocaridae sp. Z",1,1,0,0.00892857142857143,-0.00900900900900901,0,1,1,FALSE
"Nanhai parvovirus LTY1","Eimeria sp. SZMB",1,1,0,0.00892857142857143,-0.00900900900900901,0,1,1,FALSE
"Nanhai parvovirus LTY1","Taeniidae sp. QLXSDD",1,4,0,0.0357142857142857,-0.0182665541450397,0,1,1,FALSE
"Nanhai parvovirus LTY1","Taeniidae sp. LZY",1,1,0,0.00892857142857143,-0.00900900900900901,0,1,1,FALSE
"Nanhai parvovirus LTY1","Taeniidae sp. HBSZ",1,3,0,0.0267857142857143,-0.015746567130481,0,1,1,FALSE
"Nanhai parvovirus LTY1","Opisthorchiidae sp. SZMB",1,1,0,0.00892857142857143,-0.00900900900900901,0,1,1,FALSE
"Nanhai parvovirus LTY1","Eimeriorina sp. RWXLT",1,1,0,0.00892857142857143,-0.00900900900900901,0,1,1,FALSE
"Marble sleepy goby iridovirus","Nanhai papillomavirus ZBTTT",2,1,0,0.0178571428571429,-0.0127984438038444,0,1,1,FALSE
"Marble sleepy goby iridovirus","Nanhai papillomavirus HM",2,1,0,0.0178571428571429,-0.0127984438038444,0,1,1,FALSE
"Marble sleepy goby iridovirus","Nanhai retrovirus 1",2,3,0,0.0535714285714286,-0.0223700025520446,0,1,1,FALSE
"Marble sleepy goby iridovirus","Nanhai retrovirus 2",2,2,0,0.0357142857142857,-0.0181818181818182,0,1,1,FALSE
"Marble sleepy goby iridovirus","Wenzhou pacific spadenose shark astrovirus 2",2,1,0,0.0178571428571429,-0.0127984438038444,0,1,1,FALSE
"Marble sleepy goby iridovirus","Nanhai astrovirus LZMB",2,1,0,0.0178571428571429,-0.0127984438038444,0,1,1,FALSE
"Marble sleepy goby iridovirus","Odontamblyopus rubicundus hepacivirus",2,2,0,0.0357142857142857,-0.0181818181818182,0,1,1,FALSE
"Marble sleepy goby iridovirus","Johnius belangerii hepacivirus",2,1,0,0.0178571428571429,-0.0127984438038444,0,1,1,FALSE
"Marble sleepy goby iridovirus","Telatrygon zugei hepacivirus",2,1,0,0.0178571428571429,-0.0127984438038444,0,1,1,FALSE
"Marble sleepy goby iridovirus","Bombay duck fish bornavirus",2,2,0,0.0357142857142857,-0.0181818181818182,0,1,1,FALSE
"Marble sleepy goby iridovirus","Paramonacanthus sulcatus filovirus",2,2,0,0.0357142857142857,-0.0181818181818182,0,1,1,FALSE
"Marble sleepy goby iridovirus","Nanhai filovirus 2",2,1,0,0.0178571428571429,-0.0127984438038444,0,1,1,FALSE
"Marble sleepy goby iridovirus","Nanhai filovirus 3",2,1,0,0.0178571428571429,-0.0127984438038444,0,1,1,FALSE
"Marble sleepy goby iridovirus","Nanhai rhabdovirus 1",2,1,0,0.0178571428571429,-0.0127984438038444,0,1,1,FALSE
"Marble sleepy goby iridovirus","Nanhai paramyxovirus 1",2,1,0,0.0178571428571429,-0.0127984438038444,0,1,1,FALSE
"Marble sleepy goby iridovirus","Nanhai paramyxovirus 2",2,1,0,0.0178571428571429,-0.0127984438038444,0,1,1,FALSE
"Marble sleepy goby iridovirus","Psenopsis anomala artervirus",2,1,0,0.0178571428571429,-0.0127984438038444,0,1,1,FALSE
"Marble sleepy goby iridovirus","Nanhai amnoonvirus 1",2,1,0,0.0178571428571429,-0.0127984438038444,0,1,1,FALSE
"Marble sleepy goby iridovirus","Arius arius calicivirus",2,2,0,0.0357142857142857,-0.0181818181818182,0,1,1,FALSE
"Marble sleepy goby iridovirus","Psenopsis anomala picornavirus",2,1,0,0.0178571428571429,-0.0127984438038444,0,1,1,FALSE
"Marble sleepy goby iridovirus","Leiognathus ruconius picornavirus",2,2,0,0.0357142857142857,-0.0181818181818182,0,1,1,FALSE
"Marble sleepy goby iridovirus","Polydactylus sextarius picornavirus",2,1,0,0.0178571428571429,-0.0127984438038444,0,1,1,FALSE
"Marble sleepy goby iridovirus","Bregmaceros mcclellandi picornavirus",2,1,0,0.0178571428571429,-0.0127984438038444,0,1,1,FALSE
"Marble sleepy goby iridovirus","Gymnothorax reevesii picornavirus",2,4,0,0.0714285714285714,-0.0259499648053841,0,1,1,FALSE
"Marble sleepy goby iridovirus","Micropterus salmoides reovirus",2,1,0,0.0178571428571429,-0.0127984438038444,0,1,1,FALSE
"Marble sleepy goby iridovirus","Wenzhou pacific spadenose shark reovirus 2",2,1,0,0.0178571428571429,-0.0127984438038444,0,1,1,FALSE
"Marble sleepy goby iridovirus","Nanhai reo-like virus 1",2,1,0,0.0178571428571429,-0.0127984438038444,0,1,1,FALSE
"Marble sleepy goby iridovirus","Nanhai reo-like virus 2",2,2,0,0.0357142857142857,-0.0181818181818182,0,1,1,FALSE
"Marble sleepy goby iridovirus","Nanhai reo-like virus 4",2,2,0,0.0357142857142857,-0.0181818181818182,0,1,1,FALSE
"Marble sleepy goby iridovirus","Nanhai reo-like virus 5",2,5,0,0.0892857142857143,-0.0291482018664544,0,1,1,FALSE
"Marble sleepy goby iridovirus","Nanhai reo-like virus 6",2,5,0,0.0892857142857143,-0.0291482018664544,0,1,1,FALSE
"Marble sleepy goby iridovirus","Nanhai reo-like virus 7",2,2,0,0.0357142857142857,-0.0181818181818182,0,1,1,FALSE
"Marble sleepy goby iridovirus","Asian seabass Nervous Necrosis Virus",2,3,0,0.0535714285714286,-0.0223700025520446,0,1,1,FALSE
"Marble sleepy goby iridovirus","Aliivibrio fischeri",2,5,0,0.0892857142857143,-0.0291482018664544,0,1,1,FALSE
"Marble sleepy goby iridovirus","Acinetobacter johnsonii",2,3,0,0.0535714285714286,-0.0223700025520446,0,1,1,FALSE
"Marble sleepy goby iridovirus","Pseudomonas aeruginosa",2,1,0,0.0178571428571429,-0.0127984438038444,0,1,1,FALSE
"Marble sleepy goby iridovirus","Vibrio ponticus",2,8,0,0.142857142857143,-0.0373978796003383,0,1,1,FALSE
"Marble sleepy goby iridovirus","Photobacterium swingsii",2,1,0,0.0178571428571429,-0.0127984438038444,0,1,1,FALSE
"Marble sleepy goby iridovirus","Photobacterium damselae",2,3,0,0.0535714285714286,-0.0223700025520446,0,1,1,FALSE
"Marble sleepy goby iridovirus","Photobacterium sp. QLXSD",2,2,0,0.0357142857142857,-0.0181818181818182,0,1,1,FALSE
"Marble sleepy goby iridovirus","Clostridium sp. Y",2,3,0,0.0535714285714286,-0.0223700025520446,0,1,1,FALSE
"Marble sleepy goby iridovirus","Photobacterium sp.",2,8,0,0.142857142857143,-0.0373978796003383,0,1,1,FALSE
"Marble sleepy goby iridovirus","Vibrio sp. Y",2,3,0,0.0535714285714286,-0.0223700025520446,0,1,1,FALSE
"Marble sleepy goby iridovirus","Clostridium sp. SQHN",2,1,0,0.0178571428571429,-0.0127984438038444,0,1,1,FALSE
"Marble sleepy goby iridovirus","Pseudoloma sp. FJ",2,1,0,0.0178571428571429,-0.0127984438038444,0,1,1,FALSE
"Marble sleepy goby iridovirus","Glugea plecoglossi",2,2,0,0.0357142857142857,-0.0181818181818182,0,1,1,FALSE
"Marble sleepy goby iridovirus","Toxocara sp. CTSZ",2,19,0,0.339285714285714,-0.0609472313143721,0,1,1,FALSE
"Marble sleepy goby iridovirus","Lepeophtheirus sp. SQHN",2,1,0,0.0178571428571429,-0.0127984438038444,0,1,1,FALSE
"Marble sleepy goby iridovirus","Toxoplasma sp. LZY",2,1,0,0.0178571428571429,-0.0127984438038444,0,1,1,FALSE
"Marble sleepy goby iridovirus","Toxocara sp. LYS",2,1,0,0.0178571428571429,-0.0127984438038444,0,1,1,FALSE
"Marble sleepy goby iridovirus","Besnoitia sp. HKL",2,1,0,0.0178571428571429,-0.0127984438038444,0,1,1,FALSE
"Marble sleepy goby iridovirus","Caligus sp. RWXLT",2,2,0,0.0357142857142857,-0.0181818181818182,0,1,1,FALSE
"Marble sleepy goby iridovirus","Hydatigera sp. SDYY",2,3,0,0.0535714285714286,-0.0223700025520446,0,1,1,FALSE
"Marble sleepy goby iridovirus","Cystoisospora sp. DSLT-2",2,1,0,0.0178571428571429,-0.0127984438038444,0,1,1,FALSE
"Marble sleepy goby iridovirus","Sarcocystidae sp. DSLT",2,1,0,0.0178571428571429,-0.0127984438038444,0,1,1,FALSE
"Marble sleepy goby iridovirus","Sarcocystidae sp. SZMB",2,1,0,0.0178571428571429,-0.0127984438038444,0,1,1,FALSE
"Marble sleepy goby iridovirus","Toxocaridae sp. Z",2,1,0,0.0178571428571429,-0.0127984438038444,0,1,1,FALSE
"Marble sleepy goby iridovirus","Eimeria sp. SZMB",2,1,0,0.0178571428571429,-0.0127984438038444,0,1,1,FALSE
"Marble sleepy goby iridovirus","Taeniidae sp. LZY",2,1,0,0.0178571428571429,-0.0127984438038444,0,1,1,FALSE
"Marble sleepy goby iridovirus","Taeniidae sp. HBSZ",2,3,0,0.0535714285714286,-0.0223700025520446,0,1,1,FALSE
"Marble sleepy goby iridovirus","Opisthorchiidae sp. SZMB",2,1,0,0.0178571428571429,-0.0127984438038444,0,1,1,FALSE
"Marble sleepy goby iridovirus","Eimeriorina sp. RWXLT",2,1,0,0.0178571428571429,-0.0127984438038444,0,1,1,FALSE
"Nanhai papillomavirus ZBTTT","Nanhai papillomavirus HM",1,1,0,0.00892857142857143,-0.00900900900900901,0,1,1,FALSE
"Nanhai papillomavirus ZBTTT","Nanhai retrovirus 1",1,3,0,0.0267857142857143,-0.015746567130481,0,1,1,FALSE
"Nanhai papillomavirus ZBTTT","Nanhai retrovirus 2",1,2,0,0.0178571428571429,-0.0127984438038444,0,1,1,FALSE
"Nanhai papillomavirus ZBTTT","Wenzhou pacific spadenose shark astrovirus 2",1,1,0,0.00892857142857143,-0.00900900900900901,0,1,1,FALSE
"Nanhai papillomavirus ZBTTT","Nanhai astrovirus LZMB",1,1,0,0.00892857142857143,-0.00900900900900901,0,1,1,FALSE
"Nanhai papillomavirus ZBTTT","Odontamblyopus rubicundus hepacivirus",1,2,0,0.0178571428571429,-0.0127984438038444,0,1,1,FALSE
"Nanhai papillomavirus ZBTTT","Johnius belangerii hepacivirus",1,1,0,0.00892857142857143,-0.00900900900900901,0,1,1,FALSE
"Nanhai papillomavirus ZBTTT","Telatrygon zugei hepacivirus",1,1,0,0.00892857142857143,-0.00900900900900901,0,1,1,FALSE
"Nanhai papillomavirus ZBTTT","Bombay duck fish bornavirus",1,2,0,0.0178571428571429,-0.0127984438038444,0,1,1,FALSE
"Nanhai papillomavirus ZBTTT","Paramonacanthus sulcatus filovirus",1,2,0,0.0178571428571429,-0.0127984438038444,0,1,1,FALSE
"Nanhai papillomavirus ZBTTT","Nanhai filovirus 2",1,1,0,0.00892857142857143,-0.00900900900900901,0,1,1,FALSE
"Nanhai papillomavirus ZBTTT","Nanhai filovirus 3",1,1,0,0.00892857142857143,-0.00900900900900901,0,1,1,FALSE
"Nanhai papillomavirus ZBTTT","Nanhai rhabdovirus 1",1,1,0,0.00892857142857143,-0.00900900900900901,0,1,1,FALSE
"Nanhai papillomavirus ZBTTT","Nanhai paramyxovirus 1",1,1,0,0.00892857142857143,-0.00900900900900901,0,1,1,FALSE
"Nanhai papillomavirus ZBTTT","Nanhai paramyxovirus 2",1,1,0,0.00892857142857143,-0.00900900900900901,0,1,1,FALSE
"Nanhai papillomavirus ZBTTT","Psenopsis anomala artervirus",1,1,0,0.00892857142857143,-0.00900900900900901,0,1,1,FALSE
"Nanhai papillomavirus ZBTTT","Nanhai amnoonvirus 1",1,1,0,0.00892857142857143,-0.00900900900900901,0,1,1,FALSE
"Nanhai papillomavirus ZBTTT","Arius arius calicivirus",1,2,0,0.0178571428571429,-0.0127984438038444,0,1,1,FALSE
"Nanhai papillomavirus ZBTTT","Psenopsis anomala picornavirus",1,1,0,0.00892857142857143,-0.00900900900900901,0,1,1,FALSE
"Nanhai papillomavirus ZBTTT","Leiognathus ruconius picornavirus",1,2,0,0.0178571428571429,-0.0127984438038444,0,1,1,FALSE
"Nanhai papillomavirus ZBTTT","Polydactylus sextarius picornavirus",1,1,0,0.00892857142857143,-0.00900900900900901,0,1,1,FALSE
"Nanhai papillomavirus ZBTTT","Bregmaceros mcclellandi picornavirus",1,1,0,0.00892857142857143,-0.00900900900900901,0,1,1,FALSE
"Nanhai papillomavirus ZBTTT","Gymnothorax reevesii picornavirus",1,4,0,0.0357142857142857,-0.0182665541450397,0,1,1,FALSE
"Nanhai papillomavirus ZBTTT","Micropterus salmoides reovirus",1,1,0,0.00892857142857143,-0.00900900900900901,0,1,1,FALSE
"Nanhai papillomavirus ZBTTT","Wenzhou pacific spadenose shark reovirus 2",1,1,0,0.00892857142857143,-0.00900900900900901,0,1,1,FALSE
"Nanhai papillomavirus ZBTTT","Nanhai reo-like virus 1",1,1,0,0.00892857142857143,-0.00900900900900901,0,1,1,FALSE
"Nanhai papillomavirus ZBTTT","Nanhai reo-like virus 2",1,2,0,0.0178571428571429,-0.0127984438038444,0,1,1,FALSE
"Nanhai papillomavirus ZBTTT","Nanhai reo-like virus 4",1,2,0,0.0178571428571429,-0.0127984438038444,0,1,1,FALSE
"Nanhai papillomavirus ZBTTT","Nanhai reo-like virus 5",1,5,0,0.0446428571428571,-0.0205178392964012,0,1,1,FALSE
"Nanhai papillomavirus ZBTTT","Nanhai reo-like virus 6",1,5,0,0.0446428571428571,-0.0205178392964012,0,1,1,FALSE
"Nanhai papillomavirus ZBTTT","Nanhai reo-like virus 7",1,2,0,0.0178571428571429,-0.0127984438038444,0,1,1,FALSE
"Nanhai papillomavirus ZBTTT","Asian seabass Nervous Necrosis Virus",1,3,0,0.0267857142857143,-0.015746567130481,0,1,1,FALSE
"Nanhai papillomavirus ZBTTT","Aliivibrio fischeri",1,5,0,0.0446428571428571,-0.0205178392964012,0,1,1,FALSE
"Nanhai papillomavirus ZBTTT","Acinetobacter johnsonii",1,3,0,0.0267857142857143,-0.015746567130481,0,1,1,FALSE
"Nanhai papillomavirus ZBTTT","Pseudomonas aeruginosa",1,1,0,0.00892857142857143,-0.00900900900900901,0,1,1,FALSE
"Nanhai papillomavirus ZBTTT","Photobacterium swingsii",1,1,0,0.00892857142857143,-0.00900900900900901,0,1,1,FALSE
"Nanhai papillomavirus ZBTTT","Photobacterium damselae",1,3,0,0.0267857142857143,-0.015746567130481,0,1,1,FALSE
"Nanhai papillomavirus ZBTTT","Photobacterium sp. QLXSD",1,2,0,0.0178571428571429,-0.0127984438038444,0,1,1,FALSE
"Nanhai papillomavirus ZBTTT","Clostridium sp. Y",1,3,0,0.0267857142857143,-0.015746567130481,0,1,1,FALSE
"Nanhai papillomavirus ZBTTT","Photobacterium sp.",1,8,0,0.0714285714285714,-0.0263249063246328,0,1,1,FALSE
"Nanhai papillomavirus ZBTTT","Vibrio sp. Y",1,3,0,0.0267857142857143,-0.015746567130481,0,1,1,FALSE
"Nanhai papillomavirus ZBTTT","Clostridium sp. SQHN",1,1,0,0.00892857142857143,-0.00900900900900901,0,1,1,FALSE
"Nanhai papillomavirus ZBTTT","Pseudoloma sp. FJ",1,1,0,0.00892857142857143,-0.00900900900900901,0,1,1,FALSE
"Nanhai papillomavirus ZBTTT","Glugea plecoglossi",1,2,0,0.0178571428571429,-0.0127984438038444,0,1,1,FALSE
"Nanhai papillomavirus ZBTTT","Toxocara sp. CTSZ",1,19,0,0.169642857142857,-0.0429016343237295,0,1,1,FALSE
"Nanhai papillomavirus ZBTTT","Lepeophtheirus sp. SQHN",1,1,0,0.00892857142857143,-0.00900900900900901,0,1,1,FALSE
"Nanhai papillomavirus ZBTTT","Toxoplasma sp. LZY",1,1,0,0.00892857142857143,-0.00900900900900901,0,1,1,FALSE
"Nanhai papillomavirus ZBTTT","Toxocara sp. LYS",1,1,0,0.00892857142857143,-0.00900900900900901,0,1,1,FALSE
"Nanhai papillomavirus ZBTTT","Besnoitia sp. HKL",1,1,0,0.00892857142857143,-0.00900900900900901,0,1,1,FALSE
"Nanhai papillomavirus ZBTTT","Caligus sp. RWXLT",1,2,0,0.0178571428571429,-0.0127984438038444,0,1,1,FALSE
"Nanhai papillomavirus ZBTTT","Hydatigera sp. SDYY",1,3,0,0.0267857142857143,-0.015746567130481,0,1,1,FALSE
"Nanhai papillomavirus ZBTTT","Cystoisospora sp. DSLT-2",1,1,0,0.00892857142857143,-0.00900900900900901,0,1,1,FALSE
"Nanhai papillomavirus ZBTTT","Sarcocystidae sp. DSLT",1,1,0,0.00892857142857143,-0.00900900900900901,0,1,1,FALSE
"Nanhai papillomavirus ZBTTT","Sarcocystidae sp. SZMB",1,1,0,0.00892857142857143,-0.00900900900900901,0,1,1,FALSE
"Nanhai papillomavirus ZBTTT","Toxocaridae sp. Z",1,1,0,0.00892857142857143,-0.00900900900900901,0,1,1,FALSE
"Nanhai papillomavirus ZBTTT","Eimeria sp. SZMB",1,1,0,0.00892857142857143,-0.00900900900900901,0,1,1,FALSE
"Nanhai papillomavirus ZBTTT","Taeniidae sp. QLXSDD",1,4,0,0.0357142857142857,-0.0182665541450397,0,1,1,FALSE
"Nanhai papillomavirus ZBTTT","Taeniidae sp. LZY",1,1,0,0.00892857142857143,-0.00900900900900901,0,1,1,FALSE
"Nanhai papillomavirus ZBTTT","Taeniidae sp. HBSZ",1,3,0,0.0267857142857143,-0.015746567130481,0,1,1,FALSE
"Nanhai papillomavirus ZBTTT","Opisthorchiidae sp. SZMB",1,1,0,0.00892857142857143,-0.00900900900900901,0,1,1,FALSE
"Nanhai papillomavirus ZBTTT","Eimeriorina sp. RWXLT",1,1,0,0.00892857142857143,-0.00900900900900901,0,1,1,FALSE
"Nanhai papillomavirus HM","Nanhai retrovirus 1",1,3,0,0.0267857142857143,-0.015746567130481,0,1,1,FALSE
"Nanhai papillomavirus HM","Nanhai retrovirus 2",1,2,0,0.0178571428571429,-0.0127984438038444,0,1,1,FALSE
"Nanhai papillomavirus HM","Wenzhou pacific spadenose shark astrovirus 2",1,1,0,0.00892857142857143,-0.00900900900900901,0,1,1,FALSE
"Nanhai papillomavirus HM","Nanhai astrovirus LZMB",1,1,0,0.00892857142857143,-0.00900900900900901,0,1,1,FALSE
"Nanhai papillomavirus HM","Odontamblyopus rubicundus hepacivirus",1,2,0,0.0178571428571429,-0.0127984438038444,0,1,1,FALSE
"Nanhai papillomavirus HM","Johnius belangerii hepacivirus",1,1,0,0.00892857142857143,-0.00900900900900901,0,1,1,FALSE
"Nanhai papillomavirus HM","Telatrygon zugei hepacivirus",1,1,0,0.00892857142857143,-0.00900900900900901,0,1,1,FALSE
"Nanhai papillomavirus HM","Bombay duck fish bornavirus",1,2,0,0.0178571428571429,-0.0127984438038444,0,1,1,FALSE
"Nanhai papillomavirus HM","Paramonacanthus sulcatus filovirus",1,2,0,0.0178571428571429,-0.0127984438038444,0,1,1,FALSE
"Nanhai papillomavirus HM","Nanhai filovirus 2",1,1,0,0.00892857142857143,-0.00900900900900901,0,1,1,FALSE
"Nanhai papillomavirus HM","Nanhai filovirus 3",1,1,0,0.00892857142857143,-0.00900900900900901,0,1,1,FALSE
"Nanhai papillomavirus HM","Nanhai rhabdovirus 1",1,1,0,0.00892857142857143,-0.00900900900900901,0,1,1,FALSE
"Nanhai papillomavirus HM","Nanhai paramyxovirus 1",1,1,0,0.00892857142857143,-0.00900900900900901,0,1,1,FALSE
"Nanhai papillomavirus HM","Nanhai paramyxovirus 2",1,1,0,0.00892857142857143,-0.00900900900900901,0,1,1,FALSE
"Nanhai papillomavirus HM","Psenopsis anomala artervirus",1,1,0,0.00892857142857143,-0.00900900900900901,0,1,1,FALSE
"Nanhai papillomavirus HM","Nanhai amnoonvirus 1",1,1,0,0.00892857142857143,-0.00900900900900901,0,1,1,FALSE
"Nanhai papillomavirus HM","Arius arius calicivirus",1,2,0,0.0178571428571429,-0.0127984438038444,0,1,1,FALSE
"Nanhai papillomavirus HM","Psenopsis anomala picornavirus",1,1,0,0.00892857142857143,-0.00900900900900901,0,1,1,FALSE
"Nanhai papillomavirus HM","Leiognathus ruconius picornavirus",1,2,0,0.0178571428571429,-0.0127984438038444,0,1,1,FALSE
"Nanhai papillomavirus HM","Polydactylus sextarius picornavirus",1,1,0,0.00892857142857143,-0.00900900900900901,0,1,1,FALSE
"Nanhai papillomavirus HM","Bregmaceros mcclellandi picornavirus",1,1,0,0.00892857142857143,-0.00900900900900901,0,1,1,FALSE
"Nanhai papillomavirus HM","Micropterus salmoides reovirus",1,1,0,0.00892857142857143,-0.00900900900900901,0,1,1,FALSE
"Nanhai papillomavirus HM","Wenzhou pacific spadenose shark reovirus 2",1,1,0,0.00892857142857143,-0.00900900900900901,0,1,1,FALSE
"Nanhai papillomavirus HM","Nanhai reo-like virus 1",1,1,0,0.00892857142857143,-0.00900900900900901,0,1,1,FALSE
"Nanhai papillomavirus HM","Nanhai reo-like virus 2",1,2,0,0.0178571428571429,-0.0127984438038444,0,1,1,FALSE
"Nanhai papillomavirus HM","Nanhai reo-like virus 4",1,2,0,0.0178571428571429,-0.0127984438038444,0,1,1,FALSE
"Nanhai papillomavirus HM","Nanhai reo-like virus 5",1,5,0,0.0446428571428571,-0.0205178392964012,0,1,1,FALSE
"Nanhai papillomavirus HM","Nanhai reo-like virus 6",1,5,0,0.0446428571428571,-0.0205178392964012,0,1,1,FALSE
"Nanhai papillomavirus HM","Nanhai reo-like virus 7",1,2,0,0.0178571428571429,-0.0127984438038444,0,1,1,FALSE
"Nanhai papillomavirus HM","Asian seabass Nervous Necrosis Virus",1,3,0,0.0267857142857143,-0.015746567130481,0,1,1,FALSE
"Nanhai papillomavirus HM","Aliivibrio fischeri",1,5,0,0.0446428571428571,-0.0205178392964012,0,1,1,FALSE
"Nanhai papillomavirus HM","Acinetobacter johnsonii",1,3,0,0.0267857142857143,-0.015746567130481,0,1,1,FALSE
"Nanhai papillomavirus HM","Pseudomonas aeruginosa",1,1,0,0.00892857142857143,-0.00900900900900901,0,1,1,FALSE
"Nanhai papillomavirus HM","Vibrio ponticus",1,8,0,0.0714285714285714,-0.0263249063246328,0,1,1,FALSE
"Nanhai papillomavirus HM","Photobacterium swingsii",1,1,0,0.00892857142857143,-0.00900900900900901,0,1,1,FALSE
"Nanhai papillomavirus HM","Photobacterium damselae",1,3,0,0.0267857142857143,-0.015746567130481,0,1,1,FALSE
"Nanhai papillomavirus HM","Photobacterium sp. QLXSD",1,2,0,0.0178571428571429,-0.0127984438038444,0,1,1,FALSE
"Nanhai papillomavirus HM","Clostridium sp. Y",1,3,0,0.0267857142857143,-0.015746567130481,0,1,1,FALSE
"Nanhai papillomavirus HM","Photobacterium sp.",1,8,0,0.0714285714285714,-0.0263249063246328,0,1,1,FALSE
"Nanhai papillomavirus HM","Vibrio sp. Y",1,3,0,0.0267857142857143,-0.015746567130481,0,1,1,FALSE
"Nanhai papillomavirus HM","Clostridium sp. SQHN",1,1,0,0.00892857142857143,-0.00900900900900901,0,1,1,FALSE
"Nanhai papillomavirus HM","Pseudoloma sp. FJ",1,1,0,0.00892857142857143,-0.00900900900900901,0,1,1,FALSE
"Nanhai papillomavirus HM","Glugea plecoglossi",1,2,0,0.0178571428571429,-0.0127984438038444,0,1,1,FALSE
"Nanhai papillomavirus HM","Toxocara sp. CTSZ",1,19,0,0.169642857142857,-0.0429016343237295,0,1,1,FALSE
"Nanhai papillomavirus HM","Lepeophtheirus sp. SQHN",1,1,0,0.00892857142857143,-0.00900900900900901,0,1,1,FALSE
"Nanhai papillomavirus HM","Toxoplasma sp. LZY",1,1,0,0.00892857142857143,-0.00900900900900901,0,1,1,FALSE
"Nanhai papillomavirus HM","Toxocara sp. LYS",1,1,0,0.00892857142857143,-0.00900900900900901,0,1,1,FALSE
"Nanhai papillomavirus HM","Besnoitia sp. HKL",1,1,0,0.00892857142857143,-0.00900900900900901,0,1,1,FALSE
"Nanhai papillomavirus HM","Caligus sp. RWXLT",1,2,0,0.0178571428571429,-0.0127984438038444,0,1,1,FALSE
"Nanhai papillomavirus HM","Hydatigera sp. SDYY",1,3,0,0.0267857142857143,-0.015746567130481,0,1,1,FALSE
"Nanhai papillomavirus HM","Cystoisospora sp. DSLT-2",1,1,0,0.00892857142857143,-0.00900900900900901,0,1,1,FALSE
"Nanhai papillomavirus HM","Sarcocystidae sp. DSLT",1,1,0,0.00892857142857143,-0.00900900900900901,0,1,1,FALSE
"Nanhai papillomavirus HM","Sarcocystidae sp. SZMB",1,1,0,0.00892857142857143,-0.00900900900900901,0,1,1,FALSE
"Nanhai papillomavirus HM","Toxocaridae sp. Z",1,1,0,0.00892857142857143,-0.00900900900900901,0,1,1,FALSE
"Nanhai papillomavirus HM","Eimeria sp. SZMB",1,1,0,0.00892857142857143,-0.00900900900900901,0,1,1,FALSE
"Nanhai papillomavirus HM","Taeniidae sp. QLXSDD",1,4,0,0.0357142857142857,-0.0182665541450397,0,1,1,FALSE
"Nanhai papillomavirus HM","Taeniidae sp. LZY",1,1,0,0.00892857142857143,-0.00900900900900901,0,1,1,FALSE
"Nanhai papillomavirus HM","Taeniidae sp. HBSZ",1,3,0,0.0267857142857143,-0.015746567130481,0,1,1,FALSE
"Nanhai papillomavirus HM","Opisthorchiidae sp. SZMB",1,1,0,0.00892857142857143,-0.00900900900900901,0,1,1,FALSE
"Nanhai papillomavirus HM","Eimeriorina sp. RWXLT",1,1,0,0.00892857142857143,-0.00900900900900901,0,1,1,FALSE
"Nanhai retrovirus 1","Nanhai retrovirus 2",3,2,0,0.0535714285714286,-0.0223700025520446,0,1,1,FALSE
"Nanhai retrovirus 1","Wenzhou pacific spadenose shark astrovirus 2",3,1,0,0.0267857142857143,-0.015746567130481,0,1,1,FALSE
"Nanhai retrovirus 1","Nanhai astrovirus LZMB",3,1,0,0.0267857142857143,-0.015746567130481,0,1,1,FALSE
"Nanhai retrovirus 1","Odontamblyopus rubicundus hepacivirus",3,2,0,0.0535714285714286,-0.0223700025520446,0,1,1,FALSE
"Nanhai retrovirus 1","Johnius belangerii hepacivirus",3,1,0,0.0267857142857143,-0.015746567130481,0,1,1,FALSE
"Nanhai retrovirus 1","Telatrygon zugei hepacivirus",3,1,0,0.0267857142857143,-0.015746567130481,0,1,1,FALSE
"Nanhai retrovirus 1","Bombay duck fish bornavirus",3,2,0,0.0535714285714286,-0.0223700025520446,0,1,1,FALSE
"Nanhai retrovirus 1","Paramonacanthus sulcatus filovirus",3,2,0,0.0535714285714286,-0.0223700025520446,0,1,1,FALSE
"Nanhai retrovirus 1","Nanhai filovirus 2",3,1,0,0.0267857142857143,-0.015746567130481,0,1,1,FALSE
"Nanhai retrovirus 1","Nanhai filovirus 3",3,1,0,0.0267857142857143,-0.015746567130481,0,1,1,FALSE
"Nanhai retrovirus 1","Nanhai rhabdovirus 1",3,1,0,0.0267857142857143,-0.015746567130481,0,1,1,FALSE
"Nanhai retrovirus 1","Nanhai paramyxovirus 1",3,1,0,0.0267857142857143,-0.015746567130481,0,1,1,FALSE
"Nanhai retrovirus 1","Nanhai paramyxovirus 2",3,1,0,0.0267857142857143,-0.015746567130481,0,1,1,FALSE
"Nanhai retrovirus 1","Psenopsis anomala artervirus",3,1,0,0.0267857142857143,-0.015746567130481,0,1,1,FALSE
"Nanhai retrovirus 1","Nanhai amnoonvirus 1",3,1,0,0.0267857142857143,-0.015746567130481,0,1,1,FALSE
"Nanhai retrovirus 1","Arius arius calicivirus",3,2,0,0.0535714285714286,-0.0223700025520446,0,1,1,FALSE
"Nanhai retrovirus 1","Psenopsis anomala picornavirus",3,1,0,0.0267857142857143,-0.015746567130481,0,1,1,FALSE
"Nanhai retrovirus 1","Leiognathus ruconius picornavirus",3,2,0,0.0535714285714286,-0.0223700025520446,0,1,1,FALSE
"Nanhai retrovirus 1","Polydactylus sextarius picornavirus",3,1,0,0.0267857142857143,-0.015746567130481,0,1,1,FALSE
"Nanhai retrovirus 1","Gymnothorax reevesii picornavirus",3,4,0,0.107142857142857,-0.031927542840705,0,1,1,FALSE
"Nanhai retrovirus 1","Micropterus salmoides reovirus",3,1,0,0.0267857142857143,-0.015746567130481,0,1,1,FALSE
"Nanhai retrovirus 1","Wenzhou pacific spadenose shark reovirus 2",3,1,0,0.0267857142857143,-0.015746567130481,0,1,1,FALSE
"Nanhai retrovirus 1","Nanhai reo-like virus 1",3,1,0,0.0267857142857143,-0.015746567130481,0,1,1,FALSE
"Nanhai retrovirus 1","Nanhai reo-like virus 2",3,2,0,0.0535714285714286,-0.0223700025520446,0,1,1,FALSE
"Nanhai retrovirus 1","Nanhai reo-like virus 4",3,2,0,0.0535714285714286,-0.0223700025520446,0,1,1,FALSE
"Nanhai retrovirus 1","Nanhai reo-like virus 5",3,5,0,0.133928571428571,-0.0358624942577053,0,1,1,FALSE
"Nanhai retrovirus 1","Nanhai reo-like virus 6",3,5,0,0.133928571428571,-0.0358624942577053,0,1,1,FALSE
"Nanhai retrovirus 1","Nanhai reo-like virus 7",3,2,0,0.0535714285714286,-0.0223700025520446,0,1,1,FALSE
"Nanhai retrovirus 1","Asian seabass Nervous Necrosis Virus",3,3,0,0.0803571428571429,-0.0275229357798165,0,1,1,FALSE
"Nanhai retrovirus 1","Aliivibrio fischeri",3,5,0,0.133928571428571,-0.0358624942577053,0,1,1,FALSE
"Nanhai retrovirus 1","Acinetobacter johnsonii",3,3,0,0.0803571428571429,-0.0275229357798165,0,1,1,FALSE
"Nanhai retrovirus 1","Pseudomonas aeruginosa",3,1,0,0.0267857142857143,-0.015746567130481,0,1,1,FALSE
"Nanhai retrovirus 1","Vibrio ponticus",3,8,0,0.214285714285714,-0.0460124864155343,0,1,1,FALSE
"Nanhai retrovirus 1","Photobacterium swingsii",3,1,0,0.0267857142857143,-0.015746567130481,0,1,1,FALSE
"Nanhai retrovirus 1","Photobacterium damselae",3,3,0,0.0803571428571429,-0.0275229357798165,0,1,1,FALSE
"Nanhai retrovirus 1","Photobacterium sp. QLXSD",3,2,0,0.0535714285714286,-0.0223700025520446,0,1,1,FALSE
"Nanhai retrovirus 1","Clostridium sp. Y",3,3,0,0.0803571428571429,-0.0275229357798165,0,1,1,FALSE
"Nanhai retrovirus 1","Photobacterium sp.",3,8,0,0.214285714285714,-0.0460124864155343,0,1,1,FALSE
"Nanhai retrovirus 1","Vibrio sp. Y",3,3,0,0.0803571428571429,-0.0275229357798165,0,1,1,FALSE
"Nanhai retrovirus 1","Clostridium sp. SQHN",3,1,0,0.0267857142857143,-0.015746567130481,0,1,1,FALSE
"Nanhai retrovirus 1","Pseudoloma sp. FJ",3,1,0,0.0267857142857143,-0.015746567130481,0,1,1,FALSE
"Nanhai retrovirus 1","Glugea plecoglossi",3,2,0,0.0535714285714286,-0.0223700025520446,0,1,1,FALSE
"Nanhai retrovirus 1","Toxocara sp. CTSZ",3,19,0,0.508928571428571,-0.0749864346023407,0,1,1,FALSE
"Nanhai retrovirus 1","Lepeophtheirus sp. SQHN",3,1,0,0.0267857142857143,-0.015746567130481,0,1,1,FALSE
"Nanhai retrovirus 1","Toxoplasma sp. LZY",3,1,0,0.0267857142857143,-0.015746567130481,0,1,1,FALSE
"Nanhai retrovirus 1","Toxocara sp. LYS",3,1,0,0.0267857142857143,-0.015746567130481,0,1,1,FALSE
"Nanhai retrovirus 1","Besnoitia sp. HKL",3,1,0,0.0267857142857143,-0.015746567130481,0,1,1,FALSE
"Nanhai retrovirus 1","Caligus sp. RWXLT",3,2,0,0.0535714285714286,-0.0223700025520446,0,1,1,FALSE
"Nanhai retrovirus 1","Hydatigera sp. SDYY",3,3,0,0.0803571428571429,-0.0275229357798165,0,1,1,FALSE
"Nanhai retrovirus 1","Cystoisospora sp. DSLT-2",3,1,0,0.0267857142857143,-0.015746567130481,0,1,1,FALSE
"Nanhai retrovirus 1","Sarcocystidae sp. DSLT",3,1,0,0.0267857142857143,-0.015746567130481,0,1,1,FALSE
"Nanhai retrovirus 1","Sarcocystidae sp. SZMB",3,1,0,0.0267857142857143,-0.015746567130481,0,1,1,FALSE
"Nanhai retrovirus 1","Toxocaridae sp. Z",3,1,0,0.0267857142857143,-0.015746567130481,0,1,1,FALSE
"Nanhai retrovirus 1","Eimeria sp. SZMB",3,1,0,0.0267857142857143,-0.015746567130481,0,1,1,FALSE
"Nanhai retrovirus 1","Taeniidae sp. QLXSDD",3,4,0,0.107142857142857,-0.031927542840705,0,1,1,FALSE
"Nanhai retrovirus 1","Taeniidae sp. LZY",3,1,0,0.0267857142857143,-0.015746567130481,0,1,1,FALSE
"Nanhai retrovirus 1","Taeniidae sp. HBSZ",3,3,0,0.0803571428571429,-0.0275229357798165,0,1,1,FALSE
"Nanhai retrovirus 1","Opisthorchiidae sp. SZMB",3,1,0,0.0267857142857143,-0.015746567130481,0,1,1,FALSE
"Nanhai retrovirus 1","Eimeriorina sp. RWXLT",3,1,0,0.0267857142857143,-0.015746567130481,0,1,1,FALSE
"Nanhai retrovirus 2","Wenzhou pacific spadenose shark astrovirus 2",2,1,0,0.0178571428571429,-0.0127984438038444,0,1,1,FALSE
"Nanhai retrovirus 2","Nanhai astrovirus LZMB",2,1,0,0.0178571428571429,-0.0127984438038444,0,1,1,FALSE
"Nanhai retrovirus 2","Odontamblyopus rubicundus hepacivirus",2,2,0,0.0357142857142857,-0.0181818181818182,0,1,1,FALSE
"Nanhai retrovirus 2","Johnius belangerii hepacivirus",2,1,0,0.0178571428571429,-0.0127984438038444,0,1,1,FALSE
"Nanhai retrovirus 2","Telatrygon zugei hepacivirus",2,1,0,0.0178571428571429,-0.0127984438038444,0,1,1,FALSE
"Nanhai retrovirus 2","Bombay duck fish bornavirus",2,2,0,0.0357142857142857,-0.0181818181818182,0,1,1,FALSE
"Nanhai retrovirus 2","Paramonacanthus sulcatus filovirus",2,2,0,0.0357142857142857,-0.0181818181818182,0,1,1,FALSE
"Nanhai retrovirus 2","Nanhai filovirus 2",2,1,0,0.0178571428571429,-0.0127984438038444,0,1,1,FALSE
"Nanhai retrovirus 2","Nanhai filovirus 3",2,1,0,0.0178571428571429,-0.0127984438038444,0,1,1,FALSE
"Nanhai retrovirus 2","Nanhai rhabdovirus 1",2,1,0,0.0178571428571429,-0.0127984438038444,0,1,1,FALSE
"Nanhai retrovirus 2","Nanhai paramyxovirus 1",2,1,0,0.0178571428571429,-0.0127984438038444,0,1,1,FALSE
"Nanhai retrovirus 2","Nanhai paramyxovirus 2",2,1,0,0.0178571428571429,-0.0127984438038444,0,1,1,FALSE
"Nanhai retrovirus 2","Psenopsis anomala artervirus",2,1,0,0.0178571428571429,-0.0127984438038444,0,1,1,FALSE
"Nanhai retrovirus 2","Nanhai amnoonvirus 1",2,1,0,0.0178571428571429,-0.0127984438038444,0,1,1,FALSE
"Nanhai retrovirus 2","Arius arius calicivirus",2,2,0,0.0357142857142857,-0.0181818181818182,0,1,1,FALSE
"Nanhai retrovirus 2","Psenopsis anomala picornavirus",2,1,0,0.0178571428571429,-0.0127984438038444,0,1,1,FALSE
"Nanhai retrovirus 2","Leiognathus ruconius picornavirus",2,2,0,0.0357142857142857,-0.0181818181818182,0,1,1,FALSE
"Nanhai retrovirus 2","Polydactylus sextarius picornavirus",2,1,0,0.0178571428571429,-0.0127984438038444,0,1,1,FALSE
"Nanhai retrovirus 2","Bregmaceros mcclellandi picornavirus",2,1,0,0.0178571428571429,-0.0127984438038444,0,1,1,FALSE
"Nanhai retrovirus 2","Gymnothorax reevesii picornavirus",2,4,0,0.0714285714285714,-0.0259499648053841,0,1,1,FALSE
"Nanhai retrovirus 2","Micropterus salmoides reovirus",2,1,0,0.0178571428571429,-0.0127984438038444,0,1,1,FALSE
"Nanhai retrovirus 2","Wenzhou pacific spadenose shark reovirus 2",2,1,0,0.0178571428571429,-0.0127984438038444,0,1,1,FALSE
"Nanhai retrovirus 2","Nanhai reo-like virus 1",2,1,0,0.0178571428571429,-0.0127984438038444,0,1,1,FALSE
"Nanhai retrovirus 2","Nanhai reo-like virus 2",2,2,0,0.0357142857142857,-0.0181818181818182,0,1,1,FALSE
"Nanhai retrovirus 2","Nanhai reo-like virus 4",2,2,0,0.0357142857142857,-0.0181818181818182,0,1,1,FALSE
"Nanhai retrovirus 2","Nanhai reo-like virus 5",2,5,0,0.0892857142857143,-0.0291482018664544,0,1,1,FALSE
"Nanhai retrovirus 2","Nanhai reo-like virus 6",2,5,0,0.0892857142857143,-0.0291482018664544,0,1,1,FALSE
"Nanhai retrovirus 2","Nanhai reo-like virus 7",2,2,0,0.0357142857142857,-0.0181818181818182,0,1,1,FALSE
"Nanhai retrovirus 2","Asian seabass Nervous Necrosis Virus",2,3,0,0.0535714285714286,-0.0223700025520446,0,1,1,FALSE
"Nanhai retrovirus 2","Aliivibrio fischeri",2,5,0,0.0892857142857143,-0.0291482018664544,0,1,1,FALSE
"Nanhai retrovirus 2","Acinetobacter johnsonii",2,3,0,0.0535714285714286,-0.0223700025520446,0,1,1,FALSE
"Nanhai retrovirus 2","Pseudomonas aeruginosa",2,1,0,0.0178571428571429,-0.0127984438038444,0,1,1,FALSE
"Nanhai retrovirus 2","Vibrio ponticus",2,8,0,0.142857142857143,-0.0373978796003383,0,1,1,FALSE
"Nanhai retrovirus 2","Photobacterium swingsii",2,1,0,0.0178571428571429,-0.0127984438038444,0,1,1,FALSE
"Nanhai retrovirus 2","Photobacterium damselae",2,3,0,0.0535714285714286,-0.0223700025520446,0,1,1,FALSE
"Nanhai retrovirus 2","Photobacterium sp. QLXSD",2,2,0,0.0357142857142857,-0.0181818181818182,0,1,1,FALSE
"Nanhai retrovirus 2","Clostridium sp. Y",2,3,0,0.0535714285714286,-0.0223700025520446,0,1,1,FALSE
"Nanhai retrovirus 2","Vibrio sp. Y",2,3,0,0.0535714285714286,-0.0223700025520446,0,1,1,FALSE
"Nanhai retrovirus 2","Clostridium sp. SQHN",2,1,0,0.0178571428571429,-0.0127984438038444,0,1,1,FALSE
"Nanhai retrovirus 2","Pseudoloma sp. FJ",2,1,0,0.0178571428571429,-0.0127984438038444,0,1,1,FALSE
"Nanhai retrovirus 2","Glugea plecoglossi",2,2,0,0.0357142857142857,-0.0181818181818182,0,1,1,FALSE
"Nanhai retrovirus 2","Lepeophtheirus sp. SQHN",2,1,0,0.0178571428571429,-0.0127984438038444,0,1,1,FALSE
"Nanhai retrovirus 2","Toxoplasma sp. LZY",2,1,0,0.0178571428571429,-0.0127984438038444,0,1,1,FALSE
"Nanhai retrovirus 2","Toxocara sp. LYS",2,1,0,0.0178571428571429,-0.0127984438038444,0,1,1,FALSE
"Nanhai retrovirus 2","Besnoitia sp. HKL",2,1,0,0.0178571428571429,-0.0127984438038444,0,1,1,FALSE
"Nanhai retrovirus 2","Caligus sp. RWXLT",2,2,0,0.0357142857142857,-0.0181818181818182,0,1,1,FALSE
"Nanhai retrovirus 2","Cystoisospora sp. DSLT-2",2,1,0,0.0178571428571429,-0.0127984438038444,0,1,1,FALSE
"Nanhai retrovirus 2","Sarcocystidae sp. DSLT",2,1,0,0.0178571428571429,-0.0127984438038444,0,1,1,FALSE
"Nanhai retrovirus 2","Sarcocystidae sp. SZMB",2,1,0,0.0178571428571429,-0.0127984438038444,0,1,1,FALSE
"Nanhai retrovirus 2","Toxocaridae sp. Z",2,1,0,0.0178571428571429,-0.0127984438038444,0,1,1,FALSE
"Nanhai retrovirus 2","Eimeria sp. SZMB",2,1,0,0.0178571428571429,-0.0127984438038444,0,1,1,FALSE
"Nanhai retrovirus 2","Taeniidae sp. LZY",2,1,0,0.0178571428571429,-0.0127984438038444,0,1,1,FALSE
"Nanhai retrovirus 2","Taeniidae sp. HBSZ",2,3,0,0.0535714285714286,-0.0223700025520446,0,1,1,FALSE
"Nanhai retrovirus 2","Opisthorchiidae sp. SZMB",2,1,0,0.0178571428571429,-0.0127984438038444,0,1,1,FALSE
"Nanhai retrovirus 2","Eimeriorina sp. RWXLT",2,1,0,0.0178571428571429,-0.0127984438038444,0,1,1,FALSE
"Wenzhou pacific spadenose shark astrovirus 2","Nanhai astrovirus LZMB",1,1,0,0.00892857142857143,-0.00900900900900901,0,1,1,FALSE
"Wenzhou pacific spadenose shark astrovirus 2","Odontamblyopus rubicundus hepacivirus",1,2,0,0.0178571428571429,-0.0127984438038444,0,1,1,FALSE
"Wenzhou pacific spadenose shark astrovirus 2","Johnius belangerii hepacivirus",1,1,0,0.00892857142857143,-0.00900900900900901,0,1,1,FALSE
"Wenzhou pacific spadenose shark astrovirus 2","Telatrygon zugei hepacivirus",1,1,0,0.00892857142857143,-0.00900900900900901,0,1,1,FALSE
"Wenzhou pacific spadenose shark astrovirus 2","Bombay duck fish bornavirus",1,2,0,0.0178571428571429,-0.0127984438038444,0,1,1,FALSE
"Wenzhou pacific spadenose shark astrovirus 2","Paramonacanthus sulcatus filovirus",1,2,0,0.0178571428571429,-0.0127984438038444,0,1,1,FALSE
"Wenzhou pacific spadenose shark astrovirus 2","Nanhai filovirus 2",1,1,0,0.00892857142857143,-0.00900900900900901,0,1,1,FALSE
"Wenzhou pacific spadenose shark astrovirus 2","Nanhai filovirus 3",1,1,0,0.00892857142857143,-0.00900900900900901,0,1,1,FALSE
"Wenzhou pacific spadenose shark astrovirus 2","Nanhai rhabdovirus 1",1,1,0,0.00892857142857143,-0.00900900900900901,0,1,1,FALSE
"Wenzhou pacific spadenose shark astrovirus 2","Nanhai paramyxovirus 1",1,1,0,0.00892857142857143,-0.00900900900900901,0,1,1,FALSE
"Wenzhou pacific spadenose shark astrovirus 2","Nanhai paramyxovirus 2",1,1,0,0.00892857142857143,-0.00900900900900901,0,1,1,FALSE
"Wenzhou pacific spadenose shark astrovirus 2","Psenopsis anomala artervirus",1,1,0,0.00892857142857143,-0.00900900900900901,0,1,1,FALSE
"Wenzhou pacific spadenose shark astrovirus 2","Nanhai amnoonvirus 1",1,1,0,0.00892857142857143,-0.00900900900900901,0,1,1,FALSE
"Wenzhou pacific spadenose shark astrovirus 2","Arius arius calicivirus",1,2,0,0.0178571428571429,-0.0127984438038444,0,1,1,FALSE
"Wenzhou pacific spadenose shark astrovirus 2","Psenopsis anomala picornavirus",1,1,0,0.00892857142857143,-0.00900900900900901,0,1,1,FALSE
"Wenzhou pacific spadenose shark astrovirus 2","Leiognathus ruconius picornavirus",1,2,0,0.0178571428571429,-0.0127984438038444,0,1,1,FALSE
"Wenzhou pacific spadenose shark astrovirus 2","Polydactylus sextarius picornavirus",1,1,0,0.00892857142857143,-0.00900900900900901,0,1,1,FALSE
"Wenzhou pacific spadenose shark astrovirus 2","Bregmaceros mcclellandi picornavirus",1,1,0,0.00892857142857143,-0.00900900900900901,0,1,1,FALSE
"Wenzhou pacific spadenose shark astrovirus 2","Gymnothorax reevesii picornavirus",1,4,0,0.0357142857142857,-0.0182665541450397,0,1,1,FALSE
"Wenzhou pacific spadenose shark astrovirus 2","Micropterus salmoides reovirus",1,1,0,0.00892857142857143,-0.00900900900900901,0,1,1,FALSE
"Wenzhou pacific spadenose shark astrovirus 2","Nanhai reo-like virus 1",1,1,0,0.00892857142857143,-0.00900900900900901,0,1,1,FALSE
"Wenzhou pacific spadenose shark astrovirus 2","Nanhai reo-like virus 2",1,2,0,0.0178571428571429,-0.0127984438038444,0,1,1,FALSE
"Wenzhou pacific spadenose shark astrovirus 2","Nanhai reo-like virus 4",1,2,0,0.0178571428571429,-0.0127984438038444,0,1,1,FALSE
"Wenzhou pacific spadenose shark astrovirus 2","Nanhai reo-like virus 5",1,5,0,0.0446428571428571,-0.0205178392964012,0,1,1,FALSE
"Wenzhou pacific spadenose shark astrovirus 2","Nanhai reo-like virus 6",1,5,0,0.0446428571428571,-0.0205178392964012,0,1,1,FALSE
"Wenzhou pacific spadenose shark astrovirus 2","Nanhai reo-like virus 7",1,2,0,0.0178571428571429,-0.0127984438038444,0,1,1,FALSE
"Wenzhou pacific spadenose shark astrovirus 2","Asian seabass Nervous Necrosis Virus",1,3,0,0.0267857142857143,-0.015746567130481,0,1,1,FALSE
"Wenzhou pacific spadenose shark astrovirus 2","Aliivibrio fischeri",1,5,0,0.0446428571428571,-0.0205178392964012,0,1,1,FALSE
"Wenzhou pacific spadenose shark astrovirus 2","Acinetobacter johnsonii",1,3,0,0.0267857142857143,-0.015746567130481,0,1,1,FALSE
"Wenzhou pacific spadenose shark astrovirus 2","Pseudomonas aeruginosa",1,1,0,0.00892857142857143,-0.00900900900900901,0,1,1,FALSE
"Wenzhou pacific spadenose shark astrovirus 2","Vibrio ponticus",1,8,0,0.0714285714285714,-0.0263249063246328,0,1,1,FALSE
"Wenzhou pacific spadenose shark astrovirus 2","Photobacterium swingsii",1,1,0,0.00892857142857143,-0.00900900900900901,0,1,1,FALSE
"Wenzhou pacific spadenose shark astrovirus 2","Photobacterium damselae",1,3,0,0.0267857142857143,-0.015746567130481,0,1,1,FALSE
"Wenzhou pacific spadenose shark astrovirus 2","Photobacterium sp. QLXSD",1,2,0,0.0178571428571429,-0.0127984438038444,0,1,1,FALSE
"Wenzhou pacific spadenose shark astrovirus 2","Clostridium sp. Y",1,3,0,0.0267857142857143,-0.015746567130481,0,1,1,FALSE
"Wenzhou pacific spadenose shark astrovirus 2","Photobacterium sp.",1,8,0,0.0714285714285714,-0.0263249063246328,0,1,1,FALSE
"Wenzhou pacific spadenose shark astrovirus 2","Vibrio sp. Y",1,3,0,0.0267857142857143,-0.015746567130481,0,1,1,FALSE
"Wenzhou pacific spadenose shark astrovirus 2","Clostridium sp. SQHN",1,1,0,0.00892857142857143,-0.00900900900900901,0,1,1,FALSE
"Wenzhou pacific spadenose shark astrovirus 2","Pseudoloma sp. FJ",1,1,0,0.00892857142857143,-0.00900900900900901,0,1,1,FALSE
"Wenzhou pacific spadenose shark astrovirus 2","Glugea plecoglossi",1,2,0,0.0178571428571429,-0.0127984438038444,0,1,1,FALSE
"Wenzhou pacific spadenose shark astrovirus 2","Toxocara sp. CTSZ",1,19,0,0.169642857142857,-0.0429016343237295,0,1,1,FALSE
"Wenzhou pacific spadenose shark astrovirus 2","Lepeophtheirus sp. SQHN",1,1,0,0.00892857142857143,-0.00900900900900901,0,1,1,FALSE
"Wenzhou pacific spadenose shark astrovirus 2","Toxoplasma sp. LZY",1,1,0,0.00892857142857143,-0.00900900900900901,0,1,1,FALSE
"Wenzhou pacific spadenose shark astrovirus 2","Toxocara sp. LYS",1,1,0,0.00892857142857143,-0.00900900900900901,0,1,1,FALSE
"Wenzhou pacific spadenose shark astrovirus 2","Besnoitia sp. HKL",1,1,0,0.00892857142857143,-0.00900900900900901,0,1,1,FALSE
"Wenzhou pacific spadenose shark astrovirus 2","Caligus sp. RWXLT",1,2,0,0.0178571428571429,-0.0127984438038444,0,1,1,FALSE
"Wenzhou pacific spadenose shark astrovirus 2","Hydatigera sp. SDYY",1,3,0,0.0267857142857143,-0.015746567130481,0,1,1,FALSE
"Wenzhou pacific spadenose shark astrovirus 2","Cystoisospora sp. DSLT-2",1,1,0,0.00892857142857143,-0.00900900900900901,0,1,1,FALSE
"Wenzhou pacific spadenose shark astrovirus 2","Sarcocystidae sp. DSLT",1,1,0,0.00892857142857143,-0.00900900900900901,0,1,1,FALSE
"Wenzhou pacific spadenose shark astrovirus 2","Sarcocystidae sp. SZMB",1,1,0,0.00892857142857143,-0.00900900900900901,0,1,1,FALSE
"Wenzhou pacific spadenose shark astrovirus 2","Toxocaridae sp. Z",1,1,0,0.00892857142857143,-0.00900900900900901,0,1,1,FALSE
"Wenzhou pacific spadenose shark astrovirus 2","Eimeria sp. SZMB",1,1,0,0.00892857142857143,-0.00900900900900901,0,1,1,FALSE
"Wenzhou pacific spadenose shark astrovirus 2","Taeniidae sp. QLXSDD",1,4,0,0.0357142857142857,-0.0182665541450397,0,1,1,FALSE
"Wenzhou pacific spadenose shark astrovirus 2","Taeniidae sp. LZY",1,1,0,0.00892857142857143,-0.00900900900900901,0,1,1,FALSE
"Wenzhou pacific spadenose shark astrovirus 2","Taeniidae sp. HBSZ",1,3,0,0.0267857142857143,-0.015746567130481,0,1,1,FALSE
"Wenzhou pacific spadenose shark astrovirus 2","Opisthorchiidae sp. SZMB",1,1,0,0.00892857142857143,-0.00900900900900901,0,1,1,FALSE
"Wenzhou pacific spadenose shark astrovirus 2","Eimeriorina sp. RWXLT",1,1,0,0.00892857142857143,-0.00900900900900901,0,1,1,FALSE
"Nanhai astrovirus LZMB","Odontamblyopus rubicundus hepacivirus",1,2,0,0.0178571428571429,-0.0127984438038444,0,1,1,FALSE
"Nanhai astrovirus LZMB","Johnius belangerii hepacivirus",1,1,0,0.00892857142857143,-0.00900900900900901,0,1,1,FALSE
"Nanhai astrovirus LZMB","Telatrygon zugei hepacivirus",1,1,0,0.00892857142857143,-0.00900900900900901,0,1,1,FALSE
"Nanhai astrovirus LZMB","Bombay duck fish bornavirus",1,2,0,0.0178571428571429,-0.0127984438038444,0,1,1,FALSE
"Nanhai astrovirus LZMB","Paramonacanthus sulcatus filovirus",1,2,0,0.0178571428571429,-0.0127984438038444,0,1,1,FALSE
"Nanhai astrovirus LZMB","Nanhai filovirus 2",1,1,0,0.00892857142857143,-0.00900900900900901,0,1,1,FALSE
"Nanhai astrovirus LZMB","Nanhai filovirus 3",1,1,0,0.00892857142857143,-0.00900900900900901,0,1,1,FALSE
"Nanhai astrovirus LZMB","Nanhai paramyxovirus 1",1,1,0,0.00892857142857143,-0.00900900900900901,0,1,1,FALSE
"Nanhai astrovirus LZMB","Nanhai paramyxovirus 2",1,1,0,0.00892857142857143,-0.00900900900900901,0,1,1,FALSE
"Nanhai astrovirus LZMB","Psenopsis anomala artervirus",1,1,0,0.00892857142857143,-0.00900900900900901,0,1,1,FALSE
"Nanhai astrovirus LZMB","Nanhai amnoonvirus 1",1,1,0,0.00892857142857143,-0.00900900900900901,0,1,1,FALSE
"Nanhai astrovirus LZMB","Arius arius calicivirus",1,2,0,0.0178571428571429,-0.0127984438038444,0,1,1,FALSE
"Nanhai astrovirus LZMB","Psenopsis anomala picornavirus",1,1,0,0.00892857142857143,-0.00900900900900901,0,1,1,FALSE
"Nanhai astrovirus LZMB","Leiognathus ruconius picornavirus",1,2,0,0.0178571428571429,-0.0127984438038444,0,1,1,FALSE
"Nanhai astrovirus LZMB","Polydactylus sextarius picornavirus",1,1,0,0.00892857142857143,-0.00900900900900901,0,1,1,FALSE
"Nanhai astrovirus LZMB","Bregmaceros mcclellandi picornavirus",1,1,0,0.00892857142857143,-0.00900900900900901,0,1,1,FALSE
"Nanhai astrovirus LZMB","Gymnothorax reevesii picornavirus",1,4,0,0.0357142857142857,-0.0182665541450397,0,1,1,FALSE
"Nanhai astrovirus LZMB","Micropterus salmoides reovirus",1,1,0,0.00892857142857143,-0.00900900900900901,0,1,1,FALSE
"Nanhai astrovirus LZMB","Wenzhou pacific spadenose shark reovirus 2",1,1,0,0.00892857142857143,-0.00900900900900901,0,1,1,FALSE
"Nanhai astrovirus LZMB","Nanhai reo-like virus 1",1,1,0,0.00892857142857143,-0.00900900900900901,0,1,1,FALSE
"Nanhai astrovirus LZMB","Nanhai reo-like virus 2",1,2,0,0.0178571428571429,-0.0127984438038444,0,1,1,FALSE
"Nanhai astrovirus LZMB","Nanhai reo-like virus 4",1,2,0,0.0178571428571429,-0.0127984438038444,0,1,1,FALSE
"Nanhai astrovirus LZMB","Nanhai reo-like virus 5",1,5,0,0.0446428571428571,-0.0205178392964012,0,1,1,FALSE
"Nanhai astrovirus LZMB","Nanhai reo-like virus 6",1,5,0,0.0446428571428571,-0.0205178392964012,0,1,1,FALSE
"Nanhai astrovirus LZMB","Nanhai reo-like virus 7",1,2,0,0.0178571428571429,-0.0127984438038444,0,1,1,FALSE
"Nanhai astrovirus LZMB","Asian seabass Nervous Necrosis Virus",1,3,0,0.0267857142857143,-0.015746567130481,0,1,1,FALSE
"Nanhai astrovirus LZMB","Aliivibrio fischeri",1,5,0,0.0446428571428571,-0.0205178392964012,0,1,1,FALSE
"Nanhai astrovirus LZMB","Acinetobacter johnsonii",1,3,0,0.0267857142857143,-0.015746567130481,0,1,1,FALSE
"Nanhai astrovirus LZMB","Pseudomonas aeruginosa",1,1,0,0.00892857142857143,-0.00900900900900901,0,1,1,FALSE
"Nanhai astrovirus LZMB","Vibrio ponticus",1,8,0,0.0714285714285714,-0.0263249063246328,0,1,1,FALSE
"Nanhai astrovirus LZMB","Photobacterium swingsii",1,1,0,0.00892857142857143,-0.00900900900900901,0,1,1,FALSE
"Nanhai astrovirus LZMB","Photobacterium damselae",1,3,0,0.0267857142857143,-0.015746567130481,0,1,1,FALSE
"Nanhai astrovirus LZMB","Photobacterium sp. QLXSD",1,2,0,0.0178571428571429,-0.0127984438038444,0,1,1,FALSE
"Nanhai astrovirus LZMB","Clostridium sp. Y",1,3,0,0.0267857142857143,-0.015746567130481,0,1,1,FALSE
"Nanhai astrovirus LZMB","Photobacterium sp.",1,8,0,0.0714285714285714,-0.0263249063246328,0,1,1,FALSE
"Nanhai astrovirus LZMB","Vibrio sp. Y",1,3,0,0.0267857142857143,-0.015746567130481,0,1,1,FALSE
"Nanhai astrovirus LZMB","Clostridium sp. SQHN",1,1,0,0.00892857142857143,-0.00900900900900901,0,1,1,FALSE
"Nanhai astrovirus LZMB","Pseudoloma sp. FJ",1,1,0,0.00892857142857143,-0.00900900900900901,0,1,1,FALSE
"Nanhai astrovirus LZMB","Glugea plecoglossi",1,2,0,0.0178571428571429,-0.0127984438038444,0,1,1,FALSE
"Nanhai astrovirus LZMB","Lepeophtheirus sp. SQHN",1,1,0,0.00892857142857143,-0.00900900900900901,0,1,1,FALSE
"Nanhai astrovirus LZMB","Toxoplasma sp. LZY",1,1,0,0.00892857142857143,-0.00900900900900901,0,1,1,FALSE
"Nanhai astrovirus LZMB","Toxocara sp. LYS",1,1,0,0.00892857142857143,-0.00900900900900901,0,1,1,FALSE
"Nanhai astrovirus LZMB","Besnoitia sp. HKL",1,1,0,0.00892857142857143,-0.00900900900900901,0,1,1,FALSE
"Nanhai astrovirus LZMB","Caligus sp. RWXLT",1,2,0,0.0178571428571429,-0.0127984438038444,0,1,1,FALSE
"Nanhai astrovirus LZMB","Hydatigera sp. SDYY",1,3,0,0.0267857142857143,-0.015746567130481,0,1,1,FALSE
"Nanhai astrovirus LZMB","Cystoisospora sp. DSLT-2",1,1,0,0.00892857142857143,-0.00900900900900901,0,1,1,FALSE
"Nanhai astrovirus LZMB","Sarcocystidae sp. DSLT",1,1,0,0.00892857142857143,-0.00900900900900901,0,1,1,FALSE
"Nanhai astrovirus LZMB","Sarcocystidae sp. SZMB",1,1,0,0.00892857142857143,-0.00900900900900901,0,1,1,FALSE
"Nanhai astrovirus LZMB","Toxocaridae sp. Z",1,1,0,0.00892857142857143,-0.00900900900900901,0,1,1,FALSE
"Nanhai astrovirus LZMB","Eimeria sp. SZMB",1,1,0,0.00892857142857143,-0.00900900900900901,0,1,1,FALSE
"Nanhai astrovirus LZMB","Taeniidae sp. QLXSDD",1,4,0,0.0357142857142857,-0.0182665541450397,0,1,1,FALSE
"Nanhai astrovirus LZMB","Taeniidae sp. LZY",1,1,0,0.00892857142857143,-0.00900900900900901,0,1,1,FALSE
"Nanhai astrovirus LZMB","Taeniidae sp. HBSZ",1,3,0,0.0267857142857143,-0.015746567130481,0,1,1,FALSE
"Nanhai astrovirus LZMB","Opisthorchiidae sp. SZMB",1,1,0,0.00892857142857143,-0.00900900900900901,0,1,1,FALSE
"Nanhai astrovirus LZMB","Eimeriorina sp. RWXLT",1,1,0,0.00892857142857143,-0.00900900900900901,0,1,1,FALSE
"Odontamblyopus rubicundus hepacivirus","Johnius belangerii hepacivirus",2,1,0,0.0178571428571429,-0.0127984438038444,0,1,1,FALSE
"Odontamblyopus rubicundus hepacivirus","Telatrygon zugei hepacivirus",2,1,0,0.0178571428571429,-0.0127984438038444,0,1,1,FALSE
"Odontamblyopus rubicundus hepacivirus","Bombay duck fish bornavirus",2,2,0,0.0357142857142857,-0.0181818181818182,0,1,1,FALSE
"Odontamblyopus rubicundus hepacivirus","Paramonacanthus sulcatus filovirus",2,2,0,0.0357142857142857,-0.0181818181818182,0,1,1,FALSE
"Odontamblyopus rubicundus hepacivirus","Nanhai filovirus 2",2,1,0,0.0178571428571429,-0.0127984438038444,0,1,1,FALSE
"Odontamblyopus rubicundus hepacivirus","Nanhai filovirus 3",2,1,0,0.0178571428571429,-0.0127984438038444,0,1,1,FALSE
"Odontamblyopus rubicundus hepacivirus","Nanhai rhabdovirus 1",2,1,0,0.0178571428571429,-0.0127984438038444,0,1,1,FALSE
"Odontamblyopus rubicundus hepacivirus","Nanhai paramyxovirus 1",2,1,0,0.0178571428571429,-0.0127984438038444,0,1,1,FALSE
"Odontamblyopus rubicundus hepacivirus","Nanhai paramyxovirus 2",2,1,0,0.0178571428571429,-0.0127984438038444,0,1,1,FALSE
"Odontamblyopus rubicundus hepacivirus","Psenopsis anomala artervirus",2,1,0,0.0178571428571429,-0.0127984438038444,0,1,1,FALSE
"Odontamblyopus rubicundus hepacivirus","Nanhai amnoonvirus 1",2,1,0,0.0178571428571429,-0.0127984438038444,0,1,1,FALSE
"Odontamblyopus rubicundus hepacivirus","Arius arius calicivirus",2,2,0,0.0357142857142857,-0.0181818181818182,0,1,1,FALSE
"Odontamblyopus rubicundus hepacivirus","Psenopsis anomala picornavirus",2,1,0,0.0178571428571429,-0.0127984438038444,0,1,1,FALSE
"Odontamblyopus rubicundus hepacivirus","Leiognathus ruconius picornavirus",2,2,0,0.0357142857142857,-0.0181818181818182,0,1,1,FALSE
"Odontamblyopus rubicundus hepacivirus","Polydactylus sextarius picornavirus",2,1,0,0.0178571428571429,-0.0127984438038444,0,1,1,FALSE
"Odontamblyopus rubicundus hepacivirus","Bregmaceros mcclellandi picornavirus",2,1,0,0.0178571428571429,-0.0127984438038444,0,1,1,FALSE
"Odontamblyopus rubicundus hepacivirus","Gymnothorax reevesii picornavirus",2,4,0,0.0714285714285714,-0.0259499648053841,0,1,1,FALSE
"Odontamblyopus rubicundus hepacivirus","Micropterus salmoides reovirus",2,1,0,0.0178571428571429,-0.0127984438038444,0,1,1,FALSE
"Odontamblyopus rubicundus hepacivirus","Wenzhou pacific spadenose shark reovirus 2",2,1,0,0.0178571428571429,-0.0127984438038444,0,1,1,FALSE
"Odontamblyopus rubicundus hepacivirus","Nanhai reo-like virus 1",2,1,0,0.0178571428571429,-0.0127984438038444,0,1,1,FALSE
"Odontamblyopus rubicundus hepacivirus","Nanhai reo-like virus 2",2,2,0,0.0357142857142857,-0.0181818181818182,0,1,1,FALSE
"Odontamblyopus rubicundus hepacivirus","Nanhai reo-like virus 4",2,2,0,0.0357142857142857,-0.0181818181818182,0,1,1,FALSE
"Odontamblyopus rubicundus hepacivirus","Nanhai reo-like virus 5",2,5,0,0.0892857142857143,-0.0291482018664544,0,1,1,FALSE
"Odontamblyopus rubicundus hepacivirus","Nanhai reo-like virus 6",2,5,0,0.0892857142857143,-0.0291482018664544,0,1,1,FALSE
"Odontamblyopus rubicundus hepacivirus","Asian seabass Nervous Necrosis Virus",2,3,0,0.0535714285714286,-0.0223700025520446,0,1,1,FALSE
"Odontamblyopus rubicundus hepacivirus","Aliivibrio fischeri",2,5,0,0.0892857142857143,-0.0291482018664544,0,1,1,FALSE
"Odontamblyopus rubicundus hepacivirus","Acinetobacter johnsonii",2,3,0,0.0535714285714286,-0.0223700025520446,0,1,1,FALSE
"Odontamblyopus rubicundus hepacivirus","Pseudomonas aeruginosa",2,1,0,0.0178571428571429,-0.0127984438038444,0,1,1,FALSE
"Odontamblyopus rubicundus hepacivirus","Vibrio ponticus",2,8,0,0.142857142857143,-0.0373978796003383,0,1,1,FALSE
"Odontamblyopus rubicundus hepacivirus","Photobacterium swingsii",2,1,0,0.0178571428571429,-0.0127984438038444,0,1,1,FALSE
"Odontamblyopus rubicundus hepacivirus","Photobacterium damselae",2,3,0,0.0535714285714286,-0.0223700025520446,0,1,1,FALSE
"Odontamblyopus rubicundus hepacivirus","Photobacterium sp. QLXSD",2,2,0,0.0357142857142857,-0.0181818181818182,0,1,1,FALSE
"Odontamblyopus rubicundus hepacivirus","Clostridium sp. Y",2,3,0,0.0535714285714286,-0.0223700025520446,0,1,1,FALSE
"Odontamblyopus rubicundus hepacivirus","Photobacterium sp.",2,8,0,0.142857142857143,-0.0373978796003383,0,1,1,FALSE
"Odontamblyopus rubicundus hepacivirus","Vibrio sp. Y",2,3,0,0.0535714285714286,-0.0223700025520446,0,1,1,FALSE
"Odontamblyopus rubicundus hepacivirus","Clostridium sp. SQHN",2,1,0,0.0178571428571429,-0.0127984438038444,0,1,1,FALSE
"Odontamblyopus rubicundus hepacivirus","Pseudoloma sp. FJ",2,1,0,0.0178571428571429,-0.0127984438038444,0,1,1,FALSE
"Odontamblyopus rubicundus hepacivirus","Glugea plecoglossi",2,2,0,0.0357142857142857,-0.0181818181818182,0,1,1,FALSE
"Odontamblyopus rubicundus hepacivirus","Toxocara sp. CTSZ",2,19,0,0.339285714285714,-0.0609472313143721,0,1,1,FALSE
"Odontamblyopus rubicundus hepacivirus","Lepeophtheirus sp. SQHN",2,1,0,0.0178571428571429,-0.0127984438038444,0,1,1,FALSE
"Odontamblyopus rubicundus hepacivirus","Toxoplasma sp. LZY",2,1,0,0.0178571428571429,-0.0127984438038444,0,1,1,FALSE
"Odontamblyopus rubicundus hepacivirus","Toxocara sp. LYS",2,1,0,0.0178571428571429,-0.0127984438038444,0,1,1,FALSE
"Odontamblyopus rubicundus hepacivirus","Besnoitia sp. HKL",2,1,0,0.0178571428571429,-0.0127984438038444,0,1,1,FALSE
"Odontamblyopus rubicundus hepacivirus","Caligus sp. RWXLT",2,2,0,0.0357142857142857,-0.0181818181818182,0,1,1,FALSE
"Odontamblyopus rubicundus hepacivirus","Hydatigera sp. SDYY",2,3,0,0.0535714285714286,-0.0223700025520446,0,1,1,FALSE
"Odontamblyopus rubicundus hepacivirus","Cystoisospora sp. DSLT-2",2,1,0,0.0178571428571429,-0.0127984438038444,0,1,1,FALSE
"Odontamblyopus rubicundus hepacivirus","Sarcocystidae sp. DSLT",2,1,0,0.0178571428571429,-0.0127984438038444,0,1,1,FALSE
"Odontamblyopus rubicundus hepacivirus","Sarcocystidae sp. SZMB",2,1,0,0.0178571428571429,-0.0127984438038444,0,1,1,FALSE
"Odontamblyopus rubicundus hepacivirus","Toxocaridae sp. Z",2,1,0,0.0178571428571429,-0.0127984438038444,0,1,1,FALSE
"Odontamblyopus rubicundus hepacivirus","Eimeria sp. SZMB",2,1,0,0.0178571428571429,-0.0127984438038444,0,1,1,FALSE
"Odontamblyopus rubicundus hepacivirus","Taeniidae sp. QLXSDD",2,4,0,0.0714285714285714,-0.0259499648053841,0,1,1,FALSE
"Odontamblyopus rubicundus hepacivirus","Taeniidae sp. LZY",2,1,0,0.0178571428571429,-0.0127984438038444,0,1,1,FALSE
"Odontamblyopus rubicundus hepacivirus","Taeniidae sp. HBSZ",2,3,0,0.0535714285714286,-0.0223700025520446,0,1,1,FALSE
"Odontamblyopus rubicundus hepacivirus","Opisthorchiidae sp. SZMB",2,1,0,0.0178571428571429,-0.0127984438038444,0,1,1,FALSE
"Odontamblyopus rubicundus hepacivirus","Eimeriorina sp. RWXLT",2,1,0,0.0178571428571429,-0.0127984438038444,0,1,1,FALSE
"Johnius belangerii hepacivirus","Telatrygon zugei hepacivirus",1,1,0,0.00892857142857143,-0.00900900900900901,0,1,1,FALSE
"Johnius belangerii hepacivirus","Bombay duck fish bornavirus",1,2,0,0.0178571428571429,-0.0127984438038444,0,1,1,FALSE
"Johnius belangerii hepacivirus","Paramonacanthus sulcatus filovirus",1,2,0,0.0178571428571429,-0.0127984438038444,0,1,1,FALSE
"Johnius belangerii hepacivirus","Nanhai filovirus 2",1,1,0,0.00892857142857143,-0.00900900900900901,0,1,1,FALSE
"Johnius belangerii hepacivirus","Nanhai filovirus 3",1,1,0,0.00892857142857143,-0.00900900900900901,0,1,1,FALSE
"Johnius belangerii hepacivirus","Nanhai rhabdovirus 1",1,1,0,0.00892857142857143,-0.00900900900900901,0,1,1,FALSE
"Johnius belangerii hepacivirus","Nanhai paramyxovirus 1",1,1,0,0.00892857142857143,-0.00900900900900901,0,1,1,FALSE
"Johnius belangerii hepacivirus","Nanhai paramyxovirus 2",1,1,0,0.00892857142857143,-0.00900900900900901,0,1,1,FALSE
"Johnius belangerii hepacivirus","Psenopsis anomala artervirus",1,1,0,0.00892857142857143,-0.00900900900900901,0,1,1,FALSE
"Johnius belangerii hepacivirus","Nanhai amnoonvirus 1",1,1,0,0.00892857142857143,-0.00900900900900901,0,1,1,FALSE
"Johnius belangerii hepacivirus","Arius arius calicivirus",1,2,0,0.0178571428571429,-0.0127984438038444,0,1,1,FALSE
"Johnius belangerii hepacivirus","Psenopsis anomala picornavirus",1,1,0,0.00892857142857143,-0.00900900900900901,0,1,1,FALSE
"Johnius belangerii hepacivirus","Leiognathus ruconius picornavirus",1,2,0,0.0178571428571429,-0.0127984438038444,0,1,1,FALSE
"Johnius belangerii hepacivirus","Polydactylus sextarius picornavirus",1,1,0,0.00892857142857143,-0.00900900900900901,0,1,1,FALSE
"Johnius belangerii hepacivirus","Bregmaceros mcclellandi picornavirus",1,1,0,0.00892857142857143,-0.00900900900900901,0,1,1,FALSE
"Johnius belangerii hepacivirus","Gymnothorax reevesii picornavirus",1,4,0,0.0357142857142857,-0.0182665541450397,0,1,1,FALSE
"Johnius belangerii hepacivirus","Micropterus salmoides reovirus",1,1,0,0.00892857142857143,-0.00900900900900901,0,1,1,FALSE
"Johnius belangerii hepacivirus","Wenzhou pacific spadenose shark reovirus 2",1,1,0,0.00892857142857143,-0.00900900900900901,0,1,1,FALSE
"Johnius belangerii hepacivirus","Nanhai reo-like virus 1",1,1,0,0.00892857142857143,-0.00900900900900901,0,1,1,FALSE
"Johnius belangerii hepacivirus","Nanhai reo-like virus 2",1,2,0,0.0178571428571429,-0.0127984438038444,0,1,1,FALSE
"Johnius belangerii hepacivirus","Nanhai reo-like virus 4",1,2,0,0.0178571428571429,-0.0127984438038444,0,1,1,FALSE
"Johnius belangerii hepacivirus","Nanhai reo-like virus 5",1,5,0,0.0446428571428571,-0.0205178392964012,0,1,1,FALSE
"Johnius belangerii hepacivirus","Nanhai reo-like virus 6",1,5,0,0.0446428571428571,-0.0205178392964012,0,1,1,FALSE
"Johnius belangerii hepacivirus","Nanhai reo-like virus 7",1,2,0,0.0178571428571429,-0.0127984438038444,0,1,1,FALSE
"Johnius belangerii hepacivirus","Asian seabass Nervous Necrosis Virus",1,3,0,0.0267857142857143,-0.015746567130481,0,1,1,FALSE
"Johnius belangerii hepacivirus","Aliivibrio fischeri",1,5,0,0.0446428571428571,-0.0205178392964012,0,1,1,FALSE
"Johnius belangerii hepacivirus","Acinetobacter johnsonii",1,3,0,0.0267857142857143,-0.015746567130481,0,1,1,FALSE
"Johnius belangerii hepacivirus","Pseudomonas aeruginosa",1,1,0,0.00892857142857143,-0.00900900900900901,0,1,1,FALSE
"Johnius belangerii hepacivirus","Vibrio ponticus",1,8,0,0.0714285714285714,-0.0263249063246328,0,1,1,FALSE
"Johnius belangerii hepacivirus","Photobacterium swingsii",1,1,0,0.00892857142857143,-0.00900900900900901,0,1,1,FALSE
"Johnius belangerii hepacivirus","Photobacterium damselae",1,3,0,0.0267857142857143,-0.015746567130481,0,1,1,FALSE
"Johnius belangerii hepacivirus","Photobacterium sp. QLXSD",1,2,0,0.0178571428571429,-0.0127984438038444,0,1,1,FALSE
"Johnius belangerii hepacivirus","Clostridium sp. Y",1,3,0,0.0267857142857143,-0.015746567130481,0,1,1,FALSE
"Johnius belangerii hepacivirus","Photobacterium sp.",1,8,0,0.0714285714285714,-0.0263249063246328,0,1,1,FALSE
"Johnius belangerii hepacivirus","Vibrio sp. Y",1,3,0,0.0267857142857143,-0.015746567130481,0,1,1,FALSE
"Johnius belangerii hepacivirus","Clostridium sp. SQHN",1,1,0,0.00892857142857143,-0.00900900900900901,0,1,1,FALSE
"Johnius belangerii hepacivirus","Pseudoloma sp. FJ",1,1,0,0.00892857142857143,-0.00900900900900901,0,1,1,FALSE
"Johnius belangerii hepacivirus","Glugea plecoglossi",1,2,0,0.0178571428571429,-0.0127984438038444,0,1,1,FALSE
"Johnius belangerii hepacivirus","Toxocara sp. CTSZ",1,19,0,0.169642857142857,-0.0429016343237295,0,1,1,FALSE
"Johnius belangerii hepacivirus","Lepeophtheirus sp. SQHN",1,1,0,0.00892857142857143,-0.00900900900900901,0,1,1,FALSE
"Johnius belangerii hepacivirus","Toxoplasma sp. LZY",1,1,0,0.00892857142857143,-0.00900900900900901,0,1,1,FALSE
"Johnius belangerii hepacivirus","Toxocara sp. LYS",1,1,0,0.00892857142857143,-0.00900900900900901,0,1,1,FALSE
"Johnius belangerii hepacivirus","Besnoitia sp. HKL",1,1,0,0.00892857142857143,-0.00900900900900901,0,1,1,FALSE
"Johnius belangerii hepacivirus","Caligus sp. RWXLT",1,2,0,0.0178571428571429,-0.0127984438038444,0,1,1,FALSE
"Johnius belangerii hepacivirus","Hydatigera sp. SDYY",1,3,0,0.0267857142857143,-0.015746567130481,0,1,1,FALSE
"Johnius belangerii hepacivirus","Cystoisospora sp. DSLT-2",1,1,0,0.00892857142857143,-0.00900900900900901,0,1,1,FALSE
"Johnius belangerii hepacivirus","Sarcocystidae sp. DSLT",1,1,0,0.00892857142857143,-0.00900900900900901,0,1,1,FALSE
"Johnius belangerii hepacivirus","Sarcocystidae sp. SZMB",1,1,0,0.00892857142857143,-0.00900900900900901,0,1,1,FALSE
"Johnius belangerii hepacivirus","Toxocaridae sp. Z",1,1,0,0.00892857142857143,-0.00900900900900901,0,1,1,FALSE
"Johnius belangerii hepacivirus","Eimeria sp. SZMB",1,1,0,0.00892857142857143,-0.00900900900900901,0,1,1,FALSE
"Johnius belangerii hepacivirus","Taeniidae sp. QLXSDD",1,4,0,0.0357142857142857,-0.0182665541450397,0,1,1,FALSE
"Johnius belangerii hepacivirus","Taeniidae sp. LZY",1,1,0,0.00892857142857143,-0.00900900900900901,0,1,1,FALSE
"Johnius belangerii hepacivirus","Taeniidae sp. HBSZ",1,3,0,0.0267857142857143,-0.015746567130481,0,1,1,FALSE
"Johnius belangerii hepacivirus","Opisthorchiidae sp. SZMB",1,1,0,0.00892857142857143,-0.00900900900900901,0,1,1,FALSE
"Johnius belangerii hepacivirus","Eimeriorina sp. RWXLT",1,1,0,0.00892857142857143,-0.00900900900900901,0,1,1,FALSE
"Telatrygon zugei hepacivirus","Bombay duck fish bornavirus",1,2,0,0.0178571428571429,-0.0127984438038444,0,1,1,FALSE
"Telatrygon zugei hepacivirus","Paramonacanthus sulcatus filovirus",1,2,0,0.0178571428571429,-0.0127984438038444,0,1,1,FALSE
"Telatrygon zugei hepacivirus","Nanhai filovirus 2",1,1,0,0.00892857142857143,-0.00900900900900901,0,1,1,FALSE
"Telatrygon zugei hepacivirus","Nanhai filovirus 3",1,1,0,0.00892857142857143,-0.00900900900900901,0,1,1,FALSE
"Telatrygon zugei hepacivirus","Nanhai rhabdovirus 1",1,1,0,0.00892857142857143,-0.00900900900900901,0,1,1,FALSE
"Telatrygon zugei hepacivirus","Nanhai paramyxovirus 1",1,1,0,0.00892857142857143,-0.00900900900900901,0,1,1,FALSE
"Telatrygon zugei hepacivirus","Nanhai paramyxovirus 2",1,1,0,0.00892857142857143,-0.00900900900900901,0,1,1,FALSE
"Telatrygon zugei hepacivirus","Psenopsis anomala artervirus",1,1,0,0.00892857142857143,-0.00900900900900901,0,1,1,FALSE
"Telatrygon zugei hepacivirus","Nanhai amnoonvirus 1",1,1,0,0.00892857142857143,-0.00900900900900901,0,1,1,FALSE
"Telatrygon zugei hepacivirus","Arius arius calicivirus",1,2,0,0.0178571428571429,-0.0127984438038444,0,1,1,FALSE
"Telatrygon zugei hepacivirus","Psenopsis anomala picornavirus",1,1,0,0.00892857142857143,-0.00900900900900901,0,1,1,FALSE
"Telatrygon zugei hepacivirus","Leiognathus ruconius picornavirus",1,2,0,0.0178571428571429,-0.0127984438038444,0,1,1,FALSE
"Telatrygon zugei hepacivirus","Polydactylus sextarius picornavirus",1,1,0,0.00892857142857143,-0.00900900900900901,0,1,1,FALSE
"Telatrygon zugei hepacivirus","Bregmaceros mcclellandi picornavirus",1,1,0,0.00892857142857143,-0.00900900900900901,0,1,1,FALSE
"Telatrygon zugei hepacivirus","Gymnothorax reevesii picornavirus",1,4,0,0.0357142857142857,-0.0182665541450397,0,1,1,FALSE
"Telatrygon zugei hepacivirus","Micropterus salmoides reovirus",1,1,0,0.00892857142857143,-0.00900900900900901,0,1,1,FALSE
"Telatrygon zugei hepacivirus","Wenzhou pacific spadenose shark reovirus 2",1,1,0,0.00892857142857143,-0.00900900900900901,0,1,1,FALSE
"Telatrygon zugei hepacivirus","Nanhai reo-like virus 1",1,1,0,0.00892857142857143,-0.00900900900900901,0,1,1,FALSE
"Telatrygon zugei hepacivirus","Nanhai reo-like virus 2",1,2,0,0.0178571428571429,-0.0127984438038444,0,1,1,FALSE
"Telatrygon zugei hepacivirus","Nanhai reo-like virus 4",1,2,0,0.0178571428571429,-0.0127984438038444,0,1,1,FALSE
"Telatrygon zugei hepacivirus","Nanhai reo-like virus 5",1,5,0,0.0446428571428571,-0.0205178392964012,0,1,1,FALSE
"Telatrygon zugei hepacivirus","Nanhai reo-like virus 6",1,5,0,0.0446428571428571,-0.0205178392964012,0,1,1,FALSE
"Telatrygon zugei hepacivirus","Nanhai reo-like virus 7",1,2,0,0.0178571428571429,-0.0127984438038444,0,1,1,FALSE
"Telatrygon zugei hepacivirus","Asian seabass Nervous Necrosis Virus",1,3,0,0.0267857142857143,-0.015746567130481,0,1,1,FALSE
"Telatrygon zugei hepacivirus","Aliivibrio fischeri",1,5,0,0.0446428571428571,-0.0205178392964012,0,1,1,FALSE
"Telatrygon zugei hepacivirus","Acinetobacter johnsonii",1,3,0,0.0267857142857143,-0.015746567130481,0,1,1,FALSE
"Telatrygon zugei hepacivirus","Pseudomonas aeruginosa",1,1,0,0.00892857142857143,-0.00900900900900901,0,1,1,FALSE
"Telatrygon zugei hepacivirus","Vibrio ponticus",1,8,0,0.0714285714285714,-0.0263249063246328,0,1,1,FALSE
"Telatrygon zugei hepacivirus","Photobacterium swingsii",1,1,0,0.00892857142857143,-0.00900900900900901,0,1,1,FALSE
"Telatrygon zugei hepacivirus","Photobacterium damselae",1,3,0,0.0267857142857143,-0.015746567130481,0,1,1,FALSE
"Telatrygon zugei hepacivirus","Photobacterium sp. QLXSD",1,2,0,0.0178571428571429,-0.0127984438038444,0,1,1,FALSE
"Telatrygon zugei hepacivirus","Clostridium sp. Y",1,3,0,0.0267857142857143,-0.015746567130481,0,1,1,FALSE
"Telatrygon zugei hepacivirus","Photobacterium sp.",1,8,0,0.0714285714285714,-0.0263249063246328,0,1,1,FALSE
"Telatrygon zugei hepacivirus","Vibrio sp. Y",1,3,0,0.0267857142857143,-0.015746567130481,0,1,1,FALSE
"Telatrygon zugei hepacivirus","Clostridium sp. SQHN",1,1,0,0.00892857142857143,-0.00900900900900901,0,1,1,FALSE
"Telatrygon zugei hepacivirus","Pseudoloma sp. FJ",1,1,0,0.00892857142857143,-0.00900900900900901,0,1,1,FALSE
"Telatrygon zugei hepacivirus","Glugea plecoglossi",1,2,0,0.0178571428571429,-0.0127984438038444,0,1,1,FALSE
"Telatrygon zugei hepacivirus","Toxocara sp. CTSZ",1,19,0,0.169642857142857,-0.0429016343237295,0,1,1,FALSE
"Telatrygon zugei hepacivirus","Lepeophtheirus sp. SQHN",1,1,0,0.00892857142857143,-0.00900900900900901,0,1,1,FALSE
"Telatrygon zugei hepacivirus","Toxoplasma sp. LZY",1,1,0,0.00892857142857143,-0.00900900900900901,0,1,1,FALSE
"Telatrygon zugei hepacivirus","Toxocara sp. LYS",1,1,0,0.00892857142857143,-0.00900900900900901,0,1,1,FALSE
"Telatrygon zugei hepacivirus","Besnoitia sp. HKL",1,1,0,0.00892857142857143,-0.00900900900900901,0,1,1,FALSE
"Telatrygon zugei hepacivirus","Caligus sp. RWXLT",1,2,0,0.0178571428571429,-0.0127984438038444,0,1,1,FALSE
"Telatrygon zugei hepacivirus","Hydatigera sp. SDYY",1,3,0,0.0267857142857143,-0.015746567130481,0,1,1,FALSE
"Telatrygon zugei hepacivirus","Cystoisospora sp. DSLT-2",1,1,0,0.00892857142857143,-0.00900900900900901,0,1,1,FALSE
"Telatrygon zugei hepacivirus","Sarcocystidae sp. DSLT",1,1,0,0.00892857142857143,-0.00900900900900901,0,1,1,FALSE
"Telatrygon zugei hepacivirus","Sarcocystidae sp. SZMB",1,1,0,0.00892857142857143,-0.00900900900900901,0,1,1,FALSE
"Telatrygon zugei hepacivirus","Toxocaridae sp. Z",1,1,0,0.00892857142857143,-0.00900900900900901,0,1,1,FALSE
"Telatrygon zugei hepacivirus","Eimeria sp. SZMB",1,1,0,0.00892857142857143,-0.00900900900900901,0,1,1,FALSE
"Telatrygon zugei hepacivirus","Taeniidae sp. QLXSDD",1,4,0,0.0357142857142857,-0.0182665541450397,0,1,1,FALSE
"Telatrygon zugei hepacivirus","Taeniidae sp. LZY",1,1,0,0.00892857142857143,-0.00900900900900901,0,1,1,FALSE
"Telatrygon zugei hepacivirus","Taeniidae sp. HBSZ",1,3,0,0.0267857142857143,-0.015746567130481,0,1,1,FALSE
"Telatrygon zugei hepacivirus","Opisthorchiidae sp. SZMB",1,1,0,0.00892857142857143,-0.00900900900900901,0,1,1,FALSE
"Telatrygon zugei hepacivirus","Eimeriorina sp. RWXLT",1,1,0,0.00892857142857143,-0.00900900900900901,0,1,1,FALSE
"Bombay duck fish bornavirus","Paramonacanthus sulcatus filovirus",2,2,0,0.0357142857142857,-0.0181818181818182,0,1,1,FALSE
"Bombay duck fish bornavirus","Nanhai filovirus 2",2,1,0,0.0178571428571429,-0.0127984438038444,0,1,1,FALSE
"Bombay duck fish bornavirus","Nanhai filovirus 3",2,1,0,0.0178571428571429,-0.0127984438038444,0,1,1,FALSE
"Bombay duck fish bornavirus","Nanhai rhabdovirus 1",2,1,0,0.0178571428571429,-0.0127984438038444,0,1,1,FALSE
"Bombay duck fish bornavirus","Nanhai paramyxovirus 1",2,1,0,0.0178571428571429,-0.0127984438038444,0,1,1,FALSE
"Bombay duck fish bornavirus","Nanhai paramyxovirus 2",2,1,0,0.0178571428571429,-0.0127984438038444,0,1,1,FALSE
"Bombay duck fish bornavirus","Psenopsis anomala artervirus",2,1,0,0.0178571428571429,-0.0127984438038444,0,1,1,FALSE
"Bombay duck fish bornavirus","Nanhai amnoonvirus 1",2,1,0,0.0178571428571429,-0.0127984438038444,0,1,1,FALSE
"Bombay duck fish bornavirus","Arius arius calicivirus",2,2,0,0.0357142857142857,-0.0181818181818182,0,1,1,FALSE
"Bombay duck fish bornavirus","Psenopsis anomala picornavirus",2,1,0,0.0178571428571429,-0.0127984438038444,0,1,1,FALSE
"Bombay duck fish bornavirus","Leiognathus ruconius picornavirus",2,2,0,0.0357142857142857,-0.0181818181818182,0,1,1,FALSE
"Bombay duck fish bornavirus","Polydactylus sextarius picornavirus",2,1,0,0.0178571428571429,-0.0127984438038444,0,1,1,FALSE
"Bombay duck fish bornavirus","Bregmaceros mcclellandi picornavirus",2,1,0,0.0178571428571429,-0.0127984438038444,0,1,1,FALSE
"Bombay duck fish bornavirus","Gymnothorax reevesii picornavirus",2,4,0,0.0714285714285714,-0.0259499648053841,0,1,1,FALSE
"Bombay duck fish bornavirus","Micropterus salmoides reovirus",2,1,0,0.0178571428571429,-0.0127984438038444,0,1,1,FALSE
"Bombay duck fish bornavirus","Wenzhou pacific spadenose shark reovirus 2",2,1,0,0.0178571428571429,-0.0127984438038444,0,1,1,FALSE
"Bombay duck fish bornavirus","Nanhai reo-like virus 1",2,1,0,0.0178571428571429,-0.0127984438038444,0,1,1,FALSE
"Bombay duck fish bornavirus","Nanhai reo-like virus 2",2,2,0,0.0357142857142857,-0.0181818181818182,0,1,1,FALSE
"Bombay duck fish bornavirus","Nanhai reo-like virus 4",2,2,0,0.0357142857142857,-0.0181818181818182,0,1,1,FALSE
"Bombay duck fish bornavirus","Nanhai reo-like virus 5",2,5,0,0.0892857142857143,-0.0291482018664544,0,1,1,FALSE
"Bombay duck fish bornavirus","Nanhai reo-like virus 6",2,5,0,0.0892857142857143,-0.0291482018664544,0,1,1,FALSE
"Bombay duck fish bornavirus","Nanhai reo-like virus 7",2,2,0,0.0357142857142857,-0.0181818181818182,0,1,1,FALSE
"Bombay duck fish bornavirus","Asian seabass Nervous Necrosis Virus",2,3,0,0.0535714285714286,-0.0223700025520446,0,1,1,FALSE
"Bombay duck fish bornavirus","Aliivibrio fischeri",2,5,0,0.0892857142857143,-0.0291482018664544,0,1,1,FALSE
"Bombay duck fish bornavirus","Acinetobacter johnsonii",2,3,0,0.0535714285714286,-0.0223700025520446,0,1,1,FALSE
"Bombay duck fish bornavirus","Pseudomonas aeruginosa",2,1,0,0.0178571428571429,-0.0127984438038444,0,1,1,FALSE
"Bombay duck fish bornavirus","Vibrio ponticus",2,8,0,0.142857142857143,-0.0373978796003383,0,1,1,FALSE
"Bombay duck fish bornavirus","Photobacterium swingsii",2,1,0,0.0178571428571429,-0.0127984438038444,0,1,1,FALSE
"Bombay duck fish bornavirus","Photobacterium damselae",2,3,0,0.0535714285714286,-0.0223700025520446,0,1,1,FALSE
"Bombay duck fish bornavirus","Photobacterium sp. QLXSD",2,2,0,0.0357142857142857,-0.0181818181818182,0,1,1,FALSE
"Bombay duck fish bornavirus","Clostridium sp. Y",2,3,0,0.0535714285714286,-0.0223700025520446,0,1,1,FALSE
"Bombay duck fish bornavirus","Photobacterium sp.",2,8,0,0.142857142857143,-0.0373978796003383,0,1,1,FALSE
"Bombay duck fish bornavirus","Vibrio sp. Y",2,3,0,0.0535714285714286,-0.0223700025520446,0,1,1,FALSE
"Bombay duck fish bornavirus","Clostridium sp. SQHN",2,1,0,0.0178571428571429,-0.0127984438038444,0,1,1,FALSE
"Bombay duck fish bornavirus","Pseudoloma sp. FJ",2,1,0,0.0178571428571429,-0.0127984438038444,0,1,1,FALSE
"Bombay duck fish bornavirus","Glugea plecoglossi",2,2,0,0.0357142857142857,-0.0181818181818182,0,1,1,FALSE
"Bombay duck fish bornavirus","Lepeophtheirus sp. SQHN",2,1,0,0.0178571428571429,-0.0127984438038444,0,1,1,FALSE
"Bombay duck fish bornavirus","Toxoplasma sp. LZY",2,1,0,0.0178571428571429,-0.0127984438038444,0,1,1,FALSE
"Bombay duck fish bornavirus","Toxocara sp. LYS",2,1,0,0.0178571428571429,-0.0127984438038444,0,1,1,FALSE
"Bombay duck fish bornavirus","Besnoitia sp. HKL",2,1,0,0.0178571428571429,-0.0127984438038444,0,1,1,FALSE
"Bombay duck fish bornavirus","Caligus sp. RWXLT",2,2,0,0.0357142857142857,-0.0181818181818182,0,1,1,FALSE
"Bombay duck fish bornavirus","Hydatigera sp. SDYY",2,3,0,0.0535714285714286,-0.0223700025520446,0,1,1,FALSE
"Bombay duck fish bornavirus","Cystoisospora sp. DSLT-2",2,1,0,0.0178571428571429,-0.0127984438038444,0,1,1,FALSE
"Bombay duck fish bornavirus","Sarcocystidae sp. DSLT",2,1,0,0.0178571428571429,-0.0127984438038444,0,1,1,FALSE
"Bombay duck fish bornavirus","Sarcocystidae sp. SZMB",2,1,0,0.0178571428571429,-0.0127984438038444,0,1,1,FALSE
"Bombay duck fish bornavirus","Toxocaridae sp. Z",2,1,0,0.0178571428571429,-0.0127984438038444,0,1,1,FALSE
"Bombay duck fish bornavirus","Eimeria sp. SZMB",2,1,0,0.0178571428571429,-0.0127984438038444,0,1,1,FALSE
"Bombay duck fish bornavirus","Taeniidae sp. QLXSDD",2,4,0,0.0714285714285714,-0.0259499648053841,0,1,1,FALSE
"Bombay duck fish bornavirus","Taeniidae sp. LZY",2,1,0,0.0178571428571429,-0.0127984438038444,0,1,1,FALSE
"Bombay duck fish bornavirus","Taeniidae sp. HBSZ",2,3,0,0.0535714285714286,-0.0223700025520446,0,1,1,FALSE
"Bombay duck fish bornavirus","Opisthorchiidae sp. SZMB",2,1,0,0.0178571428571429,-0.0127984438038444,0,1,1,FALSE
"Bombay duck fish bornavirus","Eimeriorina sp. RWXLT",2,1,0,0.0178571428571429,-0.0127984438038444,0,1,1,FALSE
"Paramonacanthus sulcatus filovirus","Nanhai filovirus 2",2,1,0,0.0178571428571429,-0.0127984438038444,0,1,1,FALSE
"Paramonacanthus sulcatus filovirus","Nanhai filovirus 3",2,1,0,0.0178571428571429,-0.0127984438038444,0,1,1,FALSE
"Paramonacanthus sulcatus filovirus","Nanhai rhabdovirus 1",2,1,0,0.0178571428571429,-0.0127984438038444,0,1,1,FALSE
"Paramonacanthus sulcatus filovirus","Nanhai paramyxovirus 1",2,1,0,0.0178571428571429,-0.0127984438038444,0,1,1,FALSE
"Paramonacanthus sulcatus filovirus","Nanhai paramyxovirus 2",2,1,0,0.0178571428571429,-0.0127984438038444,0,1,1,FALSE
"Paramonacanthus sulcatus filovirus","Psenopsis anomala artervirus",2,1,0,0.0178571428571429,-0.0127984438038444,0,1,1,FALSE
"Paramonacanthus sulcatus filovirus","Nanhai amnoonvirus 1",2,1,0,0.0178571428571429,-0.0127984438038444,0,1,1,FALSE
"Paramonacanthus sulcatus filovirus","Arius arius calicivirus",2,2,0,0.0357142857142857,-0.0181818181818182,0,1,1,FALSE
"Paramonacanthus sulcatus filovirus","Psenopsis anomala picornavirus",2,1,0,0.0178571428571429,-0.0127984438038444,0,1,1,FALSE
"Paramonacanthus sulcatus filovirus","Leiognathus ruconius picornavirus",2,2,0,0.0357142857142857,-0.0181818181818182,0,1,1,FALSE
"Paramonacanthus sulcatus filovirus","Polydactylus sextarius picornavirus",2,1,0,0.0178571428571429,-0.0127984438038444,0,1,1,FALSE
"Paramonacanthus sulcatus filovirus","Bregmaceros mcclellandi picornavirus",2,1,0,0.0178571428571429,-0.0127984438038444,0,1,1,FALSE
"Paramonacanthus sulcatus filovirus","Gymnothorax reevesii picornavirus",2,4,0,0.0714285714285714,-0.0259499648053841,0,1,1,FALSE
"Paramonacanthus sulcatus filovirus","Micropterus salmoides reovirus",2,1,0,0.0178571428571429,-0.0127984438038444,0,1,1,FALSE
"Paramonacanthus sulcatus filovirus","Wenzhou pacific spadenose shark reovirus 2",2,1,0,0.0178571428571429,-0.0127984438038444,0,1,1,FALSE
"Paramonacanthus sulcatus filovirus","Nanhai reo-like virus 1",2,1,0,0.0178571428571429,-0.0127984438038444,0,1,1,FALSE
"Paramonacanthus sulcatus filovirus","Nanhai reo-like virus 2",2,2,0,0.0357142857142857,-0.0181818181818182,0,1,1,FALSE
"Paramonacanthus sulcatus filovirus","Nanhai reo-like virus 4",2,2,0,0.0357142857142857,-0.0181818181818182,0,1,1,FALSE
"Paramonacanthus sulcatus filovirus","Nanhai reo-like virus 7",2,2,0,0.0357142857142857,-0.0181818181818182,0,1,1,FALSE
"Paramonacanthus sulcatus filovirus","Asian seabass Nervous Necrosis Virus",2,3,0,0.0535714285714286,-0.0223700025520446,0,1,1,FALSE
"Paramonacanthus sulcatus filovirus","Pseudomonas aeruginosa",2,1,0,0.0178571428571429,-0.0127984438038444,0,1,1,FALSE
"Paramonacanthus sulcatus filovirus","Photobacterium swingsii",2,1,0,0.0178571428571429,-0.0127984438038444,0,1,1,FALSE
"Paramonacanthus sulcatus filovirus","Photobacterium sp. QLXSD",2,2,0,0.0357142857142857,-0.0181818181818182,0,1,1,FALSE
"Paramonacanthus sulcatus filovirus","Clostridium sp. Y",2,3,0,0.0535714285714286,-0.0223700025520446,0,1,1,FALSE
"Paramonacanthus sulcatus filovirus","Photobacterium sp.",2,8,0,0.142857142857143,-0.0373978796003383,0,1,1,FALSE
"Paramonacanthus sulcatus filovirus","Vibrio sp. Y",2,3,0,0.0535714285714286,-0.0223700025520446,0,1,1,FALSE
"Paramonacanthus sulcatus filovirus","Clostridium sp. SQHN",2,1,0,0.0178571428571429,-0.0127984438038444,0,1,1,FALSE
"Paramonacanthus sulcatus filovirus","Pseudoloma sp. FJ",2,1,0,0.0178571428571429,-0.0127984438038444,0,1,1,FALSE
"Paramonacanthus sulcatus filovirus","Glugea plecoglossi",2,2,0,0.0357142857142857,-0.0181818181818182,0,1,1,FALSE
"Paramonacanthus sulcatus filovirus","Lepeophtheirus sp. SQHN",2,1,0,0.0178571428571429,-0.0127984438038444,0,1,1,FALSE
"Paramonacanthus sulcatus filovirus","Toxoplasma sp. LZY",2,1,0,0.0178571428571429,-0.0127984438038444,0,1,1,FALSE
"Paramonacanthus sulcatus filovirus","Toxocara sp. LYS",2,1,0,0.0178571428571429,-0.0127984438038444,0,1,1,FALSE
"Paramonacanthus sulcatus filovirus","Besnoitia sp. HKL",2,1,0,0.0178571428571429,-0.0127984438038444,0,1,1,FALSE
"Paramonacanthus sulcatus filovirus","Hydatigera sp. SDYY",2,3,0,0.0535714285714286,-0.0223700025520446,0,1,1,FALSE
"Paramonacanthus sulcatus filovirus","Cystoisospora sp. DSLT-2",2,1,0,0.0178571428571429,-0.0127984438038444,0,1,1,FALSE
"Paramonacanthus sulcatus filovirus","Sarcocystidae sp. DSLT",2,1,0,0.0178571428571429,-0.0127984438038444,0,1,1,FALSE
"Paramonacanthus sulcatus filovirus","Sarcocystidae sp. SZMB",2,1,0,0.0178571428571429,-0.0127984438038444,0,1,1,FALSE
"Paramonacanthus sulcatus filovirus","Toxocaridae sp. Z",2,1,0,0.0178571428571429,-0.0127984438038444,0,1,1,FALSE
"Paramonacanthus sulcatus filovirus","Eimeria sp. SZMB",2,1,0,0.0178571428571429,-0.0127984438038444,0,1,1,FALSE
"Paramonacanthus sulcatus filovirus","Taeniidae sp. QLXSDD",2,4,0,0.0714285714285714,-0.0259499648053841,0,1,1,FALSE
"Paramonacanthus sulcatus filovirus","Taeniidae sp. LZY",2,1,0,0.0178571428571429,-0.0127984438038444,0,1,1,FALSE
"Paramonacanthus sulcatus filovirus","Taeniidae sp. HBSZ",2,3,0,0.0535714285714286,-0.0223700025520446,0,1,1,FALSE
"Paramonacanthus sulcatus filovirus","Opisthorchiidae sp. SZMB",2,1,0,0.0178571428571429,-0.0127984438038444,0,1,1,FALSE
"Paramonacanthus sulcatus filovirus","Eimeriorina sp. RWXLT",2,1,0,0.0178571428571429,-0.0127984438038444,0,1,1,FALSE
"Nanhai filovirus 2","Nanhai filovirus 3",1,1,0,0.00892857142857143,-0.00900900900900901,0,1,1,FALSE
"Nanhai filovirus 2","Nanhai rhabdovirus 1",1,1,0,0.00892857142857143,-0.00900900900900901,0,1,1,FALSE
"Nanhai filovirus 2","Nanhai paramyxovirus 1",1,1,0,0.00892857142857143,-0.00900900900900901,0,1,1,FALSE
"Nanhai filovirus 2","Nanhai paramyxovirus 2",1,1,0,0.00892857142857143,-0.00900900900900901,0,1,1,FALSE
"Nanhai filovirus 2","Psenopsis anomala artervirus",1,1,0,0.00892857142857143,-0.00900900900900901,0,1,1,FALSE
"Nanhai filovirus 2","Nanhai amnoonvirus 1",1,1,0,0.00892857142857143,-0.00900900900900901,0,1,1,FALSE
"Nanhai filovirus 2","Arius arius calicivirus",1,2,0,0.0178571428571429,-0.0127984438038444,0,1,1,FALSE
"Nanhai filovirus 2","Psenopsis anomala picornavirus",1,1,0,0.00892857142857143,-0.00900900900900901,0,1,1,FALSE
"Nanhai filovirus 2","Leiognathus ruconius picornavirus",1,2,0,0.0178571428571429,-0.0127984438038444,0,1,1,FALSE
"Nanhai filovirus 2","Polydactylus sextarius picornavirus",1,1,0,0.00892857142857143,-0.00900900900900901,0,1,1,FALSE
"Nanhai filovirus 2","Bregmaceros mcclellandi picornavirus",1,1,0,0.00892857142857143,-0.00900900900900901,0,1,1,FALSE
"Nanhai filovirus 2","Gymnothorax reevesii picornavirus",1,4,0,0.0357142857142857,-0.0182665541450397,0,1,1,FALSE
"Nanhai filovirus 2","Micropterus salmoides reovirus",1,1,0,0.00892857142857143,-0.00900900900900901,0,1,1,FALSE
"Nanhai filovirus 2","Wenzhou pacific spadenose shark reovirus 2",1,1,0,0.00892857142857143,-0.00900900900900901,0,1,1,FALSE
"Nanhai filovirus 2","Nanhai reo-like virus 1",1,1,0,0.00892857142857143,-0.00900900900900901,0,1,1,FALSE
"Nanhai filovirus 2","Nanhai reo-like virus 2",1,2,0,0.0178571428571429,-0.0127984438038444,0,1,1,FALSE
"Nanhai filovirus 2","Nanhai reo-like virus 4",1,2,0,0.0178571428571429,-0.0127984438038444,0,1,1,FALSE
"Nanhai filovirus 2","Nanhai reo-like virus 5",1,5,0,0.0446428571428571,-0.0205178392964012,0,1,1,FALSE
"Nanhai filovirus 2","Nanhai reo-like virus 6",1,5,0,0.0446428571428571,-0.0205178392964012,0,1,1,FALSE
"Nanhai filovirus 2","Nanhai reo-like virus 7",1,2,0,0.0178571428571429,-0.0127984438038444,0,1,1,FALSE
"Nanhai filovirus 2","Asian seabass Nervous Necrosis Virus",1,3,0,0.0267857142857143,-0.015746567130481,0,1,1,FALSE
"Nanhai filovirus 2","Aliivibrio fischeri",1,5,0,0.0446428571428571,-0.0205178392964012,0,1,1,FALSE
"Nanhai filovirus 2","Acinetobacter johnsonii",1,3,0,0.0267857142857143,-0.015746567130481,0,1,1,FALSE
"Nanhai filovirus 2","Pseudomonas aeruginosa",1,1,0,0.00892857142857143,-0.00900900900900901,0,1,1,FALSE
"Nanhai filovirus 2","Vibrio ponticus",1,8,0,0.0714285714285714,-0.0263249063246328,0,1,1,FALSE
"Nanhai filovirus 2","Photobacterium swingsii",1,1,0,0.00892857142857143,-0.00900900900900901,0,1,1,FALSE
"Nanhai filovirus 2","Photobacterium damselae",1,3,0,0.0267857142857143,-0.015746567130481,0,1,1,FALSE
"Nanhai filovirus 2","Photobacterium sp. QLXSD",1,2,0,0.0178571428571429,-0.0127984438038444,0,1,1,FALSE
"Nanhai filovirus 2","Clostridium sp. Y",1,3,0,0.0267857142857143,-0.015746567130481,0,1,1,FALSE
"Nanhai filovirus 2","Photobacterium sp.",1,8,0,0.0714285714285714,-0.0263249063246328,0,1,1,FALSE
"Nanhai filovirus 2","Vibrio sp. Y",1,3,0,0.0267857142857143,-0.015746567130481,0,1,1,FALSE
"Nanhai filovirus 2","Clostridium sp. SQHN",1,1,0,0.00892857142857143,-0.00900900900900901,0,1,1,FALSE
"Nanhai filovirus 2","Pseudoloma sp. FJ",1,1,0,0.00892857142857143,-0.00900900900900901,0,1,1,FALSE
"Nanhai filovirus 2","Glugea plecoglossi",1,2,0,0.0178571428571429,-0.0127984438038444,0,1,1,FALSE
"Nanhai filovirus 2","Toxocara sp. CTSZ",1,19,0,0.169642857142857,-0.0429016343237295,0,1,1,FALSE
"Nanhai filovirus 2","Lepeophtheirus sp. SQHN",1,1,0,0.00892857142857143,-0.00900900900900901,0,1,1,FALSE
"Nanhai filovirus 2","Toxoplasma sp. LZY",1,1,0,0.00892857142857143,-0.00900900900900901,0,1,1,FALSE
"Nanhai filovirus 2","Toxocara sp. LYS",1,1,0,0.00892857142857143,-0.00900900900900901,0,1,1,FALSE
"Nanhai filovirus 2","Besnoitia sp. HKL",1,1,0,0.00892857142857143,-0.00900900900900901,0,1,1,FALSE
"Nanhai filovirus 2","Caligus sp. RWXLT",1,2,0,0.0178571428571429,-0.0127984438038444,0,1,1,FALSE
"Nanhai filovirus 2","Hydatigera sp. SDYY",1,3,0,0.0267857142857143,-0.015746567130481,0,1,1,FALSE
"Nanhai filovirus 2","Cystoisospora sp. DSLT-2",1,1,0,0.00892857142857143,-0.00900900900900901,0,1,1,FALSE
"Nanhai filovirus 2","Sarcocystidae sp. DSLT",1,1,0,0.00892857142857143,-0.00900900900900901,0,1,1,FALSE
"Nanhai filovirus 2","Sarcocystidae sp. SZMB",1,1,0,0.00892857142857143,-0.00900900900900901,0,1,1,FALSE
"Nanhai filovirus 2","Toxocaridae sp. Z",1,1,0,0.00892857142857143,-0.00900900900900901,0,1,1,FALSE
"Nanhai filovirus 2","Eimeria sp. SZMB",1,1,0,0.00892857142857143,-0.00900900900900901,0,1,1,FALSE
"Nanhai filovirus 2","Taeniidae sp. QLXSDD",1,4,0,0.0357142857142857,-0.0182665541450397,0,1,1,FALSE
"Nanhai filovirus 2","Taeniidae sp. LZY",1,1,0,0.00892857142857143,-0.00900900900900901,0,1,1,FALSE
"Nanhai filovirus 2","Opisthorchiidae sp. SZMB",1,1,0,0.00892857142857143,-0.00900900900900901,0,1,1,FALSE
"Nanhai filovirus 2","Eimeriorina sp. RWXLT",1,1,0,0.00892857142857143,-0.00900900900900901,0,1,1,FALSE
"Nanhai filovirus 3","Nanhai rhabdovirus 1",1,1,0,0.00892857142857143,-0.00900900900900901,0,1,1,FALSE
"Nanhai filovirus 3","Nanhai paramyxovirus 1",1,1,0,0.00892857142857143,-0.00900900900900901,0,1,1,FALSE
"Nanhai filovirus 3","Nanhai paramyxovirus 2",1,1,0,0.00892857142857143,-0.00900900900900901,0,1,1,FALSE
"Nanhai filovirus 3","Psenopsis anomala artervirus",1,1,0,0.00892857142857143,-0.00900900900900901,0,1,1,FALSE
"Nanhai filovirus 3","Nanhai amnoonvirus 1",1,1,0,0.00892857142857143,-0.00900900900900901,0,1,1,FALSE
"Nanhai filovirus 3","Arius arius calicivirus",1,2,0,0.0178571428571429,-0.0127984438038444,0,1,1,FALSE
"Nanhai filovirus 3","Psenopsis anomala picornavirus",1,1,0,0.00892857142857143,-0.00900900900900901,0,1,1,FALSE
"Nanhai filovirus 3","Leiognathus ruconius picornavirus",1,2,0,0.0178571428571429,-0.0127984438038444,0,1,1,FALSE
"Nanhai filovirus 3","Polydactylus sextarius picornavirus",1,1,0,0.00892857142857143,-0.00900900900900901,0,1,1,FALSE
"Nanhai filovirus 3","Bregmaceros mcclellandi picornavirus",1,1,0,0.00892857142857143,-0.00900900900900901,0,1,1,FALSE
"Nanhai filovirus 3","Gymnothorax reevesii picornavirus",1,4,0,0.0357142857142857,-0.0182665541450397,0,1,1,FALSE
"Nanhai filovirus 3","Micropterus salmoides reovirus",1,1,0,0.00892857142857143,-0.00900900900900901,0,1,1,FALSE
"Nanhai filovirus 3","Wenzhou pacific spadenose shark reovirus 2",1,1,0,0.00892857142857143,-0.00900900900900901,0,1,1,FALSE
"Nanhai filovirus 3","Nanhai reo-like virus 1",1,1,0,0.00892857142857143,-0.00900900900900901,0,1,1,FALSE
"Nanhai filovirus 3","Nanhai reo-like virus 2",1,2,0,0.0178571428571429,-0.0127984438038444,0,1,1,FALSE
"Nanhai filovirus 3","Nanhai reo-like virus 4",1,2,0,0.0178571428571429,-0.0127984438038444,0,1,1,FALSE
"Nanhai filovirus 3","Nanhai reo-like virus 5",1,5,0,0.0446428571428571,-0.0205178392964012,0,1,1,FALSE
"Nanhai filovirus 3","Nanhai reo-like virus 6",1,5,0,0.0446428571428571,-0.0205178392964012,0,1,1,FALSE
"Nanhai filovirus 3","Nanhai reo-like virus 7",1,2,0,0.0178571428571429,-0.0127984438038444,0,1,1,FALSE
"Nanhai filovirus 3","Asian seabass Nervous Necrosis Virus",1,3,0,0.0267857142857143,-0.015746567130481,0,1,1,FALSE
"Nanhai filovirus 3","Aliivibrio fischeri",1,5,0,0.0446428571428571,-0.0205178392964012,0,1,1,FALSE
"Nanhai filovirus 3","Pseudomonas aeruginosa",1,1,0,0.00892857142857143,-0.00900900900900901,0,1,1,FALSE
"Nanhai filovirus 3","Vibrio ponticus",1,8,0,0.0714285714285714,-0.0263249063246328,0,1,1,FALSE
"Nanhai filovirus 3","Photobacterium swingsii",1,1,0,0.00892857142857143,-0.00900900900900901,0,1,1,FALSE
"Nanhai filovirus 3","Photobacterium damselae",1,3,0,0.0267857142857143,-0.015746567130481,0,1,1,FALSE
"Nanhai filovirus 3","Photobacterium sp. QLXSD",1,2,0,0.0178571428571429,-0.0127984438038444,0,1,1,FALSE
"Nanhai filovirus 3","Clostridium sp. Y",1,3,0,0.0267857142857143,-0.015746567130481,0,1,1,FALSE
"Nanhai filovirus 3","Photobacterium sp.",1,8,0,0.0714285714285714,-0.0263249063246328,0,1,1,FALSE
"Nanhai filovirus 3","Vibrio sp. Y",1,3,0,0.0267857142857143,-0.015746567130481,0,1,1,FALSE
"Nanhai filovirus 3","Clostridium sp. SQHN",1,1,0,0.00892857142857143,-0.00900900900900901,0,1,1,FALSE
"Nanhai filovirus 3","Pseudoloma sp. FJ",1,1,0,0.00892857142857143,-0.00900900900900901,0,1,1,FALSE
"Nanhai filovirus 3","Glugea plecoglossi",1,2,0,0.0178571428571429,-0.0127984438038444,0,1,1,FALSE
"Nanhai filovirus 3","Lepeophtheirus sp. SQHN",1,1,0,0.00892857142857143,-0.00900900900900901,0,1,1,FALSE
"Nanhai filovirus 3","Toxoplasma sp. LZY",1,1,0,0.00892857142857143,-0.00900900900900901,0,1,1,FALSE
"Nanhai filovirus 3","Toxocara sp. LYS",1,1,0,0.00892857142857143,-0.00900900900900901,0,1,1,FALSE
"Nanhai filovirus 3","Besnoitia sp. HKL",1,1,0,0.00892857142857143,-0.00900900900900901,0,1,1,FALSE
"Nanhai filovirus 3","Caligus sp. RWXLT",1,2,0,0.0178571428571429,-0.0127984438038444,0,1,1,FALSE
"Nanhai filovirus 3","Hydatigera sp. SDYY",1,3,0,0.0267857142857143,-0.015746567130481,0,1,1,FALSE
"Nanhai filovirus 3","Sarcocystidae sp. SZMB",1,1,0,0.00892857142857143,-0.00900900900900901,0,1,1,FALSE
"Nanhai filovirus 3","Toxocaridae sp. Z",1,1,0,0.00892857142857143,-0.00900900900900901,0,1,1,FALSE
"Nanhai filovirus 3","Eimeria sp. SZMB",1,1,0,0.00892857142857143,-0.00900900900900901,0,1,1,FALSE
"Nanhai filovirus 3","Taeniidae sp. QLXSDD",1,4,0,0.0357142857142857,-0.0182665541450397,0,1,1,FALSE
"Nanhai filovirus 3","Taeniidae sp. LZY",1,1,0,0.00892857142857143,-0.00900900900900901,0,1,1,FALSE
"Nanhai filovirus 3","Taeniidae sp. HBSZ",1,3,0,0.0267857142857143,-0.015746567130481,0,1,1,FALSE
"Nanhai filovirus 3","Opisthorchiidae sp. SZMB",1,1,0,0.00892857142857143,-0.00900900900900901,0,1,1,FALSE
"Nanhai filovirus 3","Eimeriorina sp. RWXLT",1,1,0,0.00892857142857143,-0.00900900900900901,0,1,1,FALSE
"Nanhai rhabdovirus 1","Nanhai paramyxovirus 1",1,1,0,0.00892857142857143,-0.00900900900900901,0,1,1,FALSE
"Nanhai rhabdovirus 1","Nanhai paramyxovirus 2",1,1,0,0.00892857142857143,-0.00900900900900901,0,1,1,FALSE
"Nanhai rhabdovirus 1","Psenopsis anomala artervirus",1,1,0,0.00892857142857143,-0.00900900900900901,0,1,1,FALSE
"Nanhai rhabdovirus 1","Nanhai amnoonvirus 1",1,1,0,0.00892857142857143,-0.00900900900900901,0,1,1,FALSE
"Nanhai rhabdovirus 1","Arius arius calicivirus",1,2,0,0.0178571428571429,-0.0127984438038444,0,1,1,FALSE
"Nanhai rhabdovirus 1","Psenopsis anomala picornavirus",1,1,0,0.00892857142857143,-0.00900900900900901,0,1,1,FALSE
"Nanhai rhabdovirus 1","Leiognathus ruconius picornavirus",1,2,0,0.0178571428571429,-0.0127984438038444,0,1,1,FALSE
"Nanhai rhabdovirus 1","Polydactylus sextarius picornavirus",1,1,0,0.00892857142857143,-0.00900900900900901,0,1,1,FALSE
"Nanhai rhabdovirus 1","Bregmaceros mcclellandi picornavirus",1,1,0,0.00892857142857143,-0.00900900900900901,0,1,1,FALSE
"Nanhai rhabdovirus 1","Gymnothorax reevesii picornavirus",1,4,0,0.0357142857142857,-0.0182665541450397,0,1,1,FALSE
"Nanhai rhabdovirus 1","Micropterus salmoides reovirus",1,1,0,0.00892857142857143,-0.00900900900900901,0,1,1,FALSE
"Nanhai rhabdovirus 1","Wenzhou pacific spadenose shark reovirus 2",1,1,0,0.00892857142857143,-0.00900900900900901,0,1,1,FALSE
"Nanhai rhabdovirus 1","Nanhai reo-like virus 1",1,1,0,0.00892857142857143,-0.00900900900900901,0,1,1,FALSE
"Nanhai rhabdovirus 1","Nanhai reo-like virus 2",1,2,0,0.0178571428571429,-0.0127984438038444,0,1,1,FALSE
"Nanhai rhabdovirus 1","Nanhai reo-like virus 4",1,2,0,0.0178571428571429,-0.0127984438038444,0,1,1,FALSE
"Nanhai rhabdovirus 1","Nanhai reo-like virus 5",1,5,0,0.0446428571428571,-0.0205178392964012,0,1,1,FALSE
"Nanhai rhabdovirus 1","Nanhai reo-like virus 6",1,5,0,0.0446428571428571,-0.0205178392964012,0,1,1,FALSE
"Nanhai rhabdovirus 1","Nanhai reo-like virus 7",1,2,0,0.0178571428571429,-0.0127984438038444,0,1,1,FALSE
"Nanhai rhabdovirus 1","Asian seabass Nervous Necrosis Virus",1,3,0,0.0267857142857143,-0.015746567130481,0,1,1,FALSE
"Nanhai rhabdovirus 1","Aliivibrio fischeri",1,5,0,0.0446428571428571,-0.0205178392964012,0,1,1,FALSE
"Nanhai rhabdovirus 1","Acinetobacter johnsonii",1,3,0,0.0267857142857143,-0.015746567130481,0,1,1,FALSE
"Nanhai rhabdovirus 1","Pseudomonas aeruginosa",1,1,0,0.00892857142857143,-0.00900900900900901,0,1,1,FALSE
"Nanhai rhabdovirus 1","Vibrio ponticus",1,8,0,0.0714285714285714,-0.0263249063246328,0,1,1,FALSE
"Nanhai rhabdovirus 1","Photobacterium swingsii",1,1,0,0.00892857142857143,-0.00900900900900901,0,1,1,FALSE
"Nanhai rhabdovirus 1","Photobacterium damselae",1,3,0,0.0267857142857143,-0.015746567130481,0,1,1,FALSE
"Nanhai rhabdovirus 1","Photobacterium sp. QLXSD",1,2,0,0.0178571428571429,-0.0127984438038444,0,1,1,FALSE
"Nanhai rhabdovirus 1","Clostridium sp. Y",1,3,0,0.0267857142857143,-0.015746567130481,0,1,1,FALSE
"Nanhai rhabdovirus 1","Photobacterium sp.",1,8,0,0.0714285714285714,-0.0263249063246328,0,1,1,FALSE
"Nanhai rhabdovirus 1","Vibrio sp. Y",1,3,0,0.0267857142857143,-0.015746567130481,0,1,1,FALSE
"Nanhai rhabdovirus 1","Clostridium sp. SQHN",1,1,0,0.00892857142857143,-0.00900900900900901,0,1,1,FALSE
"Nanhai rhabdovirus 1","Pseudoloma sp. FJ",1,1,0,0.00892857142857143,-0.00900900900900901,0,1,1,FALSE
"Nanhai rhabdovirus 1","Glugea plecoglossi",1,2,0,0.0178571428571429,-0.0127984438038444,0,1,1,FALSE
"Nanhai rhabdovirus 1","Lepeophtheirus sp. SQHN",1,1,0,0.00892857142857143,-0.00900900900900901,0,1,1,FALSE
"Nanhai rhabdovirus 1","Toxoplasma sp. LZY",1,1,0,0.00892857142857143,-0.00900900900900901,0,1,1,FALSE
"Nanhai rhabdovirus 1","Toxocara sp. LYS",1,1,0,0.00892857142857143,-0.00900900900900901,0,1,1,FALSE
"Nanhai rhabdovirus 1","Besnoitia sp. HKL",1,1,0,0.00892857142857143,-0.00900900900900901,0,1,1,FALSE
"Nanhai rhabdovirus 1","Caligus sp. RWXLT",1,2,0,0.0178571428571429,-0.0127984438038444,0,1,1,FALSE
"Nanhai rhabdovirus 1","Hydatigera sp. SDYY",1,3,0,0.0267857142857143,-0.015746567130481,0,1,1,FALSE
"Nanhai rhabdovirus 1","Cystoisospora sp. DSLT-2",1,1,0,0.00892857142857143,-0.00900900900900901,0,1,1,FALSE
"Nanhai rhabdovirus 1","Sarcocystidae sp. DSLT",1,1,0,0.00892857142857143,-0.00900900900900901,0,1,1,FALSE
"Nanhai rhabdovirus 1","Sarcocystidae sp. SZMB",1,1,0,0.00892857142857143,-0.00900900900900901,0,1,1,FALSE
"Nanhai rhabdovirus 1","Toxocaridae sp. Z",1,1,0,0.00892857142857143,-0.00900900900900901,0,1,1,FALSE
"Nanhai rhabdovirus 1","Eimeria sp. SZMB",1,1,0,0.00892857142857143,-0.00900900900900901,0,1,1,FALSE
"Nanhai rhabdovirus 1","Taeniidae sp. QLXSDD",1,4,0,0.0357142857142857,-0.0182665541450397,0,1,1,FALSE
"Nanhai rhabdovirus 1","Taeniidae sp. LZY",1,1,0,0.00892857142857143,-0.00900900900900901,0,1,1,FALSE
"Nanhai rhabdovirus 1","Taeniidae sp. HBSZ",1,3,0,0.0267857142857143,-0.015746567130481,0,1,1,FALSE
"Nanhai rhabdovirus 1","Opisthorchiidae sp. SZMB",1,1,0,0.00892857142857143,-0.00900900900900901,0,1,1,FALSE
"Nanhai rhabdovirus 1","Eimeriorina sp. RWXLT",1,1,0,0.00892857142857143,-0.00900900900900901,0,1,1,FALSE
"Nanhai paramyxovirus 1","Nanhai paramyxovirus 2",1,1,0,0.00892857142857143,-0.00900900900900901,0,1,1,FALSE
"Nanhai paramyxovirus 1","Psenopsis anomala artervirus",1,1,0,0.00892857142857143,-0.00900900900900901,0,1,1,FALSE
"Nanhai paramyxovirus 1","Nanhai amnoonvirus 1",1,1,0,0.00892857142857143,-0.00900900900900901,0,1,1,FALSE
"Nanhai paramyxovirus 1","Arius arius calicivirus",1,2,0,0.0178571428571429,-0.0127984438038444,0,1,1,FALSE
"Nanhai paramyxovirus 1","Psenopsis anomala picornavirus",1,1,0,0.00892857142857143,-0.00900900900900901,0,1,1,FALSE
"Nanhai paramyxovirus 1","Leiognathus ruconius picornavirus",1,2,0,0.0178571428571429,-0.0127984438038444,0,1,1,FALSE
"Nanhai paramyxovirus 1","Polydactylus sextarius picornavirus",1,1,0,0.00892857142857143,-0.00900900900900901,0,1,1,FALSE
"Nanhai paramyxovirus 1","Bregmaceros mcclellandi picornavirus",1,1,0,0.00892857142857143,-0.00900900900900901,0,1,1,FALSE
"Nanhai paramyxovirus 1","Gymnothorax reevesii picornavirus",1,4,0,0.0357142857142857,-0.0182665541450397,0,1,1,FALSE
"Nanhai paramyxovirus 1","Micropterus salmoides reovirus",1,1,0,0.00892857142857143,-0.00900900900900901,0,1,1,FALSE
"Nanhai paramyxovirus 1","Wenzhou pacific spadenose shark reovirus 2",1,1,0,0.00892857142857143,-0.00900900900900901,0,1,1,FALSE
"Nanhai paramyxovirus 1","Nanhai reo-like virus 1",1,1,0,0.00892857142857143,-0.00900900900900901,0,1,1,FALSE
"Nanhai paramyxovirus 1","Nanhai reo-like virus 2",1,2,0,0.0178571428571429,-0.0127984438038444,0,1,1,FALSE
"Nanhai paramyxovirus 1","Nanhai reo-like virus 4",1,2,0,0.0178571428571429,-0.0127984438038444,0,1,1,FALSE
"Nanhai paramyxovirus 1","Nanhai reo-like virus 5",1,5,0,0.0446428571428571,-0.0205178392964012,0,1,1,FALSE
"Nanhai paramyxovirus 1","Nanhai reo-like virus 6",1,5,0,0.0446428571428571,-0.0205178392964012,0,1,1,FALSE
"Nanhai paramyxovirus 1","Nanhai reo-like virus 7",1,2,0,0.0178571428571429,-0.0127984438038444,0,1,1,FALSE
"Nanhai paramyxovirus 1","Asian seabass Nervous Necrosis Virus",1,3,0,0.0267857142857143,-0.015746567130481,0,1,1,FALSE
"Nanhai paramyxovirus 1","Aliivibrio fischeri",1,5,0,0.0446428571428571,-0.0205178392964012,0,1,1,FALSE
"Nanhai paramyxovirus 1","Acinetobacter johnsonii",1,3,0,0.0267857142857143,-0.015746567130481,0,1,1,FALSE
"Nanhai paramyxovirus 1","Pseudomonas aeruginosa",1,1,0,0.00892857142857143,-0.00900900900900901,0,1,1,FALSE
"Nanhai paramyxovirus 1","Vibrio ponticus",1,8,0,0.0714285714285714,-0.0263249063246328,0,1,1,FALSE
"Nanhai paramyxovirus 1","Photobacterium swingsii",1,1,0,0.00892857142857143,-0.00900900900900901,0,1,1,FALSE
"Nanhai paramyxovirus 1","Photobacterium damselae",1,3,0,0.0267857142857143,-0.015746567130481,0,1,1,FALSE
"Nanhai paramyxovirus 1","Photobacterium sp. QLXSD",1,2,0,0.0178571428571429,-0.0127984438038444,0,1,1,FALSE
"Nanhai paramyxovirus 1","Clostridium sp. Y",1,3,0,0.0267857142857143,-0.015746567130481,0,1,1,FALSE
"Nanhai paramyxovirus 1","Photobacterium sp.",1,8,0,0.0714285714285714,-0.0263249063246328,0,1,1,FALSE
"Nanhai paramyxovirus 1","Vibrio sp. Y",1,3,0,0.0267857142857143,-0.015746567130481,0,1,1,FALSE
"Nanhai paramyxovirus 1","Clostridium sp. SQHN",1,1,0,0.00892857142857143,-0.00900900900900901,0,1,1,FALSE
"Nanhai paramyxovirus 1","Pseudoloma sp. FJ",1,1,0,0.00892857142857143,-0.00900900900900901,0,1,1,FALSE
"Nanhai paramyxovirus 1","Glugea plecoglossi",1,2,0,0.0178571428571429,-0.0127984438038444,0,1,1,FALSE
"Nanhai paramyxovirus 1","Toxocara sp. CTSZ",1,19,0,0.169642857142857,-0.0429016343237295,0,1,1,FALSE
"Nanhai paramyxovirus 1","Lepeophtheirus sp. SQHN",1,1,0,0.00892857142857143,-0.00900900900900901,0,1,1,FALSE
"Nanhai paramyxovirus 1","Toxoplasma sp. LZY",1,1,0,0.00892857142857143,-0.00900900900900901,0,1,1,FALSE
"Nanhai paramyxovirus 1","Toxocara sp. LYS",1,1,0,0.00892857142857143,-0.00900900900900901,0,1,1,FALSE
"Nanhai paramyxovirus 1","Besnoitia sp. HKL",1,1,0,0.00892857142857143,-0.00900900900900901,0,1,1,FALSE
"Nanhai paramyxovirus 1","Caligus sp. RWXLT",1,2,0,0.0178571428571429,-0.0127984438038444,0,1,1,FALSE
"Nanhai paramyxovirus 1","Hydatigera sp. SDYY",1,3,0,0.0267857142857143,-0.015746567130481,0,1,1,FALSE
"Nanhai paramyxovirus 1","Cystoisospora sp. DSLT-2",1,1,0,0.00892857142857143,-0.00900900900900901,0,1,1,FALSE
"Nanhai paramyxovirus 1","Sarcocystidae sp. DSLT",1,1,0,0.00892857142857143,-0.00900900900900901,0,1,1,FALSE
"Nanhai paramyxovirus 1","Sarcocystidae sp. SZMB",1,1,0,0.00892857142857143,-0.00900900900900901,0,1,1,FALSE
"Nanhai paramyxovirus 1","Toxocaridae sp. Z",1,1,0,0.00892857142857143,-0.00900900900900901,0,1,1,FALSE
"Nanhai paramyxovirus 1","Eimeria sp. SZMB",1,1,0,0.00892857142857143,-0.00900900900900901,0,1,1,FALSE
"Nanhai paramyxovirus 1","Taeniidae sp. QLXSDD",1,4,0,0.0357142857142857,-0.0182665541450397,0,1,1,FALSE
"Nanhai paramyxovirus 1","Taeniidae sp. LZY",1,1,0,0.00892857142857143,-0.00900900900900901,0,1,1,FALSE
"Nanhai paramyxovirus 1","Taeniidae sp. HBSZ",1,3,0,0.0267857142857143,-0.015746567130481,0,1,1,FALSE
"Nanhai paramyxovirus 1","Opisthorchiidae sp. SZMB",1,1,0,0.00892857142857143,-0.00900900900900901,0,1,1,FALSE
"Nanhai paramyxovirus 1","Eimeriorina sp. RWXLT",1,1,0,0.00892857142857143,-0.00900900900900901,0,1,1,FALSE
"Nanhai paramyxovirus 2","Psenopsis anomala artervirus",1,1,0,0.00892857142857143,-0.00900900900900901,0,1,1,FALSE
"Nanhai paramyxovirus 2","Nanhai amnoonvirus 1",1,1,0,0.00892857142857143,-0.00900900900900901,0,1,1,FALSE
"Nanhai paramyxovirus 2","Arius arius calicivirus",1,2,0,0.0178571428571429,-0.0127984438038444,0,1,1,FALSE
"Nanhai paramyxovirus 2","Leiognathus ruconius picornavirus",1,2,0,0.0178571428571429,-0.0127984438038444,0,1,1,FALSE
"Nanhai paramyxovirus 2","Polydactylus sextarius picornavirus",1,1,0,0.00892857142857143,-0.00900900900900901,0,1,1,FALSE
"Nanhai paramyxovirus 2","Bregmaceros mcclellandi picornavirus",1,1,0,0.00892857142857143,-0.00900900900900901,0,1,1,FALSE
"Nanhai paramyxovirus 2","Gymnothorax reevesii picornavirus",1,4,0,0.0357142857142857,-0.0182665541450397,0,1,1,FALSE
"Nanhai paramyxovirus 2","Micropterus salmoides reovirus",1,1,0,0.00892857142857143,-0.00900900900900901,0,1,1,FALSE
"Nanhai paramyxovirus 2","Wenzhou pacific spadenose shark reovirus 2",1,1,0,0.00892857142857143,-0.00900900900900901,0,1,1,FALSE
"Nanhai paramyxovirus 2","Nanhai reo-like virus 1",1,1,0,0.00892857142857143,-0.00900900900900901,0,1,1,FALSE
"Nanhai paramyxovirus 2","Nanhai reo-like virus 2",1,2,0,0.0178571428571429,-0.0127984438038444,0,1,1,FALSE
"Nanhai paramyxovirus 2","Nanhai reo-like virus 4",1,2,0,0.0178571428571429,-0.0127984438038444,0,1,1,FALSE
"Nanhai paramyxovirus 2","Nanhai reo-like virus 5",1,5,0,0.0446428571428571,-0.0205178392964012,0,1,1,FALSE
"Nanhai paramyxovirus 2","Nanhai reo-like virus 6",1,5,0,0.0446428571428571,-0.0205178392964012,0,1,1,FALSE
"Nanhai paramyxovirus 2","Nanhai reo-like virus 7",1,2,0,0.0178571428571429,-0.0127984438038444,0,1,1,FALSE
"Nanhai paramyxovirus 2","Asian seabass Nervous Necrosis Virus",1,3,0,0.0267857142857143,-0.015746567130481,0,1,1,FALSE
"Nanhai paramyxovirus 2","Aliivibrio fischeri",1,5,0,0.0446428571428571,-0.0205178392964012,0,1,1,FALSE
"Nanhai paramyxovirus 2","Acinetobacter johnsonii",1,3,0,0.0267857142857143,-0.015746567130481,0,1,1,FALSE
"Nanhai paramyxovirus 2","Pseudomonas aeruginosa",1,1,0,0.00892857142857143,-0.00900900900900901,0,1,1,FALSE
"Nanhai paramyxovirus 2","Vibrio ponticus",1,8,0,0.0714285714285714,-0.0263249063246328,0,1,1,FALSE
"Nanhai paramyxovirus 2","Photobacterium swingsii",1,1,0,0.00892857142857143,-0.00900900900900901,0,1,1,FALSE
"Nanhai paramyxovirus 2","Photobacterium damselae",1,3,0,0.0267857142857143,-0.015746567130481,0,1,1,FALSE
"Nanhai paramyxovirus 2","Photobacterium sp. QLXSD",1,2,0,0.0178571428571429,-0.0127984438038444,0,1,1,FALSE
"Nanhai paramyxovirus 2","Clostridium sp. Y",1,3,0,0.0267857142857143,-0.015746567130481,0,1,1,FALSE
"Nanhai paramyxovirus 2","Photobacterium sp.",1,8,0,0.0714285714285714,-0.0263249063246328,0,1,1,FALSE
"Nanhai paramyxovirus 2","Vibrio sp. Y",1,3,0,0.0267857142857143,-0.015746567130481,0,1,1,FALSE
"Nanhai paramyxovirus 2","Clostridium sp. SQHN",1,1,0,0.00892857142857143,-0.00900900900900901,0,1,1,FALSE
"Nanhai paramyxovirus 2","Pseudoloma sp. FJ",1,1,0,0.00892857142857143,-0.00900900900900901,0,1,1,FALSE
"Nanhai paramyxovirus 2","Glugea plecoglossi",1,2,0,0.0178571428571429,-0.0127984438038444,0,1,1,FALSE
"Nanhai paramyxovirus 2","Lepeophtheirus sp. SQHN",1,1,0,0.00892857142857143,-0.00900900900900901,0,1,1,FALSE
"Nanhai paramyxovirus 2","Toxoplasma sp. LZY",1,1,0,0.00892857142857143,-0.00900900900900901,0,1,1,FALSE
"Nanhai paramyxovirus 2","Toxocara sp. LYS",1,1,0,0.00892857142857143,-0.00900900900900901,0,1,1,FALSE
"Nanhai paramyxovirus 2","Besnoitia sp. HKL",1,1,0,0.00892857142857143,-0.00900900900900901,0,1,1,FALSE
"Nanhai paramyxovirus 2","Caligus sp. RWXLT",1,2,0,0.0178571428571429,-0.0127984438038444,0,1,1,FALSE
"Nanhai paramyxovirus 2","Hydatigera sp. SDYY",1,3,0,0.0267857142857143,-0.015746567130481,0,1,1,FALSE
"Nanhai paramyxovirus 2","Cystoisospora sp. DSLT-2",1,1,0,0.00892857142857143,-0.00900900900900901,0,1,1,FALSE
"Nanhai paramyxovirus 2","Sarcocystidae sp. DSLT",1,1,0,0.00892857142857143,-0.00900900900900901,0,1,1,FALSE
"Nanhai paramyxovirus 2","Sarcocystidae sp. SZMB",1,1,0,0.00892857142857143,-0.00900900900900901,0,1,1,FALSE
"Nanhai paramyxovirus 2","Toxocaridae sp. Z",1,1,0,0.00892857142857143,-0.00900900900900901,0,1,1,FALSE
"Nanhai paramyxovirus 2","Eimeria sp. SZMB",1,1,0,0.00892857142857143,-0.00900900900900901,0,1,1,FALSE
"Nanhai paramyxovirus 2","Taeniidae sp. QLXSDD",1,4,0,0.0357142857142857,-0.0182665541450397,0,1,1,FALSE
"Nanhai paramyxovirus 2","Taeniidae sp. LZY",1,1,0,0.00892857142857143,-0.00900900900900901,0,1,1,FALSE
"Nanhai paramyxovirus 2","Taeniidae sp. HBSZ",1,3,0,0.0267857142857143,-0.015746567130481,0,1,1,FALSE
"Nanhai paramyxovirus 2","Opisthorchiidae sp. SZMB",1,1,0,0.00892857142857143,-0.00900900900900901,0,1,1,FALSE
"Nanhai paramyxovirus 2","Eimeriorina sp. RWXLT",1,1,0,0.00892857142857143,-0.00900900900900901,0,1,1,FALSE
"Psenopsis anomala artervirus","Nanhai amnoonvirus 1",1,1,0,0.00892857142857143,-0.00900900900900901,0,1,1,FALSE
"Psenopsis anomala artervirus","Arius arius calicivirus",1,2,0,0.0178571428571429,-0.0127984438038444,0,1,1,FALSE
"Psenopsis anomala artervirus","Psenopsis anomala picornavirus",1,1,0,0.00892857142857143,-0.00900900900900901,0,1,1,FALSE
"Psenopsis anomala artervirus","Leiognathus ruconius picornavirus",1,2,0,0.0178571428571429,-0.0127984438038444,0,1,1,FALSE
"Psenopsis anomala artervirus","Polydactylus sextarius picornavirus",1,1,0,0.00892857142857143,-0.00900900900900901,0,1,1,FALSE
"Psenopsis anomala artervirus","Bregmaceros mcclellandi picornavirus",1,1,0,0.00892857142857143,-0.00900900900900901,0,1,1,FALSE
"Psenopsis anomala artervirus","Gymnothorax reevesii picornavirus",1,4,0,0.0357142857142857,-0.0182665541450397,0,1,1,FALSE
"Psenopsis anomala artervirus","Micropterus salmoides reovirus",1,1,0,0.00892857142857143,-0.00900900900900901,0,1,1,FALSE
"Psenopsis anomala artervirus","Wenzhou pacific spadenose shark reovirus 2",1,1,0,0.00892857142857143,-0.00900900900900901,0,1,1,FALSE
"Psenopsis anomala artervirus","Nanhai reo-like virus 1",1,1,0,0.00892857142857143,-0.00900900900900901,0,1,1,FALSE
"Psenopsis anomala artervirus","Nanhai reo-like virus 2",1,2,0,0.0178571428571429,-0.0127984438038444,0,1,1,FALSE
"Psenopsis anomala artervirus","Nanhai reo-like virus 4",1,2,0,0.0178571428571429,-0.0127984438038444,0,1,1,FALSE
"Psenopsis anomala artervirus","Nanhai reo-like virus 5",1,5,0,0.0446428571428571,-0.0205178392964012,0,1,1,FALSE
"Psenopsis anomala artervirus","Nanhai reo-like virus 6",1,5,0,0.0446428571428571,-0.0205178392964012,0,1,1,FALSE
"Psenopsis anomala artervirus","Nanhai reo-like virus 7",1,2,0,0.0178571428571429,-0.0127984438038444,0,1,1,FALSE
"Psenopsis anomala artervirus","Asian seabass Nervous Necrosis Virus",1,3,0,0.0267857142857143,-0.015746567130481,0,1,1,FALSE
"Psenopsis anomala artervirus","Aliivibrio fischeri",1,5,0,0.0446428571428571,-0.0205178392964012,0,1,1,FALSE
"Psenopsis anomala artervirus","Acinetobacter johnsonii",1,3,0,0.0267857142857143,-0.015746567130481,0,1,1,FALSE
"Psenopsis anomala artervirus","Pseudomonas aeruginosa",1,1,0,0.00892857142857143,-0.00900900900900901,0,1,1,FALSE
"Psenopsis anomala artervirus","Vibrio ponticus",1,8,0,0.0714285714285714,-0.0263249063246328,0,1,1,FALSE
"Psenopsis anomala artervirus","Photobacterium swingsii",1,1,0,0.00892857142857143,-0.00900900900900901,0,1,1,FALSE
"Psenopsis anomala artervirus","Photobacterium damselae",1,3,0,0.0267857142857143,-0.015746567130481,0,1,1,FALSE
"Psenopsis anomala artervirus","Photobacterium sp. QLXSD",1,2,0,0.0178571428571429,-0.0127984438038444,0,1,1,FALSE
"Psenopsis anomala artervirus","Clostridium sp. Y",1,3,0,0.0267857142857143,-0.015746567130481,0,1,1,FALSE
"Psenopsis anomala artervirus","Photobacterium sp.",1,8,0,0.0714285714285714,-0.0263249063246328,0,1,1,FALSE
"Psenopsis anomala artervirus","Vibrio sp. Y",1,3,0,0.0267857142857143,-0.015746567130481,0,1,1,FALSE
"Psenopsis anomala artervirus","Clostridium sp. SQHN",1,1,0,0.00892857142857143,-0.00900900900900901,0,1,1,FALSE
"Psenopsis anomala artervirus","Pseudoloma sp. FJ",1,1,0,0.00892857142857143,-0.00900900900900901,0,1,1,FALSE
"Psenopsis anomala artervirus","Glugea plecoglossi",1,2,0,0.0178571428571429,-0.0127984438038444,0,1,1,FALSE
"Psenopsis anomala artervirus","Toxocara sp. CTSZ",1,19,0,0.169642857142857,-0.0429016343237295,0,1,1,FALSE
"Psenopsis anomala artervirus","Lepeophtheirus sp. SQHN",1,1,0,0.00892857142857143,-0.00900900900900901,0,1,1,FALSE
"Psenopsis anomala artervirus","Toxoplasma sp. LZY",1,1,0,0.00892857142857143,-0.00900900900900901,0,1,1,FALSE
"Psenopsis anomala artervirus","Toxocara sp. LYS",1,1,0,0.00892857142857143,-0.00900900900900901,0,1,1,FALSE
"Psenopsis anomala artervirus","Besnoitia sp. HKL",1,1,0,0.00892857142857143,-0.00900900900900901,0,1,1,FALSE
"Psenopsis anomala artervirus","Caligus sp. RWXLT",1,2,0,0.0178571428571429,-0.0127984438038444,0,1,1,FALSE
"Psenopsis anomala artervirus","Hydatigera sp. SDYY",1,3,0,0.0267857142857143,-0.015746567130481,0,1,1,FALSE
"Psenopsis anomala artervirus","Cystoisospora sp. DSLT-2",1,1,0,0.00892857142857143,-0.00900900900900901,0,1,1,FALSE
"Psenopsis anomala artervirus","Sarcocystidae sp. DSLT",1,1,0,0.00892857142857143,-0.00900900900900901,0,1,1,FALSE
"Psenopsis anomala artervirus","Sarcocystidae sp. SZMB",1,1,0,0.00892857142857143,-0.00900900900900901,0,1,1,FALSE
"Psenopsis anomala artervirus","Toxocaridae sp. Z",1,1,0,0.00892857142857143,-0.00900900900900901,0,1,1,FALSE
"Psenopsis anomala artervirus","Eimeria sp. SZMB",1,1,0,0.00892857142857143,-0.00900900900900901,0,1,1,FALSE
"Psenopsis anomala artervirus","Taeniidae sp. QLXSDD",1,4,0,0.0357142857142857,-0.0182665541450397,0,1,1,FALSE
"Psenopsis anomala artervirus","Taeniidae sp. LZY",1,1,0,0.00892857142857143,-0.00900900900900901,0,1,1,FALSE
"Psenopsis anomala artervirus","Taeniidae sp. HBSZ",1,3,0,0.0267857142857143,-0.015746567130481,0,1,1,FALSE
"Psenopsis anomala artervirus","Opisthorchiidae sp. SZMB",1,1,0,0.00892857142857143,-0.00900900900900901,0,1,1,FALSE
"Psenopsis anomala artervirus","Eimeriorina sp. RWXLT",1,1,0,0.00892857142857143,-0.00900900900900901,0,1,1,FALSE
"Nanhai amnoonvirus 1","Arius arius calicivirus",1,2,0,0.0178571428571429,-0.0127984438038444,0,1,1,FALSE
"Nanhai amnoonvirus 1","Psenopsis anomala picornavirus",1,1,0,0.00892857142857143,-0.00900900900900901,0,1,1,FALSE
"Nanhai amnoonvirus 1","Leiognathus ruconius picornavirus",1,2,0,0.0178571428571429,-0.0127984438038444,0,1,1,FALSE
"Nanhai amnoonvirus 1","Polydactylus sextarius picornavirus",1,1,0,0.00892857142857143,-0.00900900900900901,0,1,1,FALSE
"Nanhai amnoonvirus 1","Bregmaceros mcclellandi picornavirus",1,1,0,0.00892857142857143,-0.00900900900900901,0,1,1,FALSE
"Nanhai amnoonvirus 1","Gymnothorax reevesii picornavirus",1,4,0,0.0357142857142857,-0.0182665541450397,0,1,1,FALSE
"Nanhai amnoonvirus 1","Micropterus salmoides reovirus",1,1,0,0.00892857142857143,-0.00900900900900901,0,1,1,FALSE
"Nanhai amnoonvirus 1","Wenzhou pacific spadenose shark reovirus 2",1,1,0,0.00892857142857143,-0.00900900900900901,0,1,1,FALSE
"Nanhai amnoonvirus 1","Nanhai reo-like virus 1",1,1,0,0.00892857142857143,-0.00900900900900901,0,1,1,FALSE
"Nanhai amnoonvirus 1","Nanhai reo-like virus 2",1,2,0,0.0178571428571429,-0.0127984438038444,0,1,1,FALSE
"Nanhai amnoonvirus 1","Nanhai reo-like virus 4",1,2,0,0.0178571428571429,-0.0127984438038444,0,1,1,FALSE
"Nanhai amnoonvirus 1","Nanhai reo-like virus 5",1,5,0,0.0446428571428571,-0.0205178392964012,0,1,1,FALSE
"Nanhai amnoonvirus 1","Nanhai reo-like virus 6",1,5,0,0.0446428571428571,-0.0205178392964012,0,1,1,FALSE
"Nanhai amnoonvirus 1","Nanhai reo-like virus 7",1,2,0,0.0178571428571429,-0.0127984438038444,0,1,1,FALSE
"Nanhai amnoonvirus 1","Asian seabass Nervous Necrosis Virus",1,3,0,0.0267857142857143,-0.015746567130481,0,1,1,FALSE
"Nanhai amnoonvirus 1","Aliivibrio fischeri",1,5,0,0.0446428571428571,-0.0205178392964012,0,1,1,FALSE
"Nanhai amnoonvirus 1","Acinetobacter johnsonii",1,3,0,0.0267857142857143,-0.015746567130481,0,1,1,FALSE
"Nanhai amnoonvirus 1","Pseudomonas aeruginosa",1,1,0,0.00892857142857143,-0.00900900900900901,0,1,1,FALSE
"Nanhai amnoonvirus 1","Vibrio ponticus",1,8,0,0.0714285714285714,-0.0263249063246328,0,1,1,FALSE
"Nanhai amnoonvirus 1","Photobacterium swingsii",1,1,0,0.00892857142857143,-0.00900900900900901,0,1,1,FALSE
"Nanhai amnoonvirus 1","Photobacterium damselae",1,3,0,0.0267857142857143,-0.015746567130481,0,1,1,FALSE
"Nanhai amnoonvirus 1","Photobacterium sp. QLXSD",1,2,0,0.0178571428571429,-0.0127984438038444,0,1,1,FALSE
"Nanhai amnoonvirus 1","Clostridium sp. Y",1,3,0,0.0267857142857143,-0.015746567130481,0,1,1,FALSE
"Nanhai amnoonvirus 1","Photobacterium sp.",1,8,0,0.0714285714285714,-0.0263249063246328,0,1,1,FALSE
"Nanhai amnoonvirus 1","Vibrio sp. Y",1,3,0,0.0267857142857143,-0.015746567130481,0,1,1,FALSE
"Nanhai amnoonvirus 1","Clostridium sp. SQHN",1,1,0,0.00892857142857143,-0.00900900900900901,0,1,1,FALSE
"Nanhai amnoonvirus 1","Pseudoloma sp. FJ",1,1,0,0.00892857142857143,-0.00900900900900901,0,1,1,FALSE
"Nanhai amnoonvirus 1","Glugea plecoglossi",1,2,0,0.0178571428571429,-0.0127984438038444,0,1,1,FALSE
"Nanhai amnoonvirus 1","Toxocara sp. CTSZ",1,19,0,0.169642857142857,-0.0429016343237295,0,1,1,FALSE
"Nanhai amnoonvirus 1","Lepeophtheirus sp. SQHN",1,1,0,0.00892857142857143,-0.00900900900900901,0,1,1,FALSE
"Nanhai amnoonvirus 1","Toxoplasma sp. LZY",1,1,0,0.00892857142857143,-0.00900900900900901,0,1,1,FALSE
"Nanhai amnoonvirus 1","Toxocara sp. LYS",1,1,0,0.00892857142857143,-0.00900900900900901,0,1,1,FALSE
"Nanhai amnoonvirus 1","Besnoitia sp. HKL",1,1,0,0.00892857142857143,-0.00900900900900901,0,1,1,FALSE
"Nanhai amnoonvirus 1","Caligus sp. RWXLT",1,2,0,0.0178571428571429,-0.0127984438038444,0,1,1,FALSE
"Nanhai amnoonvirus 1","Hydatigera sp. SDYY",1,3,0,0.0267857142857143,-0.015746567130481,0,1,1,FALSE
"Nanhai amnoonvirus 1","Cystoisospora sp. DSLT-2",1,1,0,0.00892857142857143,-0.00900900900900901,0,1,1,FALSE
"Nanhai amnoonvirus 1","Sarcocystidae sp. DSLT",1,1,0,0.00892857142857143,-0.00900900900900901,0,1,1,FALSE
"Nanhai amnoonvirus 1","Sarcocystidae sp. SZMB",1,1,0,0.00892857142857143,-0.00900900900900901,0,1,1,FALSE
"Nanhai amnoonvirus 1","Toxocaridae sp. Z",1,1,0,0.00892857142857143,-0.00900900900900901,0,1,1,FALSE
"Nanhai amnoonvirus 1","Eimeria sp. SZMB",1,1,0,0.00892857142857143,-0.00900900900900901,0,1,1,FALSE
"Nanhai amnoonvirus 1","Taeniidae sp. QLXSDD",1,4,0,0.0357142857142857,-0.0182665541450397,0,1,1,FALSE
"Nanhai amnoonvirus 1","Taeniidae sp. LZY",1,1,0,0.00892857142857143,-0.00900900900900901,0,1,1,FALSE
"Nanhai amnoonvirus 1","Taeniidae sp. HBSZ",1,3,0,0.0267857142857143,-0.015746567130481,0,1,1,FALSE
"Nanhai amnoonvirus 1","Opisthorchiidae sp. SZMB",1,1,0,0.00892857142857143,-0.00900900900900901,0,1,1,FALSE
"Nanhai amnoonvirus 1","Eimeriorina sp. RWXLT",1,1,0,0.00892857142857143,-0.00900900900900901,0,1,1,FALSE
"Arius arius calicivirus","Psenopsis anomala picornavirus",2,1,0,0.0178571428571429,-0.0127984438038444,0,1,1,FALSE
"Arius arius calicivirus","Leiognathus ruconius picornavirus",2,2,0,0.0357142857142857,-0.0181818181818182,0,1,1,FALSE
"Arius arius calicivirus","Polydactylus sextarius picornavirus",2,1,0,0.0178571428571429,-0.0127984438038444,0,1,1,FALSE
"Arius arius calicivirus","Bregmaceros mcclellandi picornavirus",2,1,0,0.0178571428571429,-0.0127984438038444,0,1,1,FALSE
"Arius arius calicivirus","Gymnothorax reevesii picornavirus",2,4,0,0.0714285714285714,-0.0259499648053841,0,1,1,FALSE
"Arius arius calicivirus","Micropterus salmoides reovirus",2,1,0,0.0178571428571429,-0.0127984438038444,0,1,1,FALSE
"Arius arius calicivirus","Wenzhou pacific spadenose shark reovirus 2",2,1,0,0.0178571428571429,-0.0127984438038444,0,1,1,FALSE
"Arius arius calicivirus","Nanhai reo-like virus 1",2,1,0,0.0178571428571429,-0.0127984438038444,0,1,1,FALSE
"Arius arius calicivirus","Nanhai reo-like virus 2",2,2,0,0.0357142857142857,-0.0181818181818182,0,1,1,FALSE
"Arius arius calicivirus","Nanhai reo-like virus 4",2,2,0,0.0357142857142857,-0.0181818181818182,0,1,1,FALSE
"Arius arius calicivirus","Nanhai reo-like virus 5",2,5,0,0.0892857142857143,-0.0291482018664544,0,1,1,FALSE
"Arius arius calicivirus","Nanhai reo-like virus 6",2,5,0,0.0892857142857143,-0.0291482018664544,0,1,1,FALSE
"Arius arius calicivirus","Nanhai reo-like virus 7",2,2,0,0.0357142857142857,-0.0181818181818182,0,1,1,FALSE
"Arius arius calicivirus","Asian seabass Nervous Necrosis Virus",2,3,0,0.0535714285714286,-0.0223700025520446,0,1,1,FALSE
"Arius arius calicivirus","Aliivibrio fischeri",2,5,0,0.0892857142857143,-0.0291482018664544,0,1,1,FALSE
"Arius arius calicivirus","Acinetobacter johnsonii",2,3,0,0.0535714285714286,-0.0223700025520446,0,1,1,FALSE
"Arius arius calicivirus","Pseudomonas aeruginosa",2,1,0,0.0178571428571429,-0.0127984438038444,0,1,1,FALSE
"Arius arius calicivirus","Photobacterium swingsii",2,1,0,0.0178571428571429,-0.0127984438038444,0,1,1,FALSE
"Arius arius calicivirus","Photobacterium damselae",2,3,0,0.0535714285714286,-0.0223700025520446,0,1,1,FALSE
"Arius arius calicivirus","Photobacterium sp. QLXSD",2,2,0,0.0357142857142857,-0.0181818181818182,0,1,1,FALSE
"Arius arius calicivirus","Clostridium sp. Y",2,3,0,0.0535714285714286,-0.0223700025520446,0,1,1,FALSE
"Arius arius calicivirus","Photobacterium sp.",2,8,0,0.142857142857143,-0.0373978796003383,0,1,1,FALSE
"Arius arius calicivirus","Vibrio sp. Y",2,3,0,0.0535714285714286,-0.0223700025520446,0,1,1,FALSE
"Arius arius calicivirus","Pseudoloma sp. FJ",2,1,0,0.0178571428571429,-0.0127984438038444,0,1,1,FALSE
"Arius arius calicivirus","Glugea plecoglossi",2,2,0,0.0357142857142857,-0.0181818181818182,0,1,1,FALSE
"Arius arius calicivirus","Toxocara sp. CTSZ",2,19,0,0.339285714285714,-0.0609472313143721,0,1,1,FALSE
"Arius arius calicivirus","Toxoplasma sp. LZY",2,1,0,0.0178571428571429,-0.0127984438038444,0,1,1,FALSE
"Arius arius calicivirus","Toxocara sp. LYS",2,1,0,0.0178571428571429,-0.0127984438038444,0,1,1,FALSE
"Arius arius calicivirus","Besnoitia sp. HKL",2,1,0,0.0178571428571429,-0.0127984438038444,0,1,1,FALSE
"Arius arius calicivirus","Caligus sp. RWXLT",2,2,0,0.0357142857142857,-0.0181818181818182,0,1,1,FALSE
"Arius arius calicivirus","Hydatigera sp. SDYY",2,3,0,0.0535714285714286,-0.0223700025520446,0,1,1,FALSE
"Arius arius calicivirus","Cystoisospora sp. DSLT-2",2,1,0,0.0178571428571429,-0.0127984438038444,0,1,1,FALSE
"Arius arius calicivirus","Sarcocystidae sp. DSLT",2,1,0,0.0178571428571429,-0.0127984438038444,0,1,1,FALSE
"Arius arius calicivirus","Sarcocystidae sp. SZMB",2,1,0,0.0178571428571429,-0.0127984438038444,0,1,1,FALSE
"Arius arius calicivirus","Toxocaridae sp. Z",2,1,0,0.0178571428571429,-0.0127984438038444,0,1,1,FALSE
"Arius arius calicivirus","Eimeria sp. SZMB",2,1,0,0.0178571428571429,-0.0127984438038444,0,1,1,FALSE
"Arius arius calicivirus","Taeniidae sp. QLXSDD",2,4,0,0.0714285714285714,-0.0259499648053841,0,1,1,FALSE
"Arius arius calicivirus","Taeniidae sp. LZY",2,1,0,0.0178571428571429,-0.0127984438038444,0,1,1,FALSE
"Arius arius calicivirus","Taeniidae sp. HBSZ",2,3,0,0.0535714285714286,-0.0223700025520446,0,1,1,FALSE
"Arius arius calicivirus","Opisthorchiidae sp. SZMB",2,1,0,0.0178571428571429,-0.0127984438038444,0,1,1,FALSE
"Arius arius calicivirus","Eimeriorina sp. RWXLT",2,1,0,0.0178571428571429,-0.0127984438038444,0,1,1,FALSE
"Psenopsis anomala picornavirus","Leiognathus ruconius picornavirus",1,2,0,0.0178571428571429,-0.0127984438038444,0,1,1,FALSE
"Psenopsis anomala picornavirus","Polydactylus sextarius picornavirus",1,1,0,0.00892857142857143,-0.00900900900900901,0,1,1,FALSE
"Psenopsis anomala picornavirus","Bregmaceros mcclellandi picornavirus",1,1,0,0.00892857142857143,-0.00900900900900901,0,1,1,FALSE
"Psenopsis anomala picornavirus","Gymnothorax reevesii picornavirus",1,4,0,0.0357142857142857,-0.0182665541450397,0,1,1,FALSE
"Psenopsis anomala picornavirus","Micropterus salmoides reovirus",1,1,0,0.00892857142857143,-0.00900900900900901,0,1,1,FALSE
"Psenopsis anomala picornavirus","Wenzhou pacific spadenose shark reovirus 2",1,1,0,0.00892857142857143,-0.00900900900900901,0,1,1,FALSE
"Psenopsis anomala picornavirus","Nanhai reo-like virus 1",1,1,0,0.00892857142857143,-0.00900900900900901,0,1,1,FALSE
"Psenopsis anomala picornavirus","Nanhai reo-like virus 2",1,2,0,0.0178571428571429,-0.0127984438038444,0,1,1,FALSE
"Psenopsis anomala picornavirus","Nanhai reo-like virus 4",1,2,0,0.0178571428571429,-0.0127984438038444,0,1,1,FALSE
"Psenopsis anomala picornavirus","Nanhai reo-like virus 5",1,5,0,0.0446428571428571,-0.0205178392964012,0,1,1,FALSE
"Psenopsis anomala picornavirus","Nanhai reo-like virus 6",1,5,0,0.0446428571428571,-0.0205178392964012,0,1,1,FALSE
"Psenopsis anomala picornavirus","Nanhai reo-like virus 7",1,2,0,0.0178571428571429,-0.0127984438038444,0,1,1,FALSE
"Psenopsis anomala picornavirus","Asian seabass Nervous Necrosis Virus",1,3,0,0.0267857142857143,-0.015746567130481,0,1,1,FALSE
"Psenopsis anomala picornavirus","Aliivibrio fischeri",1,5,0,0.0446428571428571,-0.0205178392964012,0,1,1,FALSE
"Psenopsis anomala picornavirus","Acinetobacter johnsonii",1,3,0,0.0267857142857143,-0.015746567130481,0,1,1,FALSE
"Psenopsis anomala picornavirus","Pseudomonas aeruginosa",1,1,0,0.00892857142857143,-0.00900900900900901,0,1,1,FALSE
"Psenopsis anomala picornavirus","Vibrio ponticus",1,8,0,0.0714285714285714,-0.0263249063246328,0,1,1,FALSE
"Psenopsis anomala picornavirus","Photobacterium swingsii",1,1,0,0.00892857142857143,-0.00900900900900901,0,1,1,FALSE
"Psenopsis anomala picornavirus","Photobacterium damselae",1,3,0,0.0267857142857143,-0.015746567130481,0,1,1,FALSE
"Psenopsis anomala picornavirus","Photobacterium sp. QLXSD",1,2,0,0.0178571428571429,-0.0127984438038444,0,1,1,FALSE
"Psenopsis anomala picornavirus","Clostridium sp. Y",1,3,0,0.0267857142857143,-0.015746567130481,0,1,1,FALSE
"Psenopsis anomala picornavirus","Photobacterium sp.",1,8,0,0.0714285714285714,-0.0263249063246328,0,1,1,FALSE
"Psenopsis anomala picornavirus","Vibrio sp. Y",1,3,0,0.0267857142857143,-0.015746567130481,0,1,1,FALSE
"Psenopsis anomala picornavirus","Clostridium sp. SQHN",1,1,0,0.00892857142857143,-0.00900900900900901,0,1,1,FALSE
"Psenopsis anomala picornavirus","Pseudoloma sp. FJ",1,1,0,0.00892857142857143,-0.00900900900900901,0,1,1,FALSE
"Psenopsis anomala picornavirus","Glugea plecoglossi",1,2,0,0.0178571428571429,-0.0127984438038444,0,1,1,FALSE
"Psenopsis anomala picornavirus","Lepeophtheirus sp. SQHN",1,1,0,0.00892857142857143,-0.00900900900900901,0,1,1,FALSE
"Psenopsis anomala picornavirus","Toxoplasma sp. LZY",1,1,0,0.00892857142857143,-0.00900900900900901,0,1,1,FALSE
"Psenopsis anomala picornavirus","Toxocara sp. LYS",1,1,0,0.00892857142857143,-0.00900900900900901,0,1,1,FALSE
"Psenopsis anomala picornavirus","Besnoitia sp. HKL",1,1,0,0.00892857142857143,-0.00900900900900901,0,1,1,FALSE
"Psenopsis anomala picornavirus","Caligus sp. RWXLT",1,2,0,0.0178571428571429,-0.0127984438038444,0,1,1,FALSE
"Psenopsis anomala picornavirus","Hydatigera sp. SDYY",1,3,0,0.0267857142857143,-0.015746567130481,0,1,1,FALSE
"Psenopsis anomala picornavirus","Cystoisospora sp. DSLT-2",1,1,0,0.00892857142857143,-0.00900900900900901,0,1,1,FALSE
"Psenopsis anomala picornavirus","Sarcocystidae sp. DSLT",1,1,0,0.00892857142857143,-0.00900900900900901,0,1,1,FALSE
"Psenopsis anomala picornavirus","Sarcocystidae sp. SZMB",1,1,0,0.00892857142857143,-0.00900900900900901,0,1,1,FALSE
"Psenopsis anomala picornavirus","Toxocaridae sp. Z",1,1,0,0.00892857142857143,-0.00900900900900901,0,1,1,FALSE
"Psenopsis anomala picornavirus","Eimeria sp. SZMB",1,1,0,0.00892857142857143,-0.00900900900900901,0,1,1,FALSE
"Psenopsis anomala picornavirus","Taeniidae sp. QLXSDD",1,4,0,0.0357142857142857,-0.0182665541450397,0,1,1,FALSE
"Psenopsis anomala picornavirus","Taeniidae sp. LZY",1,1,0,0.00892857142857143,-0.00900900900900901,0,1,1,FALSE
"Psenopsis anomala picornavirus","Taeniidae sp. HBSZ",1,3,0,0.0267857142857143,-0.015746567130481,0,1,1,FALSE
"Psenopsis anomala picornavirus","Opisthorchiidae sp. SZMB",1,1,0,0.00892857142857143,-0.00900900900900901,0,1,1,FALSE
"Psenopsis anomala picornavirus","Eimeriorina sp. RWXLT",1,1,0,0.00892857142857143,-0.00900900900900901,0,1,1,FALSE
"Leiognathus ruconius picornavirus","Polydactylus sextarius picornavirus",2,1,0,0.0178571428571429,-0.0127984438038444,0,1,1,FALSE
"Leiognathus ruconius picornavirus","Bregmaceros mcclellandi picornavirus",2,1,0,0.0178571428571429,-0.0127984438038444,0,1,1,FALSE
"Leiognathus ruconius picornavirus","Gymnothorax reevesii picornavirus",2,4,0,0.0714285714285714,-0.0259499648053841,0,1,1,FALSE
"Leiognathus ruconius picornavirus","Micropterus salmoides reovirus",2,1,0,0.0178571428571429,-0.0127984438038444,0,1,1,FALSE
"Leiognathus ruconius picornavirus","Wenzhou pacific spadenose shark reovirus 2",2,1,0,0.0178571428571429,-0.0127984438038444,0,1,1,FALSE
"Leiognathus ruconius picornavirus","Nanhai reo-like virus 1",2,1,0,0.0178571428571429,-0.0127984438038444,0,1,1,FALSE
"Leiognathus ruconius picornavirus","Nanhai reo-like virus 2",2,2,0,0.0357142857142857,-0.0181818181818182,0,1,1,FALSE
"Leiognathus ruconius picornavirus","Nanhai reo-like virus 4",2,2,0,0.0357142857142857,-0.0181818181818182,0,1,1,FALSE
"Leiognathus ruconius picornavirus","Nanhai reo-like virus 5",2,5,0,0.0892857142857143,-0.0291482018664544,0,1,1,FALSE
"Leiognathus ruconius picornavirus","Nanhai reo-like virus 6",2,5,0,0.0892857142857143,-0.0291482018664544,0,1,1,FALSE
"Leiognathus ruconius picornavirus","Nanhai reo-like virus 7",2,2,0,0.0357142857142857,-0.0181818181818182,0,1,1,FALSE
"Leiognathus ruconius picornavirus","Asian seabass Nervous Necrosis Virus",2,3,0,0.0535714285714286,-0.0223700025520446,0,1,1,FALSE
"Leiognathus ruconius picornavirus","Aliivibrio fischeri",2,5,0,0.0892857142857143,-0.0291482018664544,0,1,1,FALSE
"Leiognathus ruconius picornavirus","Acinetobacter johnsonii",2,3,0,0.0535714285714286,-0.0223700025520446,0,1,1,FALSE
"Leiognathus ruconius picornavirus","Pseudomonas aeruginosa",2,1,0,0.0178571428571429,-0.0127984438038444,0,1,1,FALSE
"Leiognathus ruconius picornavirus","Vibrio ponticus",2,8,0,0.142857142857143,-0.0373978796003383,0,1,1,FALSE
"Leiognathus ruconius picornavirus","Photobacterium swingsii",2,1,0,0.0178571428571429,-0.0127984438038444,0,1,1,FALSE
"Leiognathus ruconius picornavirus","Photobacterium damselae",2,3,0,0.0535714285714286,-0.0223700025520446,0,1,1,FALSE
"Leiognathus ruconius picornavirus","Photobacterium sp. QLXSD",2,2,0,0.0357142857142857,-0.0181818181818182,0,1,1,FALSE
"Leiognathus ruconius picornavirus","Clostridium sp. Y",2,3,0,0.0535714285714286,-0.0223700025520446,0,1,1,FALSE
"Leiognathus ruconius picornavirus","Photobacterium sp.",2,8,0,0.142857142857143,-0.0373978796003383,0,1,1,FALSE
"Leiognathus ruconius picornavirus","Vibrio sp. Y",2,3,0,0.0535714285714286,-0.0223700025520446,0,1,1,FALSE
"Leiognathus ruconius picornavirus","Clostridium sp. SQHN",2,1,0,0.0178571428571429,-0.0127984438038444,0,1,1,FALSE
"Leiognathus ruconius picornavirus","Pseudoloma sp. FJ",2,1,0,0.0178571428571429,-0.0127984438038444,0,1,1,FALSE
"Leiognathus ruconius picornavirus","Glugea plecoglossi",2,2,0,0.0357142857142857,-0.0181818181818182,0,1,1,FALSE
"Leiognathus ruconius picornavirus","Toxocara sp. CTSZ",2,19,0,0.339285714285714,-0.0609472313143721,0,1,1,FALSE
"Leiognathus ruconius picornavirus","Lepeophtheirus sp. SQHN",2,1,0,0.0178571428571429,-0.0127984438038444,0,1,1,FALSE
"Leiognathus ruconius picornavirus","Toxoplasma sp. LZY",2,1,0,0.0178571428571429,-0.0127984438038444,0,1,1,FALSE
"Leiognathus ruconius picornavirus","Toxocara sp. LYS",2,1,0,0.0178571428571429,-0.0127984438038444,0,1,1,FALSE
"Leiognathus ruconius picornavirus","Besnoitia sp. HKL",2,1,0,0.0178571428571429,-0.0127984438038444,0,1,1,FALSE
"Leiognathus ruconius picornavirus","Caligus sp. RWXLT",2,2,0,0.0357142857142857,-0.0181818181818182,0,1,1,FALSE
"Leiognathus ruconius picornavirus","Hydatigera sp. SDYY",2,3,0,0.0535714285714286,-0.0223700025520446,0,1,1,FALSE
"Leiognathus ruconius picornavirus","Cystoisospora sp. DSLT-2",2,1,0,0.0178571428571429,-0.0127984438038444,0,1,1,FALSE
"Leiognathus ruconius picornavirus","Sarcocystidae sp. DSLT",2,1,0,0.0178571428571429,-0.0127984438038444,0,1,1,FALSE
"Leiognathus ruconius picornavirus","Sarcocystidae sp. SZMB",2,1,0,0.0178571428571429,-0.0127984438038444,0,1,1,FALSE
"Leiognathus ruconius picornavirus","Toxocaridae sp. Z",2,1,0,0.0178571428571429,-0.0127984438038444,0,1,1,FALSE
"Leiognathus ruconius picornavirus","Eimeria sp. SZMB",2,1,0,0.0178571428571429,-0.0127984438038444,0,1,1,FALSE
"Leiognathus ruconius picornavirus","Taeniidae sp. QLXSDD",2,4,0,0.0714285714285714,-0.0259499648053841,0,1,1,FALSE
"Leiognathus ruconius picornavirus","Taeniidae sp. LZY",2,1,0,0.0178571428571429,-0.0127984438038444,0,1,1,FALSE
"Leiognathus ruconius picornavirus","Taeniidae sp. HBSZ",2,3,0,0.0535714285714286,-0.0223700025520446,0,1,1,FALSE
"Leiognathus ruconius picornavirus","Opisthorchiidae sp. SZMB",2,1,0,0.0178571428571429,-0.0127984438038444,0,1,1,FALSE
"Leiognathus ruconius picornavirus","Eimeriorina sp. RWXLT",2,1,0,0.0178571428571429,-0.0127984438038444,0,1,1,FALSE
"Polydactylus sextarius picornavirus","Bregmaceros mcclellandi picornavirus",1,1,0,0.00892857142857143,-0.00900900900900901,0,1,1,FALSE
"Polydactylus sextarius picornavirus","Gymnothorax reevesii picornavirus",1,4,0,0.0357142857142857,-0.0182665541450397,0,1,1,FALSE
"Polydactylus sextarius picornavirus","Micropterus salmoides reovirus",1,1,0,0.00892857142857143,-0.00900900900900901,0,1,1,FALSE
"Polydactylus sextarius picornavirus","Wenzhou pacific spadenose shark reovirus 2",1,1,0,0.00892857142857143,-0.00900900900900901,0,1,1,FALSE
"Polydactylus sextarius picornavirus","Nanhai reo-like virus 1",1,1,0,0.00892857142857143,-0.00900900900900901,0,1,1,FALSE
"Polydactylus sextarius picornavirus","Nanhai reo-like virus 2",1,2,0,0.0178571428571429,-0.0127984438038444,0,1,1,FALSE
"Polydactylus sextarius picornavirus","Nanhai reo-like virus 4",1,2,0,0.0178571428571429,-0.0127984438038444,0,1,1,FALSE
"Polydactylus sextarius picornavirus","Nanhai reo-like virus 5",1,5,0,0.0446428571428571,-0.0205178392964012,0,1,1,FALSE
"Polydactylus sextarius picornavirus","Nanhai reo-like virus 6",1,5,0,0.0446428571428571,-0.0205178392964012,0,1,1,FALSE
"Polydactylus sextarius picornavirus","Nanhai reo-like virus 7",1,2,0,0.0178571428571429,-0.0127984438038444,0,1,1,FALSE
"Polydactylus sextarius picornavirus","Asian seabass Nervous Necrosis Virus",1,3,0,0.0267857142857143,-0.015746567130481,0,1,1,FALSE
"Polydactylus sextarius picornavirus","Aliivibrio fischeri",1,5,0,0.0446428571428571,-0.0205178392964012,0,1,1,FALSE
"Polydactylus sextarius picornavirus","Acinetobacter johnsonii",1,3,0,0.0267857142857143,-0.015746567130481,0,1,1,FALSE
"Polydactylus sextarius picornavirus","Pseudomonas aeruginosa",1,1,0,0.00892857142857143,-0.00900900900900901,0,1,1,FALSE
"Polydactylus sextarius picornavirus","Vibrio ponticus",1,8,0,0.0714285714285714,-0.0263249063246328,0,1,1,FALSE
"Polydactylus sextarius picornavirus","Photobacterium swingsii",1,1,0,0.00892857142857143,-0.00900900900900901,0,1,1,FALSE
"Polydactylus sextarius picornavirus","Photobacterium damselae",1,3,0,0.0267857142857143,-0.015746567130481,0,1,1,FALSE
"Polydactylus sextarius picornavirus","Photobacterium sp. QLXSD",1,2,0,0.0178571428571429,-0.0127984438038444,0,1,1,FALSE
"Polydactylus sextarius picornavirus","Clostridium sp. Y",1,3,0,0.0267857142857143,-0.015746567130481,0,1,1,FALSE
"Polydactylus sextarius picornavirus","Photobacterium sp.",1,8,0,0.0714285714285714,-0.0263249063246328,0,1,1,FALSE
"Polydactylus sextarius picornavirus","Vibrio sp. Y",1,3,0,0.0267857142857143,-0.015746567130481,0,1,1,FALSE
"Polydactylus sextarius picornavirus","Clostridium sp. SQHN",1,1,0,0.00892857142857143,-0.00900900900900901,0,1,1,FALSE
"Polydactylus sextarius picornavirus","Pseudoloma sp. FJ",1,1,0,0.00892857142857143,-0.00900900900900901,0,1,1,FALSE
"Polydactylus sextarius picornavirus","Glugea plecoglossi",1,2,0,0.0178571428571429,-0.0127984438038444,0,1,1,FALSE
"Polydactylus sextarius picornavirus","Lepeophtheirus sp. SQHN",1,1,0,0.00892857142857143,-0.00900900900900901,0,1,1,FALSE
"Polydactylus sextarius picornavirus","Toxoplasma sp. LZY",1,1,0,0.00892857142857143,-0.00900900900900901,0,1,1,FALSE
"Polydactylus sextarius picornavirus","Toxocara sp. LYS",1,1,0,0.00892857142857143,-0.00900900900900901,0,1,1,FALSE
"Polydactylus sextarius picornavirus","Besnoitia sp. HKL",1,1,0,0.00892857142857143,-0.00900900900900901,0,1,1,FALSE
"Polydactylus sextarius picornavirus","Caligus sp. RWXLT",1,2,0,0.0178571428571429,-0.0127984438038444,0,1,1,FALSE
"Polydactylus sextarius picornavirus","Hydatigera sp. SDYY",1,3,0,0.0267857142857143,-0.015746567130481,0,1,1,FALSE
"Polydactylus sextarius picornavirus","Cystoisospora sp. DSLT-2",1,1,0,0.00892857142857143,-0.00900900900900901,0,1,1,FALSE
"Polydactylus sextarius picornavirus","Sarcocystidae sp. DSLT",1,1,0,0.00892857142857143,-0.00900900900900901,0,1,1,FALSE
"Polydactylus sextarius picornavirus","Sarcocystidae sp. SZMB",1,1,0,0.00892857142857143,-0.00900900900900901,0,1,1,FALSE
"Polydactylus sextarius picornavirus","Toxocaridae sp. Z",1,1,0,0.00892857142857143,-0.00900900900900901,0,1,1,FALSE
"Polydactylus sextarius picornavirus","Eimeria sp. SZMB",1,1,0,0.00892857142857143,-0.00900900900900901,0,1,1,FALSE
"Polydactylus sextarius picornavirus","Taeniidae sp. QLXSDD",1,4,0,0.0357142857142857,-0.0182665541450397,0,1,1,FALSE
"Polydactylus sextarius picornavirus","Taeniidae sp. LZY",1,1,0,0.00892857142857143,-0.00900900900900901,0,1,1,FALSE
"Polydactylus sextarius picornavirus","Taeniidae sp. HBSZ",1,3,0,0.0267857142857143,-0.015746567130481,0,1,1,FALSE
"Polydactylus sextarius picornavirus","Opisthorchiidae sp. SZMB",1,1,0,0.00892857142857143,-0.00900900900900901,0,1,1,FALSE
"Polydactylus sextarius picornavirus","Eimeriorina sp. RWXLT",1,1,0,0.00892857142857143,-0.00900900900900901,0,1,1,FALSE
"Bregmaceros mcclellandi picornavirus","Gymnothorax reevesii picornavirus",1,4,0,0.0357142857142857,-0.0182665541450397,0,1,1,FALSE
"Bregmaceros mcclellandi picornavirus","Micropterus salmoides reovirus",1,1,0,0.00892857142857143,-0.00900900900900901,0,1,1,FALSE
"Bregmaceros mcclellandi picornavirus","Wenzhou pacific spadenose shark reovirus 2",1,1,0,0.00892857142857143,-0.00900900900900901,0,1,1,FALSE
"Bregmaceros mcclellandi picornavirus","Nanhai reo-like virus 1",1,1,0,0.00892857142857143,-0.00900900900900901,0,1,1,FALSE
"Bregmaceros mcclellandi picornavirus","Nanhai reo-like virus 2",1,2,0,0.0178571428571429,-0.0127984438038444,0,1,1,FALSE
"Bregmaceros mcclellandi picornavirus","Nanhai reo-like virus 4",1,2,0,0.0178571428571429,-0.0127984438038444,0,1,1,FALSE
"Bregmaceros mcclellandi picornavirus","Nanhai reo-like virus 5",1,5,0,0.0446428571428571,-0.0205178392964012,0,1,1,FALSE
"Bregmaceros mcclellandi picornavirus","Nanhai reo-like virus 6",1,5,0,0.0446428571428571,-0.0205178392964012,0,1,1,FALSE
"Bregmaceros mcclellandi picornavirus","Nanhai reo-like virus 7",1,2,0,0.0178571428571429,-0.0127984438038444,0,1,1,FALSE
"Bregmaceros mcclellandi picornavirus","Asian seabass Nervous Necrosis Virus",1,3,0,0.0267857142857143,-0.015746567130481,0,1,1,FALSE
"Bregmaceros mcclellandi picornavirus","Aliivibrio fischeri",1,5,0,0.0446428571428571,-0.0205178392964012,0,1,1,FALSE
"Bregmaceros mcclellandi picornavirus","Acinetobacter johnsonii",1,3,0,0.0267857142857143,-0.015746567130481,0,1,1,FALSE
"Bregmaceros mcclellandi picornavirus","Pseudomonas aeruginosa",1,1,0,0.00892857142857143,-0.00900900900900901,0,1,1,FALSE
"Bregmaceros mcclellandi picornavirus","Vibrio ponticus",1,8,0,0.0714285714285714,-0.0263249063246328,0,1,1,FALSE
"Bregmaceros mcclellandi picornavirus","Photobacterium swingsii",1,1,0,0.00892857142857143,-0.00900900900900901,0,1,1,FALSE
"Bregmaceros mcclellandi picornavirus","Photobacterium damselae",1,3,0,0.0267857142857143,-0.015746567130481,0,1,1,FALSE
"Bregmaceros mcclellandi picornavirus","Photobacterium sp. QLXSD",1,2,0,0.0178571428571429,-0.0127984438038444,0,1,1,FALSE
"Bregmaceros mcclellandi picornavirus","Clostridium sp. Y",1,3,0,0.0267857142857143,-0.015746567130481,0,1,1,FALSE
"Bregmaceros mcclellandi picornavirus","Photobacterium sp.",1,8,0,0.0714285714285714,-0.0263249063246328,0,1,1,FALSE
"Bregmaceros mcclellandi picornavirus","Vibrio sp. Y",1,3,0,0.0267857142857143,-0.015746567130481,0,1,1,FALSE
"Bregmaceros mcclellandi picornavirus","Clostridium sp. SQHN",1,1,0,0.00892857142857143,-0.00900900900900901,0,1,1,FALSE
"Bregmaceros mcclellandi picornavirus","Pseudoloma sp. FJ",1,1,0,0.00892857142857143,-0.00900900900900901,0,1,1,FALSE
"Bregmaceros mcclellandi picornavirus","Glugea plecoglossi",1,2,0,0.0178571428571429,-0.0127984438038444,0,1,1,FALSE
"Bregmaceros mcclellandi picornavirus","Toxocara sp. CTSZ",1,19,0,0.169642857142857,-0.0429016343237295,0,1,1,FALSE
"Bregmaceros mcclellandi picornavirus","Lepeophtheirus sp. SQHN",1,1,0,0.00892857142857143,-0.00900900900900901,0,1,1,FALSE
"Bregmaceros mcclellandi picornavirus","Toxoplasma sp. LZY",1,1,0,0.00892857142857143,-0.00900900900900901,0,1,1,FALSE
"Bregmaceros mcclellandi picornavirus","Toxocara sp. LYS",1,1,0,0.00892857142857143,-0.00900900900900901,0,1,1,FALSE
"Bregmaceros mcclellandi picornavirus","Besnoitia sp. HKL",1,1,0,0.00892857142857143,-0.00900900900900901,0,1,1,FALSE
"Bregmaceros mcclellandi picornavirus","Caligus sp. RWXLT",1,2,0,0.0178571428571429,-0.0127984438038444,0,1,1,FALSE
"Bregmaceros mcclellandi picornavirus","Hydatigera sp. SDYY",1,3,0,0.0267857142857143,-0.015746567130481,0,1,1,FALSE
"Bregmaceros mcclellandi picornavirus","Cystoisospora sp. DSLT-2",1,1,0,0.00892857142857143,-0.00900900900900901,0,1,1,FALSE
"Bregmaceros mcclellandi picornavirus","Sarcocystidae sp. DSLT",1,1,0,0.00892857142857143,-0.00900900900900901,0,1,1,FALSE
"Bregmaceros mcclellandi picornavirus","Sarcocystidae sp. SZMB",1,1,0,0.00892857142857143,-0.00900900900900901,0,1,1,FALSE
"Bregmaceros mcclellandi picornavirus","Toxocaridae sp. Z",1,1,0,0.00892857142857143,-0.00900900900900901,0,1,1,FALSE
"Bregmaceros mcclellandi picornavirus","Eimeria sp. SZMB",1,1,0,0.00892857142857143,-0.00900900900900901,0,1,1,FALSE
"Bregmaceros mcclellandi picornavirus","Taeniidae sp. QLXSDD",1,4,0,0.0357142857142857,-0.0182665541450397,0,1,1,FALSE
"Bregmaceros mcclellandi picornavirus","Taeniidae sp. LZY",1,1,0,0.00892857142857143,-0.00900900900900901,0,1,1,FALSE
"Bregmaceros mcclellandi picornavirus","Taeniidae sp. HBSZ",1,3,0,0.0267857142857143,-0.015746567130481,0,1,1,FALSE
"Bregmaceros mcclellandi picornavirus","Opisthorchiidae sp. SZMB",1,1,0,0.00892857142857143,-0.00900900900900901,0,1,1,FALSE
"Bregmaceros mcclellandi picornavirus","Eimeriorina sp. RWXLT",1,1,0,0.00892857142857143,-0.00900900900900901,0,1,1,FALSE
"Gymnothorax reevesii picornavirus","Micropterus salmoides reovirus",4,1,0,0.0357142857142857,-0.0182665541450397,0,1,1,FALSE
"Gymnothorax reevesii picornavirus","Wenzhou pacific spadenose shark reovirus 2",4,1,0,0.0357142857142857,-0.0182665541450397,0,1,1,FALSE
"Gymnothorax reevesii picornavirus","Nanhai reo-like virus 1",4,1,0,0.0357142857142857,-0.0182665541450397,0,1,1,FALSE
"Gymnothorax reevesii picornavirus","Nanhai reo-like virus 2",4,2,0,0.0714285714285714,-0.0259499648053841,0,1,1,FALSE
"Gymnothorax reevesii picornavirus","Nanhai reo-like virus 4",4,2,0,0.0714285714285714,-0.0259499648053841,0,1,1,FALSE
"Gymnothorax reevesii picornavirus","Nanhai reo-like virus 5",4,5,0,0.178571428571429,-0.0416017146916098,0,1,1,FALSE
"Gymnothorax reevesii picornavirus","Nanhai reo-like virus 6",4,5,0,0.178571428571429,-0.0416017146916098,0,1,1,FALSE
"Gymnothorax reevesii picornavirus","Nanhai reo-like virus 7",4,2,0,0.0714285714285714,-0.0259499648053841,0,1,1,FALSE
"Gymnothorax reevesii picornavirus","Asian seabass Nervous Necrosis Virus",4,3,0,0.107142857142857,-0.031927542840705,0,1,1,FALSE
"Gymnothorax reevesii picornavirus","Aliivibrio fischeri",4,5,0,0.178571428571429,-0.0416017146916098,0,1,1,FALSE
"Gymnothorax reevesii picornavirus","Acinetobacter johnsonii",4,3,0,0.107142857142857,-0.031927542840705,0,1,1,FALSE
"Gymnothorax reevesii picornavirus","Pseudomonas aeruginosa",4,1,0,0.0357142857142857,-0.0182665541450397,0,1,1,FALSE
"Gymnothorax reevesii picornavirus","Vibrio ponticus",4,8,0,0.285714285714286,-0.0533760512683624,0,1,1,FALSE
"Gymnothorax reevesii picornavirus","Photobacterium swingsii",4,1,0,0.0357142857142857,-0.0182665541450397,0,1,1,FALSE
"Gymnothorax reevesii picornavirus","Photobacterium damselae",4,3,0,0.107142857142857,-0.031927542840705,0,1,1,FALSE
"Gymnothorax reevesii picornavirus","Photobacterium sp. QLXSD",4,2,0,0.0714285714285714,-0.0259499648053841,0,1,1,FALSE
"Gymnothorax reevesii picornavirus","Clostridium sp. Y",4,3,0,0.107142857142857,-0.031927542840705,0,1,1,FALSE
"Gymnothorax reevesii picornavirus","Photobacterium sp.",4,8,0,0.285714285714286,-0.0533760512683624,0,1,1,FALSE
"Gymnothorax reevesii picornavirus","Vibrio sp. Y",4,3,0,0.107142857142857,-0.031927542840705,0,1,1,FALSE
"Gymnothorax reevesii picornavirus","Clostridium sp. SQHN",4,1,0,0.0357142857142857,-0.0182665541450397,0,1,1,FALSE
"Gymnothorax reevesii picornavirus","Pseudoloma sp. FJ",4,1,0,0.0357142857142857,-0.0182665541450397,0,1,1,FALSE
"Gymnothorax reevesii picornavirus","Glugea plecoglossi",4,2,0,0.0714285714285714,-0.0259499648053841,0,1,1,FALSE
"Gymnothorax reevesii picornavirus","Toxocara sp. CTSZ",4,19,0,0.678571428571429,-0.0869868179176459,0,1,1,FALSE
"Gymnothorax reevesii picornavirus","Lepeophtheirus sp. SQHN",4,1,0,0.0357142857142857,-0.0182665541450397,0,1,1,FALSE
"Gymnothorax reevesii picornavirus","Toxoplasma sp. LZY",4,1,0,0.0357142857142857,-0.0182665541450397,0,1,1,FALSE
"Gymnothorax reevesii picornavirus","Toxocara sp. LYS",4,1,0,0.0357142857142857,-0.0182665541450397,0,1,1,FALSE
"Gymnothorax reevesii picornavirus","Besnoitia sp. HKL",4,1,0,0.0357142857142857,-0.0182665541450397,0,1,1,FALSE
"Gymnothorax reevesii picornavirus","Caligus sp. RWXLT",4,2,0,0.0714285714285714,-0.0259499648053841,0,1,1,FALSE
"Gymnothorax reevesii picornavirus","Hydatigera sp. SDYY",4,3,0,0.107142857142857,-0.031927542840705,0,1,1,FALSE
"Gymnothorax reevesii picornavirus","Cystoisospora sp. DSLT-2",4,1,0,0.0357142857142857,-0.0182665541450397,0,1,1,FALSE
"Gymnothorax reevesii picornavirus","Sarcocystidae sp. DSLT",4,1,0,0.0357142857142857,-0.0182665541450397,0,1,1,FALSE
"Gymnothorax reevesii picornavirus","Sarcocystidae sp. SZMB",4,1,0,0.0357142857142857,-0.0182665541450397,0,1,1,FALSE
"Gymnothorax reevesii picornavirus","Toxocaridae sp. Z",4,1,0,0.0357142857142857,-0.0182665541450397,0,1,1,FALSE
"Gymnothorax reevesii picornavirus","Eimeria sp. SZMB",4,1,0,0.0357142857142857,-0.0182665541450397,0,1,1,FALSE
"Gymnothorax reevesii picornavirus","Taeniidae sp. QLXSDD",4,4,0,0.142857142857143,-0.037037037037037,0,1,1,FALSE
"Gymnothorax reevesii picornavirus","Taeniidae sp. LZY",4,1,0,0.0357142857142857,-0.0182665541450397,0,1,1,FALSE
"Gymnothorax reevesii picornavirus","Taeniidae sp. HBSZ",4,3,0,0.107142857142857,-0.031927542840705,0,1,1,FALSE
"Gymnothorax reevesii picornavirus","Opisthorchiidae sp. SZMB",4,1,0,0.0357142857142857,-0.0182665541450397,0,1,1,FALSE
"Gymnothorax reevesii picornavirus","Eimeriorina sp. RWXLT",4,1,0,0.0357142857142857,-0.0182665541450397,0,1,1,FALSE
"Micropterus salmoides reovirus","Wenzhou pacific spadenose shark reovirus 2",1,1,0,0.00892857142857143,-0.00900900900900901,0,1,1,FALSE
"Micropterus salmoides reovirus","Nanhai reo-like virus 1",1,1,0,0.00892857142857143,-0.00900900900900901,0,1,1,FALSE
"Micropterus salmoides reovirus","Nanhai reo-like virus 2",1,2,0,0.0178571428571429,-0.0127984438038444,0,1,1,FALSE
"Micropterus salmoides reovirus","Nanhai reo-like virus 4",1,2,0,0.0178571428571429,-0.0127984438038444,0,1,1,FALSE
"Micropterus salmoides reovirus","Nanhai reo-like virus 5",1,5,0,0.0446428571428571,-0.0205178392964012,0,1,1,FALSE
"Micropterus salmoides reovirus","Nanhai reo-like virus 6",1,5,0,0.0446428571428571,-0.0205178392964012,0,1,1,FALSE
"Micropterus salmoides reovirus","Nanhai reo-like virus 7",1,2,0,0.0178571428571429,-0.0127984438038444,0,1,1,FALSE
"Micropterus salmoides reovirus","Asian seabass Nervous Necrosis Virus",1,3,0,0.0267857142857143,-0.015746567130481,0,1,1,FALSE
"Micropterus salmoides reovirus","Aliivibrio fischeri",1,5,0,0.0446428571428571,-0.0205178392964012,0,1,1,FALSE
"Micropterus salmoides reovirus","Acinetobacter johnsonii",1,3,0,0.0267857142857143,-0.015746567130481,0,1,1,FALSE
"Micropterus salmoides reovirus","Pseudomonas aeruginosa",1,1,0,0.00892857142857143,-0.00900900900900901,0,1,1,FALSE
"Micropterus salmoides reovirus","Vibrio ponticus",1,8,0,0.0714285714285714,-0.0263249063246328,0,1,1,FALSE
"Micropterus salmoides reovirus","Photobacterium swingsii",1,1,0,0.00892857142857143,-0.00900900900900901,0,1,1,FALSE
"Micropterus salmoides reovirus","Photobacterium damselae",1,3,0,0.0267857142857143,-0.015746567130481,0,1,1,FALSE
"Micropterus salmoides reovirus","Photobacterium sp. QLXSD",1,2,0,0.0178571428571429,-0.0127984438038444,0,1,1,FALSE
"Micropterus salmoides reovirus","Clostridium sp. Y",1,3,0,0.0267857142857143,-0.015746567130481,0,1,1,FALSE
"Micropterus salmoides reovirus","Photobacterium sp.",1,8,0,0.0714285714285714,-0.0263249063246328,0,1,1,FALSE
"Micropterus salmoides reovirus","Vibrio sp. Y",1,3,0,0.0267857142857143,-0.015746567130481,0,1,1,FALSE
"Micropterus salmoides reovirus","Clostridium sp. SQHN",1,1,0,0.00892857142857143,-0.00900900900900901,0,1,1,FALSE
"Micropterus salmoides reovirus","Pseudoloma sp. FJ",1,1,0,0.00892857142857143,-0.00900900900900901,0,1,1,FALSE
"Micropterus salmoides reovirus","Glugea plecoglossi",1,2,0,0.0178571428571429,-0.0127984438038444,0,1,1,FALSE
"Micropterus salmoides reovirus","Toxocara sp. CTSZ",1,19,0,0.169642857142857,-0.0429016343237295,0,1,1,FALSE
"Micropterus salmoides reovirus","Lepeophtheirus sp. SQHN",1,1,0,0.00892857142857143,-0.00900900900900901,0,1,1,FALSE
"Micropterus salmoides reovirus","Toxoplasma sp. LZY",1,1,0,0.00892857142857143,-0.00900900900900901,0,1,1,FALSE
"Micropterus salmoides reovirus","Toxocara sp. LYS",1,1,0,0.00892857142857143,-0.00900900900900901,0,1,1,FALSE
"Micropterus salmoides reovirus","Besnoitia sp. HKL",1,1,0,0.00892857142857143,-0.00900900900900901,0,1,1,FALSE
"Micropterus salmoides reovirus","Caligus sp. RWXLT",1,2,0,0.0178571428571429,-0.0127984438038444,0,1,1,FALSE
"Micropterus salmoides reovirus","Hydatigera sp. SDYY",1,3,0,0.0267857142857143,-0.015746567130481,0,1,1,FALSE
"Micropterus salmoides reovirus","Cystoisospora sp. DSLT-2",1,1,0,0.00892857142857143,-0.00900900900900901,0,1,1,FALSE
"Micropterus salmoides reovirus","Sarcocystidae sp. DSLT",1,1,0,0.00892857142857143,-0.00900900900900901,0,1,1,FALSE
"Micropterus salmoides reovirus","Sarcocystidae sp. SZMB",1,1,0,0.00892857142857143,-0.00900900900900901,0,1,1,FALSE
"Micropterus salmoides reovirus","Toxocaridae sp. Z",1,1,0,0.00892857142857143,-0.00900900900900901,0,1,1,FALSE
"Micropterus salmoides reovirus","Eimeria sp. SZMB",1,1,0,0.00892857142857143,-0.00900900900900901,0,1,1,FALSE
"Micropterus salmoides reovirus","Taeniidae sp. QLXSDD",1,4,0,0.0357142857142857,-0.0182665541450397,0,1,1,FALSE
"Micropterus salmoides reovirus","Taeniidae sp. LZY",1,1,0,0.00892857142857143,-0.00900900900900901,0,1,1,FALSE
"Micropterus salmoides reovirus","Taeniidae sp. HBSZ",1,3,0,0.0267857142857143,-0.015746567130481,0,1,1,FALSE
"Micropterus salmoides reovirus","Opisthorchiidae sp. SZMB",1,1,0,0.00892857142857143,-0.00900900900900901,0,1,1,FALSE
"Micropterus salmoides reovirus","Eimeriorina sp. RWXLT",1,1,0,0.00892857142857143,-0.00900900900900901,0,1,1,FALSE
"Wenzhou pacific spadenose shark reovirus 2","Nanhai reo-like virus 1",1,1,0,0.00892857142857143,-0.00900900900900901,0,1,1,FALSE
"Wenzhou pacific spadenose shark reovirus 2","Nanhai reo-like virus 2",1,2,0,0.0178571428571429,-0.0127984438038444,0,1,1,FALSE
"Wenzhou pacific spadenose shark reovirus 2","Nanhai reo-like virus 4",1,2,0,0.0178571428571429,-0.0127984438038444,0,1,1,FALSE
"Wenzhou pacific spadenose shark reovirus 2","Nanhai reo-like virus 5",1,5,0,0.0446428571428571,-0.0205178392964012,0,1,1,FALSE
"Wenzhou pacific spadenose shark reovirus 2","Nanhai reo-like virus 6",1,5,0,0.0446428571428571,-0.0205178392964012,0,1,1,FALSE
"Wenzhou pacific spadenose shark reovirus 2","Nanhai reo-like virus 7",1,2,0,0.0178571428571429,-0.0127984438038444,0,1,1,FALSE
"Wenzhou pacific spadenose shark reovirus 2","Asian seabass Nervous Necrosis Virus",1,3,0,0.0267857142857143,-0.015746567130481,0,1,1,FALSE
"Wenzhou pacific spadenose shark reovirus 2","Aliivibrio fischeri",1,5,0,0.0446428571428571,-0.0205178392964012,0,1,1,FALSE
"Wenzhou pacific spadenose shark reovirus 2","Acinetobacter johnsonii",1,3,0,0.0267857142857143,-0.015746567130481,0,1,1,FALSE
"Wenzhou pacific spadenose shark reovirus 2","Pseudomonas aeruginosa",1,1,0,0.00892857142857143,-0.00900900900900901,0,1,1,FALSE
"Wenzhou pacific spadenose shark reovirus 2","Vibrio ponticus",1,8,0,0.0714285714285714,-0.0263249063246328,0,1,1,FALSE
"Wenzhou pacific spadenose shark reovirus 2","Photobacterium swingsii",1,1,0,0.00892857142857143,-0.00900900900900901,0,1,1,FALSE
"Wenzhou pacific spadenose shark reovirus 2","Photobacterium damselae",1,3,0,0.0267857142857143,-0.015746567130481,0,1,1,FALSE
"Wenzhou pacific spadenose shark reovirus 2","Photobacterium sp. QLXSD",1,2,0,0.0178571428571429,-0.0127984438038444,0,1,1,FALSE
"Wenzhou pacific spadenose shark reovirus 2","Clostridium sp. Y",1,3,0,0.0267857142857143,-0.015746567130481,0,1,1,FALSE
"Wenzhou pacific spadenose shark reovirus 2","Photobacterium sp.",1,8,0,0.0714285714285714,-0.0263249063246328,0,1,1,FALSE
"Wenzhou pacific spadenose shark reovirus 2","Vibrio sp. Y",1,3,0,0.0267857142857143,-0.015746567130481,0,1,1,FALSE
"Wenzhou pacific spadenose shark reovirus 2","Clostridium sp. SQHN",1,1,0,0.00892857142857143,-0.00900900900900901,0,1,1,FALSE
"Wenzhou pacific spadenose shark reovirus 2","Pseudoloma sp. FJ",1,1,0,0.00892857142857143,-0.00900900900900901,0,1,1,FALSE
"Wenzhou pacific spadenose shark reovirus 2","Glugea plecoglossi",1,2,0,0.0178571428571429,-0.0127984438038444,0,1,1,FALSE
"Wenzhou pacific spadenose shark reovirus 2","Toxocara sp. CTSZ",1,19,0,0.169642857142857,-0.0429016343237295,0,1,1,FALSE
"Wenzhou pacific spadenose shark reovirus 2","Lepeophtheirus sp. SQHN",1,1,0,0.00892857142857143,-0.00900900900900901,0,1,1,FALSE
"Wenzhou pacific spadenose shark reovirus 2","Toxoplasma sp. LZY",1,1,0,0.00892857142857143,-0.00900900900900901,0,1,1,FALSE
"Wenzhou pacific spadenose shark reovirus 2","Toxocara sp. LYS",1,1,0,0.00892857142857143,-0.00900900900900901,0,1,1,FALSE
"Wenzhou pacific spadenose shark reovirus 2","Besnoitia sp. HKL",1,1,0,0.00892857142857143,-0.00900900900900901,0,1,1,FALSE
"Wenzhou pacific spadenose shark reovirus 2","Caligus sp. RWXLT",1,2,0,0.0178571428571429,-0.0127984438038444,0,1,1,FALSE
"Wenzhou pacific spadenose shark reovirus 2","Hydatigera sp. SDYY",1,3,0,0.0267857142857143,-0.015746567130481,0,1,1,FALSE
"Wenzhou pacific spadenose shark reovirus 2","Cystoisospora sp. DSLT-2",1,1,0,0.00892857142857143,-0.00900900900900901,0,1,1,FALSE
"Wenzhou pacific spadenose shark reovirus 2","Sarcocystidae sp. DSLT",1,1,0,0.00892857142857143,-0.00900900900900901,0,1,1,FALSE
"Wenzhou pacific spadenose shark reovirus 2","Sarcocystidae sp. SZMB",1,1,0,0.00892857142857143,-0.00900900900900901,0,1,1,FALSE
"Wenzhou pacific spadenose shark reovirus 2","Toxocaridae sp. Z",1,1,0,0.00892857142857143,-0.00900900900900901,0,1,1,FALSE
"Wenzhou pacific spadenose shark reovirus 2","Eimeria sp. SZMB",1,1,0,0.00892857142857143,-0.00900900900900901,0,1,1,FALSE
"Wenzhou pacific spadenose shark reovirus 2","Taeniidae sp. QLXSDD",1,4,0,0.0357142857142857,-0.0182665541450397,0,1,1,FALSE
"Wenzhou pacific spadenose shark reovirus 2","Taeniidae sp. LZY",1,1,0,0.00892857142857143,-0.00900900900900901,0,1,1,FALSE
"Wenzhou pacific spadenose shark reovirus 2","Taeniidae sp. HBSZ",1,3,0,0.0267857142857143,-0.015746567130481,0,1,1,FALSE
"Wenzhou pacific spadenose shark reovirus 2","Opisthorchiidae sp. SZMB",1,1,0,0.00892857142857143,-0.00900900900900901,0,1,1,FALSE
"Wenzhou pacific spadenose shark reovirus 2","Eimeriorina sp. RWXLT",1,1,0,0.00892857142857143,-0.00900900900900901,0,1,1,FALSE
"Nanhai reo-like virus 1","Nanhai reo-like virus 4",1,2,0,0.0178571428571429,-0.0127984438038444,0,1,1,FALSE
"Nanhai reo-like virus 1","Nanhai reo-like virus 7",1,2,0,0.0178571428571429,-0.0127984438038444,0,1,1,FALSE
"Nanhai reo-like virus 1","Asian seabass Nervous Necrosis Virus",1,3,0,0.0267857142857143,-0.015746567130481,0,1,1,FALSE
"Nanhai reo-like virus 1","Aliivibrio fischeri",1,5,0,0.0446428571428571,-0.0205178392964012,0,1,1,FALSE
"Nanhai reo-like virus 1","Acinetobacter johnsonii",1,3,0,0.0267857142857143,-0.015746567130481,0,1,1,FALSE
"Nanhai reo-like virus 1","Pseudomonas aeruginosa",1,1,0,0.00892857142857143,-0.00900900900900901,0,1,1,FALSE
"Nanhai reo-like virus 1","Vibrio ponticus",1,8,0,0.0714285714285714,-0.0263249063246328,0,1,1,FALSE
"Nanhai reo-like virus 1","Photobacterium swingsii",1,1,0,0.00892857142857143,-0.00900900900900901,0,1,1,FALSE
"Nanhai reo-like virus 1","Photobacterium damselae",1,3,0,0.0267857142857143,-0.015746567130481,0,1,1,FALSE
"Nanhai reo-like virus 1","Photobacterium sp. QLXSD",1,2,0,0.0178571428571429,-0.0127984438038444,0,1,1,FALSE
"Nanhai reo-like virus 1","Clostridium sp. Y",1,3,0,0.0267857142857143,-0.015746567130481,0,1,1,FALSE
"Nanhai reo-like virus 1","Photobacterium sp.",1,8,0,0.0714285714285714,-0.0263249063246328,0,1,1,FALSE
"Nanhai reo-like virus 1","Vibrio sp. Y",1,3,0,0.0267857142857143,-0.015746567130481,0,1,1,FALSE
"Nanhai reo-like virus 1","Clostridium sp. SQHN",1,1,0,0.00892857142857143,-0.00900900900900901,0,1,1,FALSE
"Nanhai reo-like virus 1","Pseudoloma sp. FJ",1,1,0,0.00892857142857143,-0.00900900900900901,0,1,1,FALSE
"Nanhai reo-like virus 1","Glugea plecoglossi",1,2,0,0.0178571428571429,-0.0127984438038444,0,1,1,FALSE
"Nanhai reo-like virus 1","Lepeophtheirus sp. SQHN",1,1,0,0.00892857142857143,-0.00900900900900901,0,1,1,FALSE
"Nanhai reo-like virus 1","Toxoplasma sp. LZY",1,1,0,0.00892857142857143,-0.00900900900900901,0,1,1,FALSE
"Nanhai reo-like virus 1","Toxocara sp. LYS",1,1,0,0.00892857142857143,-0.00900900900900901,0,1,1,FALSE
"Nanhai reo-like virus 1","Besnoitia sp. HKL",1,1,0,0.00892857142857143,-0.00900900900900901,0,1,1,FALSE
"Nanhai reo-like virus 1","Caligus sp. RWXLT",1,2,0,0.0178571428571429,-0.0127984438038444,0,1,1,FALSE
"Nanhai reo-like virus 1","Hydatigera sp. SDYY",1,3,0,0.0267857142857143,-0.015746567130481,0,1,1,FALSE
"Nanhai reo-like virus 1","Cystoisospora sp. DSLT-2",1,1,0,0.00892857142857143,-0.00900900900900901,0,1,1,FALSE
"Nanhai reo-like virus 1","Sarcocystidae sp. DSLT",1,1,0,0.00892857142857143,-0.00900900900900901,0,1,1,FALSE
"Nanhai reo-like virus 1","Sarcocystidae sp. SZMB",1,1,0,0.00892857142857143,-0.00900900900900901,0,1,1,FALSE
"Nanhai reo-like virus 1","Toxocaridae sp. Z",1,1,0,0.00892857142857143,-0.00900900900900901,0,1,1,FALSE
"Nanhai reo-like virus 1","Eimeria sp. SZMB",1,1,0,0.00892857142857143,-0.00900900900900901,0,1,1,FALSE
"Nanhai reo-like virus 1","Taeniidae sp. QLXSDD",1,4,0,0.0357142857142857,-0.0182665541450397,0,1,1,FALSE
"Nanhai reo-like virus 1","Taeniidae sp. LZY",1,1,0,0.00892857142857143,-0.00900900900900901,0,1,1,FALSE
"Nanhai reo-like virus 1","Taeniidae sp. HBSZ",1,3,0,0.0267857142857143,-0.015746567130481,0,1,1,FALSE
"Nanhai reo-like virus 1","Opisthorchiidae sp. SZMB",1,1,0,0.00892857142857143,-0.00900900900900901,0,1,1,FALSE
"Nanhai reo-like virus 1","Eimeriorina sp. RWXLT",1,1,0,0.00892857142857143,-0.00900900900900901,0,1,1,FALSE
"Nanhai reo-like virus 2","Nanhai reo-like virus 4",2,2,0,0.0357142857142857,-0.0181818181818182,0,1,1,FALSE
"Nanhai reo-like virus 2","Nanhai reo-like virus 7",2,2,0,0.0357142857142857,-0.0181818181818182,0,1,1,FALSE
"Nanhai reo-like virus 2","Aliivibrio fischeri",2,5,0,0.0892857142857143,-0.0291482018664544,0,1,1,FALSE
"Nanhai reo-like virus 2","Acinetobacter johnsonii",2,3,0,0.0535714285714286,-0.0223700025520446,0,1,1,FALSE
"Nanhai reo-like virus 2","Pseudomonas aeruginosa",2,1,0,0.0178571428571429,-0.0127984438038444,0,1,1,FALSE
"Nanhai reo-like virus 2","Vibrio ponticus",2,8,0,0.142857142857143,-0.0373978796003383,0,1,1,FALSE
"Nanhai reo-like virus 2","Photobacterium swingsii",2,1,0,0.0178571428571429,-0.0127984438038444,0,1,1,FALSE
"Nanhai reo-like virus 2","Photobacterium damselae",2,3,0,0.0535714285714286,-0.0223700025520446,0,1,1,FALSE
"Nanhai reo-like virus 2","Photobacterium sp. QLXSD",2,2,0,0.0357142857142857,-0.0181818181818182,0,1,1,FALSE
"Nanhai reo-like virus 2","Clostridium sp. Y",2,3,0,0.0535714285714286,-0.0223700025520446,0,1,1,FALSE
"Nanhai reo-like virus 2","Photobacterium sp.",2,8,0,0.142857142857143,-0.0373978796003383,0,1,1,FALSE
"Nanhai reo-like virus 2","Vibrio sp. Y",2,3,0,0.0535714285714286,-0.0223700025520446,0,1,1,FALSE
"Nanhai reo-like virus 2","Clostridium sp. SQHN",2,1,0,0.0178571428571429,-0.0127984438038444,0,1,1,FALSE
"Nanhai reo-like virus 2","Pseudoloma sp. FJ",2,1,0,0.0178571428571429,-0.0127984438038444,0,1,1,FALSE
"Nanhai reo-like virus 2","Glugea plecoglossi",2,2,0,0.0357142857142857,-0.0181818181818182,0,1,1,FALSE
"Nanhai reo-like virus 2","Lepeophtheirus sp. SQHN",2,1,0,0.0178571428571429,-0.0127984438038444,0,1,1,FALSE
"Nanhai reo-like virus 2","Toxoplasma sp. LZY",2,1,0,0.0178571428571429,-0.0127984438038444,0,1,1,FALSE
"Nanhai reo-like virus 2","Toxocara sp. LYS",2,1,0,0.0178571428571429,-0.0127984438038444,0,1,1,FALSE
"Nanhai reo-like virus 2","Besnoitia sp. HKL",2,1,0,0.0178571428571429,-0.0127984438038444,0,1,1,FALSE
"Nanhai reo-like virus 2","Caligus sp. RWXLT",2,2,0,0.0357142857142857,-0.0181818181818182,0,1,1,FALSE
"Nanhai reo-like virus 2","Hydatigera sp. SDYY",2,3,0,0.0535714285714286,-0.0223700025520446,0,1,1,FALSE
"Nanhai reo-like virus 2","Cystoisospora sp. DSLT-2",2,1,0,0.0178571428571429,-0.0127984438038444,0,1,1,FALSE
"Nanhai reo-like virus 2","Sarcocystidae sp. DSLT",2,1,0,0.0178571428571429,-0.0127984438038444,0,1,1,FALSE
"Nanhai reo-like virus 2","Sarcocystidae sp. SZMB",2,1,0,0.0178571428571429,-0.0127984438038444,0,1,1,FALSE
"Nanhai reo-like virus 2","Toxocaridae sp. Z",2,1,0,0.0178571428571429,-0.0127984438038444,0,1,1,FALSE
"Nanhai reo-like virus 2","Eimeria sp. SZMB",2,1,0,0.0178571428571429,-0.0127984438038444,0,1,1,FALSE
"Nanhai reo-like virus 2","Taeniidae sp. QLXSDD",2,4,0,0.0714285714285714,-0.0259499648053841,0,1,1,FALSE
"Nanhai reo-like virus 2","Taeniidae sp. LZY",2,1,0,0.0178571428571429,-0.0127984438038444,0,1,1,FALSE
"Nanhai reo-like virus 2","Taeniidae sp. HBSZ",2,3,0,0.0535714285714286,-0.0223700025520446,0,1,1,FALSE
"Nanhai reo-like virus 2","Opisthorchiidae sp. SZMB",2,1,0,0.0178571428571429,-0.0127984438038444,0,1,1,FALSE
"Nanhai reo-like virus 2","Eimeriorina sp. RWXLT",2,1,0,0.0178571428571429,-0.0127984438038444,0,1,1,FALSE
"Nanhai reo-like virus 4","Nanhai reo-like virus 5",2,5,0,0.0892857142857143,-0.0291482018664544,0,1,1,FALSE
"Nanhai reo-like virus 4","Nanhai reo-like virus 6",2,5,0,0.0892857142857143,-0.0291482018664544,0,1,1,FALSE
"Nanhai reo-like virus 4","Nanhai reo-like virus 7",2,2,0,0.0357142857142857,-0.0181818181818182,0,1,1,FALSE
"Nanhai reo-like virus 4","Asian seabass Nervous Necrosis Virus",2,3,0,0.0535714285714286,-0.0223700025520446,0,1,1,FALSE
"Nanhai reo-like virus 4","Aliivibrio fischeri",2,5,0,0.0892857142857143,-0.0291482018664544,0,1,1,FALSE
"Nanhai reo-like virus 4","Acinetobacter johnsonii",2,3,0,0.0535714285714286,-0.0223700025520446,0,1,1,FALSE
"Nanhai reo-like virus 4","Pseudomonas aeruginosa",2,1,0,0.0178571428571429,-0.0127984438038444,0,1,1,FALSE
"Nanhai reo-like virus 4","Vibrio ponticus",2,8,0,0.142857142857143,-0.0373978796003383,0,1,1,FALSE
"Nanhai reo-like virus 4","Photobacterium swingsii",2,1,0,0.0178571428571429,-0.0127984438038444,0,1,1,FALSE
"Nanhai reo-like virus 4","Photobacterium damselae",2,3,0,0.0535714285714286,-0.0223700025520446,0,1,1,FALSE
"Nanhai reo-like virus 4","Photobacterium sp. QLXSD",2,2,0,0.0357142857142857,-0.0181818181818182,0,1,1,FALSE
"Nanhai reo-like virus 4","Clostridium sp. Y",2,3,0,0.0535714285714286,-0.0223700025520446,0,1,1,FALSE
"Nanhai reo-like virus 4","Photobacterium sp.",2,8,0,0.142857142857143,-0.0373978796003383,0,1,1,FALSE
"Nanhai reo-like virus 4","Vibrio sp. Y",2,3,0,0.0535714285714286,-0.0223700025520446,0,1,1,FALSE
"Nanhai reo-like virus 4","Clostridium sp. SQHN",2,1,0,0.0178571428571429,-0.0127984438038444,0,1,1,FALSE
"Nanhai reo-like virus 4","Pseudoloma sp. FJ",2,1,0,0.0178571428571429,-0.0127984438038444,0,1,1,FALSE
"Nanhai reo-like virus 4","Glugea plecoglossi",2,2,0,0.0357142857142857,-0.0181818181818182,0,1,1,FALSE
"Nanhai reo-like virus 4","Toxocara sp. CTSZ",2,19,0,0.339285714285714,-0.0609472313143721,0,1,1,FALSE
"Nanhai reo-like virus 4","Lepeophtheirus sp. SQHN",2,1,0,0.0178571428571429,-0.0127984438038444,0,1,1,FALSE
"Nanhai reo-like virus 4","Toxoplasma sp. LZY",2,1,0,0.0178571428571429,-0.0127984438038444,0,1,1,FALSE
"Nanhai reo-like virus 4","Toxocara sp. LYS",2,1,0,0.0178571428571429,-0.0127984438038444,0,1,1,FALSE
"Nanhai reo-like virus 4","Besnoitia sp. HKL",2,1,0,0.0178571428571429,-0.0127984438038444,0,1,1,FALSE
"Nanhai reo-like virus 4","Caligus sp. RWXLT",2,2,0,0.0357142857142857,-0.0181818181818182,0,1,1,FALSE
"Nanhai reo-like virus 4","Hydatigera sp. SDYY",2,3,0,0.0535714285714286,-0.0223700025520446,0,1,1,FALSE
"Nanhai reo-like virus 4","Cystoisospora sp. DSLT-2",2,1,0,0.0178571428571429,-0.0127984438038444,0,1,1,FALSE
"Nanhai reo-like virus 4","Sarcocystidae sp. DSLT",2,1,0,0.0178571428571429,-0.0127984438038444,0,1,1,FALSE
"Nanhai reo-like virus 4","Sarcocystidae sp. SZMB",2,1,0,0.0178571428571429,-0.0127984438038444,0,1,1,FALSE
"Nanhai reo-like virus 4","Toxocaridae sp. Z",2,1,0,0.0178571428571429,-0.0127984438038444,0,1,1,FALSE
"Nanhai reo-like virus 4","Eimeria sp. SZMB",2,1,0,0.0178571428571429,-0.0127984438038444,0,1,1,FALSE
"Nanhai reo-like virus 4","Taeniidae sp. QLXSDD",2,4,0,0.0714285714285714,-0.0259499648053841,0,1,1,FALSE
"Nanhai reo-like virus 4","Taeniidae sp. LZY",2,1,0,0.0178571428571429,-0.0127984438038444,0,1,1,FALSE
"Nanhai reo-like virus 4","Taeniidae sp. HBSZ",2,3,0,0.0535714285714286,-0.0223700025520446,0,1,1,FALSE
"Nanhai reo-like virus 4","Opisthorchiidae sp. SZMB",2,1,0,0.0178571428571429,-0.0127984438038444,0,1,1,FALSE
"Nanhai reo-like virus 4","Eimeriorina sp. RWXLT",2,1,0,0.0178571428571429,-0.0127984438038444,0,1,1,FALSE
"Nanhai reo-like virus 5","Nanhai reo-like virus 7",5,2,0,0.0892857142857143,-0.0291482018664544,0,1,1,FALSE
"Nanhai reo-like virus 5","Pseudomonas aeruginosa",5,1,0,0.0446428571428571,-0.0205178392964012,0,1,1,FALSE
"Nanhai reo-like virus 5","Photobacterium swingsii",5,1,0,0.0446428571428571,-0.0205178392964012,0,1,1,FALSE
"Nanhai reo-like virus 5","Photobacterium damselae",5,3,0,0.133928571428571,-0.0358624942577053,0,1,1,FALSE
"Nanhai reo-like virus 5","Photobacterium sp. QLXSD",5,2,0,0.0892857142857143,-0.0291482018664544,0,1,1,FALSE
"Nanhai reo-like virus 5","Clostridium sp. Y",5,3,0,0.133928571428571,-0.0358624942577053,0,1,1,FALSE
"Nanhai reo-like virus 5","Photobacterium sp.",5,8,0,0.357142857142857,-0.0599544519182411,0,1,1,FALSE
"Nanhai reo-like virus 5","Clostridium sp. SQHN",5,1,0,0.0446428571428571,-0.0205178392964012,0,1,1,FALSE
"Nanhai reo-like virus 5","Glugea plecoglossi",5,2,0,0.0892857142857143,-0.0291482018664544,0,1,1,FALSE
"Nanhai reo-like virus 5","Lepeophtheirus sp. SQHN",5,1,0,0.0446428571428571,-0.0205178392964012,0,1,1,FALSE
"Nanhai reo-like virus 5","Toxoplasma sp. LZY",5,1,0,0.0446428571428571,-0.0205178392964012,0,1,1,FALSE
"Nanhai reo-like virus 5","Toxocara sp. LYS",5,1,0,0.0446428571428571,-0.0205178392964012,0,1,1,FALSE
"Nanhai reo-like virus 5","Besnoitia sp. HKL",5,1,0,0.0446428571428571,-0.0205178392964012,0,1,1,FALSE
"Nanhai reo-like virus 5","Cystoisospora sp. DSLT-2",5,1,0,0.0446428571428571,-0.0205178392964012,0,1,1,FALSE
"Nanhai reo-like virus 5","Sarcocystidae sp. DSLT",5,1,0,0.0446428571428571,-0.0205178392964012,0,1,1,FALSE
"Nanhai reo-like virus 5","Sarcocystidae sp. SZMB",5,1,0,0.0446428571428571,-0.0205178392964012,0,1,1,FALSE
"Nanhai reo-like virus 5","Toxocaridae sp. Z",5,1,0,0.0446428571428571,-0.0205178392964012,0,1,1,FALSE
"Nanhai reo-like virus 5","Eimeria sp. SZMB",5,1,0,0.0446428571428571,-0.0205178392964012,0,1,1,FALSE
"Nanhai reo-like virus 5","Taeniidae sp. LZY",5,1,0,0.0446428571428571,-0.0205178392964012,0,1,1,FALSE
"Nanhai reo-like virus 5","Opisthorchiidae sp. SZMB",5,1,0,0.0446428571428571,-0.0205178392964012,0,1,1,FALSE
"Nanhai reo-like virus 5","Eimeriorina sp. RWXLT",5,1,0,0.0446428571428571,-0.0205178392964012,0,1,1,FALSE
"Nanhai reo-like virus 6","Nanhai reo-like virus 7",5,2,0,0.0892857142857143,-0.0291482018664544,0,1,1,FALSE
"Nanhai reo-like virus 6","Pseudomonas aeruginosa",5,1,0,0.0446428571428571,-0.0205178392964012,0,1,1,FALSE
"Nanhai reo-like virus 6","Photobacterium swingsii",5,1,0,0.0446428571428571,-0.0205178392964012,0,1,1,FALSE
"Nanhai reo-like virus 6","Photobacterium damselae",5,3,0,0.133928571428571,-0.0358624942577053,0,1,1,FALSE
"Nanhai reo-like virus 6","Photobacterium sp. QLXSD",5,2,0,0.0892857142857143,-0.0291482018664544,0,1,1,FALSE
"Nanhai reo-like virus 6","Clostridium sp. Y",5,3,0,0.133928571428571,-0.0358624942577053,0,1,1,FALSE
"Nanhai reo-like virus 6","Photobacterium sp.",5,8,0,0.357142857142857,-0.0599544519182411,0,1,1,FALSE
"Nanhai reo-like virus 6","Clostridium sp. SQHN",5,1,0,0.0446428571428571,-0.0205178392964012,0,1,1,FALSE
"Nanhai reo-like virus 6","Glugea plecoglossi",5,2,0,0.0892857142857143,-0.0291482018664544,0,1,1,FALSE
"Nanhai reo-like virus 6","Lepeophtheirus sp. SQHN",5,1,0,0.0446428571428571,-0.0205178392964012,0,1,1,FALSE
"Nanhai reo-like virus 6","Toxoplasma sp. LZY",5,1,0,0.0446428571428571,-0.0205178392964012,0,1,1,FALSE
"Nanhai reo-like virus 6","Toxocara sp. LYS",5,1,0,0.0446428571428571,-0.0205178392964012,0,1,1,FALSE
"Nanhai reo-like virus 6","Besnoitia sp. HKL",5,1,0,0.0446428571428571,-0.0205178392964012,0,1,1,FALSE
"Nanhai reo-like virus 6","Hydatigera sp. SDYY",5,3,0,0.133928571428571,-0.0358624942577053,0,1,1,FALSE
"Nanhai reo-like virus 6","Cystoisospora sp. DSLT-2",5,1,0,0.0446428571428571,-0.0205178392964012,0,1,1,FALSE
"Nanhai reo-like virus 6","Sarcocystidae sp. DSLT",5,1,0,0.0446428571428571,-0.0205178392964012,0,1,1,FALSE
"Nanhai reo-like virus 6","Sarcocystidae sp. SZMB",5,1,0,0.0446428571428571,-0.0205178392964012,0,1,1,FALSE
"Nanhai reo-like virus 6","Toxocaridae sp. Z",5,1,0,0.0446428571428571,-0.0205178392964012,0,1,1,FALSE
"Nanhai reo-like virus 6","Eimeria sp. SZMB",5,1,0,0.0446428571428571,-0.0205178392964012,0,1,1,FALSE
"Nanhai reo-like virus 6","Taeniidae sp. QLXSDD",5,4,0,0.178571428571429,-0.0416017146916098,0,1,1,FALSE
"Nanhai reo-like virus 6","Taeniidae sp. LZY",5,1,0,0.0446428571428571,-0.0205178392964012,0,1,1,FALSE
"Nanhai reo-like virus 6","Taeniidae sp. HBSZ",5,3,0,0.133928571428571,-0.0358624942577053,0,1,1,FALSE
"Nanhai reo-like virus 6","Opisthorchiidae sp. SZMB",5,1,0,0.0446428571428571,-0.0205178392964012,0,1,1,FALSE
"Nanhai reo-like virus 6","Eimeriorina sp. RWXLT",5,1,0,0.0446428571428571,-0.0205178392964012,0,1,1,FALSE
"Nanhai reo-like virus 7","Asian seabass Nervous Necrosis Virus",2,3,0,0.0535714285714286,-0.0223700025520446,0,1,1,FALSE
"Nanhai reo-like virus 7","Aliivibrio fischeri",2,5,0,0.0892857142857143,-0.0291482018664544,0,1,1,FALSE
"Nanhai reo-like virus 7","Acinetobacter johnsonii",2,3,0,0.0535714285714286,-0.0223700025520446,0,1,1,FALSE
"Nanhai reo-like virus 7","Pseudomonas aeruginosa",2,1,0,0.0178571428571429,-0.0127984438038444,0,1,1,FALSE
"Nanhai reo-like virus 7","Vibrio ponticus",2,8,0,0.142857142857143,-0.0373978796003383,0,1,1,FALSE
"Nanhai reo-like virus 7","Photobacterium swingsii",2,1,0,0.0178571428571429,-0.0127984438038444,0,1,1,FALSE
"Nanhai reo-like virus 7","Photobacterium damselae",2,3,0,0.0535714285714286,-0.0223700025520446,0,1,1,FALSE
"Nanhai reo-like virus 7","Photobacterium sp. QLXSD",2,2,0,0.0357142857142857,-0.0181818181818182,0,1,1,FALSE
"Nanhai reo-like virus 7","Clostridium sp. Y",2,3,0,0.0535714285714286,-0.0223700025520446,0,1,1,FALSE
"Nanhai reo-like virus 7","Photobacterium sp.",2,8,0,0.142857142857143,-0.0373978796003383,0,1,1,FALSE
"Nanhai reo-like virus 7","Vibrio sp. Y",2,3,0,0.0535714285714286,-0.0223700025520446,0,1,1,FALSE
"Nanhai reo-like virus 7","Clostridium sp. SQHN",2,1,0,0.0178571428571429,-0.0127984438038444,0,1,1,FALSE
"Nanhai reo-like virus 7","Pseudoloma sp. FJ",2,1,0,0.0178571428571429,-0.0127984438038444,0,1,1,FALSE
"Nanhai reo-like virus 7","Glugea plecoglossi",2,2,0,0.0357142857142857,-0.0181818181818182,0,1,1,FALSE
"Nanhai reo-like virus 7","Toxocara sp. CTSZ",2,19,0,0.339285714285714,-0.0609472313143721,0,1,1,FALSE
"Nanhai reo-like virus 7","Lepeophtheirus sp. SQHN",2,1,0,0.0178571428571429,-0.0127984438038444,0,1,1,FALSE
"Nanhai reo-like virus 7","Toxoplasma sp. LZY",2,1,0,0.0178571428571429,-0.0127984438038444,0,1,1,FALSE
"Nanhai reo-like virus 7","Toxocara sp. LYS",2,1,0,0.0178571428571429,-0.0127984438038444,0,1,1,FALSE
"Nanhai reo-like virus 7","Besnoitia sp. HKL",2,1,0,0.0178571428571429,-0.0127984438038444,0,1,1,FALSE
"Nanhai reo-like virus 7","Caligus sp. RWXLT",2,2,0,0.0357142857142857,-0.0181818181818182,0,1,1,FALSE
"Nanhai reo-like virus 7","Hydatigera sp. SDYY",2,3,0,0.0535714285714286,-0.0223700025520446,0,1,1,FALSE
"Nanhai reo-like virus 7","Cystoisospora sp. DSLT-2",2,1,0,0.0178571428571429,-0.0127984438038444,0,1,1,FALSE
"Nanhai reo-like virus 7","Sarcocystidae sp. DSLT",2,1,0,0.0178571428571429,-0.0127984438038444,0,1,1,FALSE
"Nanhai reo-like virus 7","Sarcocystidae sp. SZMB",2,1,0,0.0178571428571429,-0.0127984438038444,0,1,1,FALSE
"Nanhai reo-like virus 7","Toxocaridae sp. Z",2,1,0,0.0178571428571429,-0.0127984438038444,0,1,1,FALSE
"Nanhai reo-like virus 7","Eimeria sp. SZMB",2,1,0,0.0178571428571429,-0.0127984438038444,0,1,1,FALSE
"Nanhai reo-like virus 7","Taeniidae sp. QLXSDD",2,4,0,0.0714285714285714,-0.0259499648053841,0,1,1,FALSE
"Nanhai reo-like virus 7","Taeniidae sp. LZY",2,1,0,0.0178571428571429,-0.0127984438038444,0,1,1,FALSE
"Nanhai reo-like virus 7","Taeniidae sp. HBSZ",2,3,0,0.0535714285714286,-0.0223700025520446,0,1,1,FALSE
"Nanhai reo-like virus 7","Opisthorchiidae sp. SZMB",2,1,0,0.0178571428571429,-0.0127984438038444,0,1,1,FALSE
"Nanhai reo-like virus 7","Eimeriorina sp. RWXLT",2,1,0,0.0178571428571429,-0.0127984438038444,0,1,1,FALSE
"Asian seabass Nervous Necrosis Virus","Aliivibrio fischeri",3,5,0,0.133928571428571,-0.0358624942577053,0,1,1,FALSE
"Asian seabass Nervous Necrosis Virus","Acinetobacter johnsonii",3,3,0,0.0803571428571429,-0.0275229357798165,0,1,1,FALSE
"Asian seabass Nervous Necrosis Virus","Pseudomonas aeruginosa",3,1,0,0.0267857142857143,-0.015746567130481,0,1,1,FALSE
"Asian seabass Nervous Necrosis Virus","Vibrio ponticus",3,8,0,0.214285714285714,-0.0460124864155343,0,1,1,FALSE
"Asian seabass Nervous Necrosis Virus","Photobacterium swingsii",3,1,0,0.0267857142857143,-0.015746567130481,0,1,1,FALSE
"Asian seabass Nervous Necrosis Virus","Photobacterium damselae",3,3,0,0.0803571428571429,-0.0275229357798165,0,1,1,FALSE
"Asian seabass Nervous Necrosis Virus","Photobacterium sp. QLXSD",3,2,0,0.0535714285714286,-0.0223700025520446,0,1,1,FALSE
"Asian seabass Nervous Necrosis Virus","Clostridium sp. Y",3,3,0,0.0803571428571429,-0.0275229357798165,0,1,1,FALSE
"Asian seabass Nervous Necrosis Virus","Photobacterium sp.",3,8,0,0.214285714285714,-0.0460124864155343,0,1,1,FALSE
"Asian seabass Nervous Necrosis Virus","Vibrio sp. Y",3,3,0,0.0803571428571429,-0.0275229357798165,0,1,1,FALSE
"Asian seabass Nervous Necrosis Virus","Clostridium sp. SQHN",3,1,0,0.0267857142857143,-0.015746567130481,0,1,1,FALSE
"Asian seabass Nervous Necrosis Virus","Pseudoloma sp. FJ",3,1,0,0.0267857142857143,-0.015746567130481,0,1,1,FALSE
"Asian seabass Nervous Necrosis Virus","Glugea plecoglossi",3,2,0,0.0535714285714286,-0.0223700025520446,0,1,1,FALSE
"Asian seabass Nervous Necrosis Virus","Toxocara sp. CTSZ",3,19,0,0.508928571428571,-0.0749864346023407,0,1,1,FALSE
"Asian seabass Nervous Necrosis Virus","Lepeophtheirus sp. SQHN",3,1,0,0.0267857142857143,-0.015746567130481,0,1,1,FALSE
"Asian seabass Nervous Necrosis Virus","Toxoplasma sp. LZY",3,1,0,0.0267857142857143,-0.015746567130481,0,1,1,FALSE
"Asian seabass Nervous Necrosis Virus","Toxocara sp. LYS",3,1,0,0.0267857142857143,-0.015746567130481,0,1,1,FALSE
"Asian seabass Nervous Necrosis Virus","Besnoitia sp. HKL",3,1,0,0.0267857142857143,-0.015746567130481,0,1,1,FALSE
"Asian seabass Nervous Necrosis Virus","Caligus sp. RWXLT",3,2,0,0.0535714285714286,-0.0223700025520446,0,1,1,FALSE
"Asian seabass Nervous Necrosis Virus","Hydatigera sp. SDYY",3,3,0,0.0803571428571429,-0.0275229357798165,0,1,1,FALSE
"Asian seabass Nervous Necrosis Virus","Cystoisospora sp. DSLT-2",3,1,0,0.0267857142857143,-0.015746567130481,0,1,1,FALSE
"Asian seabass Nervous Necrosis Virus","Sarcocystidae sp. DSLT",3,1,0,0.0267857142857143,-0.015746567130481,0,1,1,FALSE
"Asian seabass Nervous Necrosis Virus","Sarcocystidae sp. SZMB",3,1,0,0.0267857142857143,-0.015746567130481,0,1,1,FALSE
"Asian seabass Nervous Necrosis Virus","Toxocaridae sp. Z",3,1,0,0.0267857142857143,-0.015746567130481,0,1,1,FALSE
"Asian seabass Nervous Necrosis Virus","Eimeria sp. SZMB",3,1,0,0.0267857142857143,-0.015746567130481,0,1,1,FALSE
"Asian seabass Nervous Necrosis Virus","Taeniidae sp. QLXSDD",3,4,0,0.107142857142857,-0.031927542840705,0,1,1,FALSE
"Asian seabass Nervous Necrosis Virus","Taeniidae sp. LZY",3,1,0,0.0267857142857143,-0.015746567130481,0,1,1,FALSE
"Asian seabass Nervous Necrosis Virus","Taeniidae sp. HBSZ",3,3,0,0.0803571428571429,-0.0275229357798165,0,1,1,FALSE
"Asian seabass Nervous Necrosis Virus","Opisthorchiidae sp. SZMB",3,1,0,0.0267857142857143,-0.015746567130481,0,1,1,FALSE
"Asian seabass Nervous Necrosis Virus","Eimeriorina sp. RWXLT",3,1,0,0.0267857142857143,-0.015746567130481,0,1,1,FALSE
"Aliivibrio fischeri","Acinetobacter johnsonii",5,3,0,0.133928571428571,-0.0358624942577053,0,1,1,FALSE
"Aliivibrio fischeri","Pseudomonas aeruginosa",5,1,0,0.0446428571428571,-0.0205178392964012,0,1,1,FALSE
"Aliivibrio fischeri","Photobacterium swingsii",5,1,0,0.0446428571428571,-0.0205178392964012,0,1,1,FALSE
"Aliivibrio fischeri","Photobacterium sp. QLXSD",5,2,0,0.0892857142857143,-0.0291482018664544,0,1,1,FALSE
"Aliivibrio fischeri","Clostridium sp. Y",5,3,0,0.133928571428571,-0.0358624942577053,0,1,1,FALSE
"Aliivibrio fischeri","Photobacterium sp.",5,8,0,0.357142857142857,-0.0599544519182411,0,1,1,FALSE
"Aliivibrio fischeri","Clostridium sp. SQHN",5,1,0,0.0446428571428571,-0.0205178392964012,0,1,1,FALSE
"Aliivibrio fischeri","Glugea plecoglossi",5,2,0,0.0892857142857143,-0.0291482018664544,0,1,1,FALSE
"Aliivibrio fischeri","Toxocara sp. CTSZ",5,19,0,0.848214285714286,-0.0977076210854047,0,1,1,FALSE
"Aliivibrio fischeri","Lepeophtheirus sp. SQHN",5,1,0,0.0446428571428571,-0.0205178392964012,0,1,1,FALSE
"Aliivibrio fischeri","Toxoplasma sp. LZY",5,1,0,0.0446428571428571,-0.0205178392964012,0,1,1,FALSE
"Aliivibrio fischeri","Toxocara sp. LYS",5,1,0,0.0446428571428571,-0.0205178392964012,0,1,1,FALSE
"Aliivibrio fischeri","Besnoitia sp. HKL",5,1,0,0.0446428571428571,-0.0205178392964012,0,1,1,FALSE
"Aliivibrio fischeri","Hydatigera sp. SDYY",5,3,0,0.133928571428571,-0.0358624942577053,0,1,1,FALSE
"Aliivibrio fischeri","Cystoisospora sp. DSLT-2",5,1,0,0.0446428571428571,-0.0205178392964012,0,1,1,FALSE
"Aliivibrio fischeri","Sarcocystidae sp. DSLT",5,1,0,0.0446428571428571,-0.0205178392964012,0,1,1,FALSE
"Aliivibrio fischeri","Sarcocystidae sp. SZMB",5,1,0,0.0446428571428571,-0.0205178392964012,0,1,1,FALSE
"Aliivibrio fischeri","Toxocaridae sp. Z",5,1,0,0.0446428571428571,-0.0205178392964012,0,1,1,FALSE
"Aliivibrio fischeri","Eimeria sp. SZMB",5,1,0,0.0446428571428571,-0.0205178392964012,0,1,1,FALSE
"Aliivibrio fischeri","Taeniidae sp. QLXSDD",5,4,0,0.178571428571429,-0.0416017146916098,0,1,1,FALSE
"Aliivibrio fischeri","Taeniidae sp. LZY",5,1,0,0.0446428571428571,-0.0205178392964012,0,1,1,FALSE
"Aliivibrio fischeri","Taeniidae sp. HBSZ",5,3,0,0.133928571428571,-0.0358624942577053,0,1,1,FALSE
"Aliivibrio fischeri","Opisthorchiidae sp. SZMB",5,1,0,0.0446428571428571,-0.0205178392964012,0,1,1,FALSE
"Aliivibrio fischeri","Eimeriorina sp. RWXLT",5,1,0,0.0446428571428571,-0.0205178392964012,0,1,1,FALSE
"Acinetobacter johnsonii","Pseudomonas aeruginosa",3,1,0,0.0267857142857143,-0.015746567130481,0,1,1,FALSE
"Acinetobacter johnsonii","Vibrio ponticus",3,8,0,0.214285714285714,-0.0460124864155343,0,1,1,FALSE
"Acinetobacter johnsonii","Photobacterium swingsii",3,1,0,0.0267857142857143,-0.015746567130481,0,1,1,FALSE
"Acinetobacter johnsonii","Photobacterium damselae",3,3,0,0.0803571428571429,-0.0275229357798165,0,1,1,FALSE
"Acinetobacter johnsonii","Clostridium sp. Y",3,3,0,0.0803571428571429,-0.0275229357798165,0,1,1,FALSE
"Acinetobacter johnsonii","Vibrio sp. Y",3,3,0,0.0803571428571429,-0.0275229357798165,0,1,1,FALSE
"Acinetobacter johnsonii","Clostridium sp. SQHN",3,1,0,0.0267857142857143,-0.015746567130481,0,1,1,FALSE
"Acinetobacter johnsonii","Pseudoloma sp. FJ",3,1,0,0.0267857142857143,-0.015746567130481,0,1,1,FALSE
"Acinetobacter johnsonii","Glugea plecoglossi",3,2,0,0.0535714285714286,-0.0223700025520446,0,1,1,FALSE
"Acinetobacter johnsonii","Lepeophtheirus sp. SQHN",3,1,0,0.0267857142857143,-0.015746567130481,0,1,1,FALSE
"Acinetobacter johnsonii","Toxoplasma sp. LZY",3,1,0,0.0267857142857143,-0.015746567130481,0,1,1,FALSE
"Acinetobacter johnsonii","Toxocara sp. LYS",3,1,0,0.0267857142857143,-0.015746567130481,0,1,1,FALSE
"Acinetobacter johnsonii","Hydatigera sp. SDYY",3,3,0,0.0803571428571429,-0.0275229357798165,0,1,1,FALSE
"Acinetobacter johnsonii","Sarcocystidae sp. SZMB",3,1,0,0.0267857142857143,-0.015746567130481,0,1,1,FALSE
"Acinetobacter johnsonii","Toxocaridae sp. Z",3,1,0,0.0267857142857143,-0.015746567130481,0,1,1,FALSE
"Acinetobacter johnsonii","Eimeria sp. SZMB",3,1,0,0.0267857142857143,-0.015746567130481,0,1,1,FALSE
"Acinetobacter johnsonii","Taeniidae sp. QLXSDD",3,4,0,0.107142857142857,-0.031927542840705,0,1,1,FALSE
"Acinetobacter johnsonii","Taeniidae sp. LZY",3,1,0,0.0267857142857143,-0.015746567130481,0,1,1,FALSE
"Acinetobacter johnsonii","Taeniidae sp. HBSZ",3,3,0,0.0803571428571429,-0.0275229357798165,0,1,1,FALSE
"Acinetobacter johnsonii","Opisthorchiidae sp. SZMB",3,1,0,0.0267857142857143,-0.015746567130481,0,1,1,FALSE
"Acinetobacter johnsonii","Eimeriorina sp. RWXLT",3,1,0,0.0267857142857143,-0.015746567130481,0,1,1,FALSE
"Pseudomonas aeruginosa","Vibrio ponticus",1,8,0,0.0714285714285714,-0.0263249063246328,0,1,1,FALSE
"Pseudomonas aeruginosa","Photobacterium swingsii",1,1,0,0.00892857142857143,-0.00900900900900901,0,1,1,FALSE
"Pseudomonas aeruginosa","Photobacterium damselae",1,3,0,0.0267857142857143,-0.015746567130481,0,1,1,FALSE
"Pseudomonas aeruginosa","Clostridium sp. Y",1,3,0,0.0267857142857143,-0.015746567130481,0,1,1,FALSE
"Pseudomonas aeruginosa","Vibrio sp. Y",1,3,0,0.0267857142857143,-0.015746567130481,0,1,1,FALSE
"Pseudomonas aeruginosa","Clostridium sp. SQHN",1,1,0,0.00892857142857143,-0.00900900900900901,0,1,1,FALSE
"Pseudomonas aeruginosa","Pseudoloma sp. FJ",1,1,0,0.00892857142857143,-0.00900900900900901,0,1,1,FALSE
"Pseudomonas aeruginosa","Glugea plecoglossi",1,2,0,0.0178571428571429,-0.0127984438038444,0,1,1,FALSE
"Pseudomonas aeruginosa","Lepeophtheirus sp. SQHN",1,1,0,0.00892857142857143,-0.00900900900900901,0,1,1,FALSE
"Pseudomonas aeruginosa","Toxoplasma sp. LZY",1,1,0,0.00892857142857143,-0.00900900900900901,0,1,1,FALSE
"Pseudomonas aeruginosa","Toxocara sp. LYS",1,1,0,0.00892857142857143,-0.00900900900900901,0,1,1,FALSE
"Pseudomonas aeruginosa","Besnoitia sp. HKL",1,1,0,0.00892857142857143,-0.00900900900900901,0,1,1,FALSE
"Pseudomonas aeruginosa","Caligus sp. RWXLT",1,2,0,0.0178571428571429,-0.0127984438038444,0,1,1,FALSE
"Pseudomonas aeruginosa","Hydatigera sp. SDYY",1,3,0,0.0267857142857143,-0.015746567130481,0,1,1,FALSE
"Pseudomonas aeruginosa","Cystoisospora sp. DSLT-2",1,1,0,0.00892857142857143,-0.00900900900900901,0,1,1,FALSE
"Pseudomonas aeruginosa","Sarcocystidae sp. DSLT",1,1,0,0.00892857142857143,-0.00900900900900901,0,1,1,FALSE
"Pseudomonas aeruginosa","Sarcocystidae sp. SZMB",1,1,0,0.00892857142857143,-0.00900900900900901,0,1,1,FALSE
"Pseudomonas aeruginosa","Toxocaridae sp. Z",1,1,0,0.00892857142857143,-0.00900900900900901,0,1,1,FALSE
"Pseudomonas aeruginosa","Eimeria sp. SZMB",1,1,0,0.00892857142857143,-0.00900900900900901,0,1,1,FALSE
"Pseudomonas aeruginosa","Taeniidae sp. QLXSDD",1,4,0,0.0357142857142857,-0.0182665541450397,0,1,1,FALSE
"Pseudomonas aeruginosa","Taeniidae sp. HBSZ",1,3,0,0.0267857142857143,-0.015746567130481,0,1,1,FALSE
"Pseudomonas aeruginosa","Opisthorchiidae sp. SZMB",1,1,0,0.00892857142857143,-0.00900900900900901,0,1,1,FALSE
"Pseudomonas aeruginosa","Eimeriorina sp. RWXLT",1,1,0,0.00892857142857143,-0.00900900900900901,0,1,1,FALSE
"Vibrio ponticus","Photobacterium sp. QLXSD",8,2,0,0.142857142857143,-0.0373978796003383,0,1,1,FALSE
"Vibrio ponticus","Clostridium sp. Y",8,3,0,0.214285714285714,-0.0460124864155343,0,1,1,FALSE
"Vibrio ponticus","Photobacterium sp.",8,8,0,0.571428571428571,-0.0769230769230769,0,1,1,FALSE
"Vibrio ponticus","Clostridium sp. SQHN",8,1,0,0.0714285714285714,-0.0263249063246328,0,1,1,FALSE
"Vibrio ponticus","Glugea plecoglossi",8,2,0,0.142857142857143,-0.0373978796003383,0,1,1,FALSE
"Vibrio ponticus","Lepeophtheirus sp. SQHN",8,1,0,0.0714285714285714,-0.0263249063246328,0,1,1,FALSE
"Vibrio ponticus","Toxoplasma sp. LZY",8,1,0,0.0714285714285714,-0.0263249063246328,0,1,1,FALSE
"Vibrio ponticus","Toxocara sp. LYS",8,1,0,0.0714285714285714,-0.0263249063246328,0,1,1,FALSE
"Vibrio ponticus","Besnoitia sp. HKL",8,1,0,0.0714285714285714,-0.0263249063246328,0,1,1,FALSE
"Vibrio ponticus","Hydatigera sp. SDYY",8,3,0,0.214285714285714,-0.0460124864155343,0,1,1,FALSE
"Vibrio ponticus","Cystoisospora sp. DSLT-2",8,1,0,0.0714285714285714,-0.0263249063246328,0,1,1,FALSE
"Vibrio ponticus","Sarcocystidae sp. DSLT",8,1,0,0.0714285714285714,-0.0263249063246328,0,1,1,FALSE
"Vibrio ponticus","Sarcocystidae sp. SZMB",8,1,0,0.0714285714285714,-0.0263249063246328,0,1,1,FALSE
"Vibrio ponticus","Toxocaridae sp. Z",8,1,0,0.0714285714285714,-0.0263249063246328,0,1,1,FALSE
"Vibrio ponticus","Eimeria sp. SZMB",8,1,0,0.0714285714285714,-0.0263249063246328,0,1,1,FALSE
"Vibrio ponticus","Taeniidae sp. QLXSDD",8,4,0,0.285714285714286,-0.0533760512683624,0,1,1,FALSE
"Vibrio ponticus","Taeniidae sp. LZY",8,1,0,0.0714285714285714,-0.0263249063246328,0,1,1,FALSE
"Vibrio ponticus","Taeniidae sp. HBSZ",8,3,0,0.214285714285714,-0.0460124864155343,0,1,1,FALSE
"Vibrio ponticus","Opisthorchiidae sp. SZMB",8,1,0,0.0714285714285714,-0.0263249063246328,0,1,1,FALSE
"Photobacterium swingsii","Photobacterium sp. QLXSD",1,2,0,0.0178571428571429,-0.0127984438038444,0,1,1,FALSE
"Photobacterium swingsii","Clostridium sp. Y",1,3,0,0.0267857142857143,-0.015746567130481,0,1,1,FALSE
"Photobacterium swingsii","Photobacterium sp.",1,8,0,0.0714285714285714,-0.0263249063246328,0,1,1,FALSE
"Photobacterium swingsii","Vibrio sp. Y",1,3,0,0.0267857142857143,-0.015746567130481,0,1,1,FALSE
"Photobacterium swingsii","Clostridium sp. SQHN",1,1,0,0.00892857142857143,-0.00900900900900901,0,1,1,FALSE
"Photobacterium swingsii","Pseudoloma sp. FJ",1,1,0,0.00892857142857143,-0.00900900900900901,0,1,1,FALSE
"Photobacterium swingsii","Glugea plecoglossi",1,2,0,0.0178571428571429,-0.0127984438038444,0,1,1,FALSE
"Photobacterium swingsii","Lepeophtheirus sp. SQHN",1,1,0,0.00892857142857143,-0.00900900900900901,0,1,1,FALSE
"Photobacterium swingsii","Toxoplasma sp. LZY",1,1,0,0.00892857142857143,-0.00900900900900901,0,1,1,FALSE
"Photobacterium swingsii","Toxocara sp. LYS",1,1,0,0.00892857142857143,-0.00900900900900901,0,1,1,FALSE
"Photobacterium swingsii","Besnoitia sp. HKL",1,1,0,0.00892857142857143,-0.00900900900900901,0,1,1,FALSE
"Photobacterium swingsii","Caligus sp. RWXLT",1,2,0,0.0178571428571429,-0.0127984438038444,0,1,1,FALSE
"Photobacterium swingsii","Hydatigera sp. SDYY",1,3,0,0.0267857142857143,-0.015746567130481,0,1,1,FALSE
"Photobacterium swingsii","Cystoisospora sp. DSLT-2",1,1,0,0.00892857142857143,-0.00900900900900901,0,1,1,FALSE
"Photobacterium swingsii","Sarcocystidae sp. DSLT",1,1,0,0.00892857142857143,-0.00900900900900901,0,1,1,FALSE
"Photobacterium swingsii","Sarcocystidae sp. SZMB",1,1,0,0.00892857142857143,-0.00900900900900901,0,1,1,FALSE
"Photobacterium swingsii","Toxocaridae sp. Z",1,1,0,0.00892857142857143,-0.00900900900900901,0,1,1,FALSE
"Photobacterium swingsii","Eimeria sp. SZMB",1,1,0,0.00892857142857143,-0.00900900900900901,0,1,1,FALSE
"Photobacterium swingsii","Taeniidae sp. QLXSDD",1,4,0,0.0357142857142857,-0.0182665541450397,0,1,1,FALSE
"Photobacterium swingsii","Taeniidae sp. LZY",1,1,0,0.00892857142857143,-0.00900900900900901,0,1,1,FALSE
"Photobacterium swingsii","Taeniidae sp. HBSZ",1,3,0,0.0267857142857143,-0.015746567130481,0,1,1,FALSE
"Photobacterium swingsii","Opisthorchiidae sp. SZMB",1,1,0,0.00892857142857143,-0.00900900900900901,0,1,1,FALSE
"Photobacterium damselae","Photobacterium sp. QLXSD",3,2,0,0.0535714285714286,-0.0223700025520446,0,1,1,FALSE
"Photobacterium damselae","Photobacterium sp.",3,8,0,0.214285714285714,-0.0460124864155343,0,1,1,FALSE
"Photobacterium damselae","Vibrio sp. Y",3,3,0,0.0803571428571429,-0.0275229357798165,0,1,1,FALSE
"Photobacterium damselae","Clostridium sp. SQHN",3,1,0,0.0267857142857143,-0.015746567130481,0,1,1,FALSE
"Photobacterium damselae","Pseudoloma sp. FJ",3,1,0,0.0267857142857143,-0.015746567130481,0,1,1,FALSE
"Photobacterium damselae","Glugea plecoglossi",3,2,0,0.0535714285714286,-0.0223700025520446,0,1,1,FALSE
"Photobacterium damselae","Lepeophtheirus sp. SQHN",3,1,0,0.0267857142857143,-0.015746567130481,0,1,1,FALSE
"Photobacterium damselae","Toxoplasma sp. LZY",3,1,0,0.0267857142857143,-0.015746567130481,0,1,1,FALSE
"Photobacterium damselae","Toxocara sp. LYS",3,1,0,0.0267857142857143,-0.015746567130481,0,1,1,FALSE
"Photobacterium damselae","Besnoitia sp. HKL",3,1,0,0.0267857142857143,-0.015746567130481,0,1,1,FALSE
"Photobacterium damselae","Caligus sp. RWXLT",3,2,0,0.0535714285714286,-0.0223700025520446,0,1,1,FALSE
"Photobacterium damselae","Hydatigera sp. SDYY",3,3,0,0.0803571428571429,-0.0275229357798165,0,1,1,FALSE
"Photobacterium damselae","Cystoisospora sp. DSLT-2",3,1,0,0.0267857142857143,-0.015746567130481,0,1,1,FALSE
"Photobacterium damselae","Sarcocystidae sp. DSLT",3,1,0,0.0267857142857143,-0.015746567130481,0,1,1,FALSE
"Photobacterium damselae","Sarcocystidae sp. SZMB",3,1,0,0.0267857142857143,-0.015746567130481,0,1,1,FALSE
"Photobacterium damselae","Toxocaridae sp. Z",3,1,0,0.0267857142857143,-0.015746567130481,0,1,1,FALSE
"Photobacterium damselae","Eimeria sp. SZMB",3,1,0,0.0267857142857143,-0.015746567130481,0,1,1,FALSE
"Photobacterium damselae","Taeniidae sp. QLXSDD",3,4,0,0.107142857142857,-0.031927542840705,0,1,1,FALSE
"Photobacterium damselae","Taeniidae sp. LZY",3,1,0,0.0267857142857143,-0.015746567130481,0,1,1,FALSE
"Photobacterium damselae","Taeniidae sp. HBSZ",3,3,0,0.0803571428571429,-0.0275229357798165,0,1,1,FALSE
"Photobacterium damselae","Opisthorchiidae sp. SZMB",3,1,0,0.0267857142857143,-0.015746567130481,0,1,1,FALSE
"Photobacterium sp. QLXSD","Clostridium sp. Y",2,3,0,0.0535714285714286,-0.0223700025520446,0,1,1,FALSE
"Photobacterium sp. QLXSD","Vibrio sp. Y",2,3,0,0.0535714285714286,-0.0223700025520446,0,1,1,FALSE
"Photobacterium sp. QLXSD","Clostridium sp. SQHN",2,1,0,0.0178571428571429,-0.0127984438038444,0,1,1,FALSE
"Photobacterium sp. QLXSD","Pseudoloma sp. FJ",2,1,0,0.0178571428571429,-0.0127984438038444,0,1,1,FALSE
"Photobacterium sp. QLXSD","Glugea plecoglossi",2,2,0,0.0357142857142857,-0.0181818181818182,0,1,1,FALSE
"Photobacterium sp. QLXSD","Lepeophtheirus sp. SQHN",2,1,0,0.0178571428571429,-0.0127984438038444,0,1,1,FALSE
"Photobacterium sp. QLXSD","Toxoplasma sp. LZY",2,1,0,0.0178571428571429,-0.0127984438038444,0,1,1,FALSE
"Photobacterium sp. QLXSD","Toxocara sp. LYS",2,1,0,0.0178571428571429,-0.0127984438038444,0,1,1,FALSE
"Photobacterium sp. QLXSD","Caligus sp. RWXLT",2,2,0,0.0357142857142857,-0.0181818181818182,0,1,1,FALSE
"Photobacterium sp. QLXSD","Hydatigera sp. SDYY",2,3,0,0.0535714285714286,-0.0223700025520446,0,1,1,FALSE
"Photobacterium sp. QLXSD","Cystoisospora sp. DSLT-2",2,1,0,0.0178571428571429,-0.0127984438038444,0,1,1,FALSE
"Photobacterium sp. QLXSD","Sarcocystidae sp. DSLT",2,1,0,0.0178571428571429,-0.0127984438038444,0,1,1,FALSE
"Photobacterium sp. QLXSD","Sarcocystidae sp. SZMB",2,1,0,0.0178571428571429,-0.0127984438038444,0,1,1,FALSE
"Photobacterium sp. QLXSD","Toxocaridae sp. Z",2,1,0,0.0178571428571429,-0.0127984438038444,0,1,1,FALSE
"Photobacterium sp. QLXSD","Eimeria sp. SZMB",2,1,0,0.0178571428571429,-0.0127984438038444,0,1,1,FALSE
"Photobacterium sp. QLXSD","Taeniidae sp. QLXSDD",2,4,0,0.0714285714285714,-0.0259499648053841,0,1,1,FALSE
"Photobacterium sp. QLXSD","Taeniidae sp. HBSZ",2,3,0,0.0535714285714286,-0.0223700025520446,0,1,1,FALSE
"Photobacterium sp. QLXSD","Opisthorchiidae sp. SZMB",2,1,0,0.0178571428571429,-0.0127984438038444,0,1,1,FALSE
"Photobacterium sp. QLXSD","Eimeriorina sp. RWXLT",2,1,0,0.0178571428571429,-0.0127984438038444,0,1,1,FALSE
"Clostridium sp. Y","Photobacterium sp.",3,8,0,0.214285714285714,-0.0460124864155343,0,1,1,FALSE
"Clostridium sp. Y","Vibrio sp. Y",3,3,0,0.0803571428571429,-0.0275229357798165,0,1,1,FALSE
"Clostridium sp. Y","Clostridium sp. SQHN",3,1,0,0.0267857142857143,-0.015746567130481,0,1,1,FALSE
"Clostridium sp. Y","Pseudoloma sp. FJ",3,1,0,0.0267857142857143,-0.015746567130481,0,1,1,FALSE
"Clostridium sp. Y","Glugea plecoglossi",3,2,0,0.0535714285714286,-0.0223700025520446,0,1,1,FALSE
"Clostridium sp. Y","Toxocara sp. CTSZ",3,19,0,0.508928571428571,-0.0749864346023407,0,1,1,FALSE
"Clostridium sp. Y","Lepeophtheirus sp. SQHN",3,1,0,0.0267857142857143,-0.015746567130481,0,1,1,FALSE
"Clostridium sp. Y","Toxoplasma sp. LZY",3,1,0,0.0267857142857143,-0.015746567130481,0,1,1,FALSE
"Clostridium sp. Y","Toxocara sp. LYS",3,1,0,0.0267857142857143,-0.015746567130481,0,1,1,FALSE
"Clostridium sp. Y","Besnoitia sp. HKL",3,1,0,0.0267857142857143,-0.015746567130481,0,1,1,FALSE
"Clostridium sp. Y","Caligus sp. RWXLT",3,2,0,0.0535714285714286,-0.0223700025520446,0,1,1,FALSE
"Clostridium sp. Y","Hydatigera sp. SDYY",3,3,0,0.0803571428571429,-0.0275229357798165,0,1,1,FALSE
"Clostridium sp. Y","Cystoisospora sp. DSLT-2",3,1,0,0.0267857142857143,-0.015746567130481,0,1,1,FALSE
"Clostridium sp. Y","Sarcocystidae sp. DSLT",3,1,0,0.0267857142857143,-0.015746567130481,0,1,1,FALSE
"Clostridium sp. Y","Sarcocystidae sp. SZMB",3,1,0,0.0267857142857143,-0.015746567130481,0,1,1,FALSE
"Clostridium sp. Y","Toxocaridae sp. Z",3,1,0,0.0267857142857143,-0.015746567130481,0,1,1,FALSE
"Clostridium sp. Y","Eimeria sp. SZMB",3,1,0,0.0267857142857143,-0.015746567130481,0,1,1,FALSE
"Clostridium sp. Y","Taeniidae sp. QLXSDD",3,4,0,0.107142857142857,-0.031927542840705,0,1,1,FALSE
"Clostridium sp. Y","Taeniidae sp. LZY",3,1,0,0.0267857142857143,-0.015746567130481,0,1,1,FALSE
"Clostridium sp. Y","Taeniidae sp. HBSZ",3,3,0,0.0803571428571429,-0.0275229357798165,0,1,1,FALSE
"Clostridium sp. Y","Opisthorchiidae sp. SZMB",3,1,0,0.0267857142857143,-0.015746567130481,0,1,1,FALSE
"Clostridium sp. Y","Eimeriorina sp. RWXLT",3,1,0,0.0267857142857143,-0.015746567130481,0,1,1,FALSE
"Photobacterium sp.","Vibrio sp. Y",8,3,0,0.214285714285714,-0.0460124864155343,0,1,1,FALSE
"Photobacterium sp.","Clostridium sp. SQHN",8,1,0,0.0714285714285714,-0.0263249063246328,0,1,1,FALSE
"Photobacterium sp.","Pseudoloma sp. FJ",8,1,0,0.0714285714285714,-0.0263249063246328,0,1,1,FALSE
"Photobacterium sp.","Glugea plecoglossi",8,2,0,0.142857142857143,-0.0373978796003383,0,1,1,FALSE
"Photobacterium sp.","Lepeophtheirus sp. SQHN",8,1,0,0.0714285714285714,-0.0263249063246328,0,1,1,FALSE
"Photobacterium sp.","Toxoplasma sp. LZY",8,1,0,0.0714285714285714,-0.0263249063246328,0,1,1,FALSE
"Photobacterium sp.","Toxocara sp. LYS",8,1,0,0.0714285714285714,-0.0263249063246328,0,1,1,FALSE
"Photobacterium sp.","Caligus sp. RWXLT",8,2,0,0.142857142857143,-0.0373978796003383,0,1,1,FALSE
"Photobacterium sp.","Cystoisospora sp. DSLT-2",8,1,0,0.0714285714285714,-0.0263249063246328,0,1,1,FALSE
"Photobacterium sp.","Sarcocystidae sp. DSLT",8,1,0,0.0714285714285714,-0.0263249063246328,0,1,1,FALSE
"Photobacterium sp.","Sarcocystidae sp. SZMB",8,1,0,0.0714285714285714,-0.0263249063246328,0,1,1,FALSE
"Photobacterium sp.","Toxocaridae sp. Z",8,1,0,0.0714285714285714,-0.0263249063246328,0,1,1,FALSE
"Photobacterium sp.","Eimeria sp. SZMB",8,1,0,0.0714285714285714,-0.0263249063246328,0,1,1,FALSE
"Photobacterium sp.","Taeniidae sp. HBSZ",8,3,0,0.214285714285714,-0.0460124864155343,0,1,1,FALSE
"Photobacterium sp.","Opisthorchiidae sp. SZMB",8,1,0,0.0714285714285714,-0.0263249063246328,0,1,1,FALSE
"Photobacterium sp.","Eimeriorina sp. RWXLT",8,1,0,0.0714285714285714,-0.0263249063246328,0,1,1,FALSE
"Vibrio sp. Y","Clostridium sp. SQHN",3,1,0,0.0267857142857143,-0.015746567130481,0,1,1,FALSE
"Vibrio sp. Y","Glugea plecoglossi",3,2,0,0.0535714285714286,-0.0223700025520446,0,1,1,FALSE
"Vibrio sp. Y","Toxocara sp. CTSZ",3,19,0,0.508928571428571,-0.0749864346023407,0,1,1,FALSE
"Vibrio sp. Y","Lepeophtheirus sp. SQHN",3,1,0,0.0267857142857143,-0.015746567130481,0,1,1,FALSE
"Vibrio sp. Y","Toxoplasma sp. LZY",3,1,0,0.0267857142857143,-0.015746567130481,0,1,1,FALSE
"Vibrio sp. Y","Toxocara sp. LYS",3,1,0,0.0267857142857143,-0.015746567130481,0,1,1,FALSE
"Vibrio sp. Y","Besnoitia sp. HKL",3,1,0,0.0267857142857143,-0.015746567130481,0,1,1,FALSE
"Vibrio sp. Y","Hydatigera sp. SDYY",3,3,0,0.0803571428571429,-0.0275229357798165,0,1,1,FALSE
"Vibrio sp. Y","Cystoisospora sp. DSLT-2",3,1,0,0.0267857142857143,-0.015746567130481,0,1,1,FALSE
"Vibrio sp. Y","Sarcocystidae sp. DSLT",3,1,0,0.0267857142857143,-0.015746567130481,0,1,1,FALSE
"Vibrio sp. Y","Sarcocystidae sp. SZMB",3,1,0,0.0267857142857143,-0.015746567130481,0,1,1,FALSE
"Vibrio sp. Y","Toxocaridae sp. Z",3,1,0,0.0267857142857143,-0.015746567130481,0,1,1,FALSE
"Vibrio sp. Y","Eimeria sp. SZMB",3,1,0,0.0267857142857143,-0.015746567130481,0,1,1,FALSE
"Vibrio sp. Y","Taeniidae sp. QLXSDD",3,4,0,0.107142857142857,-0.031927542840705,0,1,1,FALSE
"Vibrio sp. Y","Taeniidae sp. LZY",3,1,0,0.0267857142857143,-0.015746567130481,0,1,1,FALSE
"Vibrio sp. Y","Taeniidae sp. HBSZ",3,3,0,0.0803571428571429,-0.0275229357798165,0,1,1,FALSE
"Vibrio sp. Y","Opisthorchiidae sp. SZMB",3,1,0,0.0267857142857143,-0.015746567130481,0,1,1,FALSE
"Vibrio sp. Y","Eimeriorina sp. RWXLT",3,1,0,0.0267857142857143,-0.015746567130481,0,1,1,FALSE
"Clostridium sp. SQHN","Pseudoloma sp. FJ",1,1,0,0.00892857142857143,-0.00900900900900901,0,1,1,FALSE
"Clostridium sp. SQHN","Glugea plecoglossi",1,2,0,0.0178571428571429,-0.0127984438038444,0,1,1,FALSE
"Clostridium sp. SQHN","Toxocara sp. CTSZ",1,19,0,0.169642857142857,-0.0429016343237295,0,1,1,FALSE
"Clostridium sp. SQHN","Toxoplasma sp. LZY",1,1,0,0.00892857142857143,-0.00900900900900901,0,1,1,FALSE
"Clostridium sp. SQHN","Toxocara sp. LYS",1,1,0,0.00892857142857143,-0.00900900900900901,0,1,1,FALSE
"Clostridium sp. SQHN","Besnoitia sp. HKL",1,1,0,0.00892857142857143,-0.00900900900900901,0,1,1,FALSE
"Clostridium sp. SQHN","Caligus sp. RWXLT",1,2,0,0.0178571428571429,-0.0127984438038444,0,1,1,FALSE
"Clostridium sp. SQHN","Hydatigera sp. SDYY",1,3,0,0.0267857142857143,-0.015746567130481,0,1,1,FALSE
"Clostridium sp. SQHN","Cystoisospora sp. DSLT-2",1,1,0,0.00892857142857143,-0.00900900900900901,0,1,1,FALSE
"Clostridium sp. SQHN","Sarcocystidae sp. DSLT",1,1,0,0.00892857142857143,-0.00900900900900901,0,1,1,FALSE
"Clostridium sp. SQHN","Sarcocystidae sp. SZMB",1,1,0,0.00892857142857143,-0.00900900900900901,0,1,1,FALSE
"Clostridium sp. SQHN","Toxocaridae sp. Z",1,1,0,0.00892857142857143,-0.00900900900900901,0,1,1,FALSE
"Clostridium sp. SQHN","Eimeria sp. SZMB",1,1,0,0.00892857142857143,-0.00900900900900901,0,1,1,FALSE
"Clostridium sp. SQHN","Taeniidae sp. QLXSDD",1,4,0,0.0357142857142857,-0.0182665541450397,0,1,1,FALSE
"Clostridium sp. SQHN","Taeniidae sp. LZY",1,1,0,0.00892857142857143,-0.00900900900900901,0,1,1,FALSE
"Clostridium sp. SQHN","Taeniidae sp. HBSZ",1,3,0,0.0267857142857143,-0.015746567130481,0,1,1,FALSE
"Clostridium sp. SQHN","Opisthorchiidae sp. SZMB",1,1,0,0.00892857142857143,-0.00900900900900901,0,1,1,FALSE
"Clostridium sp. SQHN","Eimeriorina sp. RWXLT",1,1,0,0.00892857142857143,-0.00900900900900901,0,1,1,FALSE
"Pseudoloma sp. FJ","Glugea plecoglossi",1,2,0,0.0178571428571429,-0.0127984438038444,0,1,1,FALSE
"Pseudoloma sp. FJ","Toxocara sp. CTSZ",1,19,0,0.169642857142857,-0.0429016343237295,0,1,1,FALSE
"Pseudoloma sp. FJ","Lepeophtheirus sp. SQHN",1,1,0,0.00892857142857143,-0.00900900900900901,0,1,1,FALSE
"Pseudoloma sp. FJ","Toxoplasma sp. LZY",1,1,0,0.00892857142857143,-0.00900900900900901,0,1,1,FALSE
"Pseudoloma sp. FJ","Toxocara sp. LYS",1,1,0,0.00892857142857143,-0.00900900900900901,0,1,1,FALSE
"Pseudoloma sp. FJ","Besnoitia sp. HKL",1,1,0,0.00892857142857143,-0.00900900900900901,0,1,1,FALSE
"Pseudoloma sp. FJ","Hydatigera sp. SDYY",1,3,0,0.0267857142857143,-0.015746567130481,0,1,1,FALSE
"Pseudoloma sp. FJ","Cystoisospora sp. DSLT-2",1,1,0,0.00892857142857143,-0.00900900900900901,0,1,1,FALSE
"Pseudoloma sp. FJ","Sarcocystidae sp. DSLT",1,1,0,0.00892857142857143,-0.00900900900900901,0,1,1,FALSE
"Pseudoloma sp. FJ","Sarcocystidae sp. SZMB",1,1,0,0.00892857142857143,-0.00900900900900901,0,1,1,FALSE
"Pseudoloma sp. FJ","Toxocaridae sp. Z",1,1,0,0.00892857142857143,-0.00900900900900901,0,1,1,FALSE
"Pseudoloma sp. FJ","Eimeria sp. SZMB",1,1,0,0.00892857142857143,-0.00900900900900901,0,1,1,FALSE
"Pseudoloma sp. FJ","Taeniidae sp. QLXSDD",1,4,0,0.0357142857142857,-0.0182665541450397,0,1,1,FALSE
"Pseudoloma sp. FJ","Taeniidae sp. LZY",1,1,0,0.00892857142857143,-0.00900900900900901,0,1,1,FALSE
"Pseudoloma sp. FJ","Taeniidae sp. HBSZ",1,3,0,0.0267857142857143,-0.015746567130481,0,1,1,FALSE
"Pseudoloma sp. FJ","Opisthorchiidae sp. SZMB",1,1,0,0.00892857142857143,-0.00900900900900901,0,1,1,FALSE
"Pseudoloma sp. FJ","Eimeriorina sp. RWXLT",1,1,0,0.00892857142857143,-0.00900900900900901,0,1,1,FALSE
"Glugea plecoglossi","Toxocara sp. CTSZ",2,19,0,0.339285714285714,-0.0609472313143721,0,1,1,FALSE
"Glugea plecoglossi","Lepeophtheirus sp. SQHN",2,1,0,0.0178571428571429,-0.0127984438038444,0,1,1,FALSE
"Glugea plecoglossi","Toxoplasma sp. LZY",2,1,0,0.0178571428571429,-0.0127984438038444,0,1,1,FALSE
"Glugea plecoglossi","Toxocara sp. LYS",2,1,0,0.0178571428571429,-0.0127984438038444,0,1,1,FALSE
"Glugea plecoglossi","Besnoitia sp. HKL",2,1,0,0.0178571428571429,-0.0127984438038444,0,1,1,FALSE
"Glugea plecoglossi","Caligus sp. RWXLT",2,2,0,0.0357142857142857,-0.0181818181818182,0,1,1,FALSE
"Glugea plecoglossi","Hydatigera sp. SDYY",2,3,0,0.0535714285714286,-0.0223700025520446,0,1,1,FALSE
"Glugea plecoglossi","Cystoisospora sp. DSLT-2",2,1,0,0.0178571428571429,-0.0127984438038444,0,1,1,FALSE
"Glugea plecoglossi","Sarcocystidae sp. DSLT",2,1,0,0.0178571428571429,-0.0127984438038444,0,1,1,FALSE
"Glugea plecoglossi","Sarcocystidae sp. SZMB",2,1,0,0.0178571428571429,-0.0127984438038444,0,1,1,FALSE
"Glugea plecoglossi","Toxocaridae sp. Z",2,1,0,0.0178571428571429,-0.0127984438038444,0,1,1,FALSE
"Glugea plecoglossi","Eimeria sp. SZMB",2,1,0,0.0178571428571429,-0.0127984438038444,0,1,1,FALSE
"Glugea plecoglossi","Taeniidae sp. QLXSDD",2,4,0,0.0714285714285714,-0.0259499648053841,0,1,1,FALSE
"Glugea plecoglossi","Taeniidae sp. LZY",2,1,0,0.0178571428571429,-0.0127984438038444,0,1,1,FALSE
"Glugea plecoglossi","Taeniidae sp. HBSZ",2,3,0,0.0535714285714286,-0.0223700025520446,0,1,1,FALSE
"Glugea plecoglossi","Opisthorchiidae sp. SZMB",2,1,0,0.0178571428571429,-0.0127984438038444,0,1,1,FALSE
"Glugea plecoglossi","Eimeriorina sp. RWXLT",2,1,0,0.0178571428571429,-0.0127984438038444,0,1,1,FALSE
"Toxocara sp. CTSZ","Lepeophtheirus sp. SQHN",19,1,0,0.169642857142857,-0.0429016343237295,0,1,1,FALSE
"Toxocara sp. CTSZ","Toxoplasma sp. LZY",19,1,0,0.169642857142857,-0.0429016343237295,0,1,1,FALSE
"Toxocara sp. CTSZ","Besnoitia sp. HKL",19,1,0,0.169642857142857,-0.0429016343237295,0,1,1,FALSE
"Toxocara sp. CTSZ","Sarcocystidae sp. SZMB",19,1,0,0.169642857142857,-0.0429016343237295,0,1,1,FALSE
"Toxocara sp. CTSZ","Toxocaridae sp. Z",19,1,0,0.169642857142857,-0.0429016343237295,0,1,1,FALSE
"Toxocara sp. CTSZ","Eimeria sp. SZMB",19,1,0,0.169642857142857,-0.0429016343237295,0,1,1,FALSE
"Toxocara sp. CTSZ","Taeniidae sp. HBSZ",19,3,0,0.508928571428571,-0.0749864346023407,0,1,1,FALSE
"Toxocara sp. CTSZ","Opisthorchiidae sp. SZMB",19,1,0,0.169642857142857,-0.0429016343237295,0,1,1,FALSE
"Lepeophtheirus sp. SQHN","Toxoplasma sp. LZY",1,1,0,0.00892857142857143,-0.00900900900900901,0,1,1,FALSE
"Lepeophtheirus sp. SQHN","Toxocara sp. LYS",1,1,0,0.00892857142857143,-0.00900900900900901,0,1,1,FALSE
"Lepeophtheirus sp. SQHN","Besnoitia sp. HKL",1,1,0,0.00892857142857143,-0.00900900900900901,0,1,1,FALSE
"Lepeophtheirus sp. SQHN","Caligus sp. RWXLT",1,2,0,0.0178571428571429,-0.0127984438038444,0,1,1,FALSE
"Lepeophtheirus sp. SQHN","Hydatigera sp. SDYY",1,3,0,0.0267857142857143,-0.015746567130481,0,1,1,FALSE
"Lepeophtheirus sp. SQHN","Cystoisospora sp. DSLT-2",1,1,0,0.00892857142857143,-0.00900900900900901,0,1,1,FALSE
"Lepeophtheirus sp. SQHN","Sarcocystidae sp. DSLT",1,1,0,0.00892857142857143,-0.00900900900900901,0,1,1,FALSE
"Lepeophtheirus sp. SQHN","Sarcocystidae sp. SZMB",1,1,0,0.00892857142857143,-0.00900900900900901,0,1,1,FALSE
"Lepeophtheirus sp. SQHN","Toxocaridae sp. Z",1,1,0,0.00892857142857143,-0.00900900900900901,0,1,1,FALSE
"Lepeophtheirus sp. SQHN","Eimeria sp. SZMB",1,1,0,0.00892857142857143,-0.00900900900900901,0,1,1,FALSE
"Lepeophtheirus sp. SQHN","Taeniidae sp. QLXSDD",1,4,0,0.0357142857142857,-0.0182665541450397,0,1,1,FALSE
"Lepeophtheirus sp. SQHN","Taeniidae sp. LZY",1,1,0,0.00892857142857143,-0.00900900900900901,0,1,1,FALSE
"Lepeophtheirus sp. SQHN","Taeniidae sp. HBSZ",1,3,0,0.0267857142857143,-0.015746567130481,0,1,1,FALSE
"Lepeophtheirus sp. SQHN","Opisthorchiidae sp. SZMB",1,1,0,0.00892857142857143,-0.00900900900900901,0,1,1,FALSE
"Lepeophtheirus sp. SQHN","Eimeriorina sp. RWXLT",1,1,0,0.00892857142857143,-0.00900900900900901,0,1,1,FALSE
"Toxoplasma sp. LZY","Toxocara sp. LYS",1,1,0,0.00892857142857143,-0.00900900900900901,0,1,1,FALSE
"Toxoplasma sp. LZY","Besnoitia sp. HKL",1,1,0,0.00892857142857143,-0.00900900900900901,0,1,1,FALSE
"Toxoplasma sp. LZY","Caligus sp. RWXLT",1,2,0,0.0178571428571429,-0.0127984438038444,0,1,1,FALSE
"Toxoplasma sp. LZY","Hydatigera sp. SDYY",1,3,0,0.0267857142857143,-0.015746567130481,0,1,1,FALSE
"Toxoplasma sp. LZY","Cystoisospora sp. DSLT-2",1,1,0,0.00892857142857143,-0.00900900900900901,0,1,1,FALSE
"Toxoplasma sp. LZY","Sarcocystidae sp. DSLT",1,1,0,0.00892857142857143,-0.00900900900900901,0,1,1,FALSE
"Toxoplasma sp. LZY","Toxocaridae sp. Z",1,1,0,0.00892857142857143,-0.00900900900900901,0,1,1,FALSE
"Toxoplasma sp. LZY","Taeniidae sp. QLXSDD",1,4,0,0.0357142857142857,-0.0182665541450397,0,1,1,FALSE
"Toxoplasma sp. LZY","Taeniidae sp. LZY",1,1,0,0.00892857142857143,-0.00900900900900901,0,1,1,FALSE
"Toxoplasma sp. LZY","Taeniidae sp. HBSZ",1,3,0,0.0267857142857143,-0.015746567130481,0,1,1,FALSE
"Toxoplasma sp. LZY","Eimeriorina sp. RWXLT",1,1,0,0.00892857142857143,-0.00900900900900901,0,1,1,FALSE
"Toxocara sp. LYS","Besnoitia sp. HKL",1,1,0,0.00892857142857143,-0.00900900900900901,0,1,1,FALSE
"Toxocara sp. LYS","Caligus sp. RWXLT",1,2,0,0.0178571428571429,-0.0127984438038444,0,1,1,FALSE
"Toxocara sp. LYS","Hydatigera sp. SDYY",1,3,0,0.0267857142857143,-0.015746567130481,0,1,1,FALSE
"Toxocara sp. LYS","Cystoisospora sp. DSLT-2",1,1,0,0.00892857142857143,-0.00900900900900901,0,1,1,FALSE
"Toxocara sp. LYS","Sarcocystidae sp. DSLT",1,1,0,0.00892857142857143,-0.00900900900900901,0,1,1,FALSE
"Toxocara sp. LYS","Sarcocystidae sp. SZMB",1,1,0,0.00892857142857143,-0.00900900900900901,0,1,1,FALSE
"Toxocara sp. LYS","Toxocaridae sp. Z",1,1,0,0.00892857142857143,-0.00900900900900901,0,1,1,FALSE
"Toxocara sp. LYS","Eimeria sp. SZMB",1,1,0,0.00892857142857143,-0.00900900900900901,0,1,1,FALSE
"Toxocara sp. LYS","Taeniidae sp. QLXSDD",1,4,0,0.0357142857142857,-0.0182665541450397,0,1,1,FALSE
"Toxocara sp. LYS","Taeniidae sp. LZY",1,1,0,0.00892857142857143,-0.00900900900900901,0,1,1,FALSE
"Toxocara sp. LYS","Taeniidae sp. HBSZ",1,3,0,0.0267857142857143,-0.015746567130481,0,1,1,FALSE
"Toxocara sp. LYS","Opisthorchiidae sp. SZMB",1,1,0,0.00892857142857143,-0.00900900900900901,0,1,1,FALSE
"Toxocara sp. LYS","Eimeriorina sp. RWXLT",1,1,0,0.00892857142857143,-0.00900900900900901,0,1,1,FALSE
"Besnoitia sp. HKL","Caligus sp. RWXLT",1,2,0,0.0178571428571429,-0.0127984438038444,0,1,1,FALSE
"Besnoitia sp. HKL","Hydatigera sp. SDYY",1,3,0,0.0267857142857143,-0.015746567130481,0,1,1,FALSE
"Besnoitia sp. HKL","Cystoisospora sp. DSLT-2",1,1,0,0.00892857142857143,-0.00900900900900901,0,1,1,FALSE
"Besnoitia sp. HKL","Sarcocystidae sp. DSLT",1,1,0,0.00892857142857143,-0.00900900900900901,0,1,1,FALSE
"Besnoitia sp. HKL","Sarcocystidae sp. SZMB",1,1,0,0.00892857142857143,-0.00900900900900901,0,1,1,FALSE
"Besnoitia sp. HKL","Toxocaridae sp. Z",1,1,0,0.00892857142857143,-0.00900900900900901,0,1,1,FALSE
"Besnoitia sp. HKL","Eimeria sp. SZMB",1,1,0,0.00892857142857143,-0.00900900900900901,0,1,1,FALSE
"Besnoitia sp. HKL","Taeniidae sp. QLXSDD",1,4,0,0.0357142857142857,-0.0182665541450397,0,1,1,FALSE
"Besnoitia sp. HKL","Taeniidae sp. LZY",1,1,0,0.00892857142857143,-0.00900900900900901,0,1,1,FALSE
"Besnoitia sp. HKL","Taeniidae sp. HBSZ",1,3,0,0.0267857142857143,-0.015746567130481,0,1,1,FALSE
"Besnoitia sp. HKL","Opisthorchiidae sp. SZMB",1,1,0,0.00892857142857143,-0.00900900900900901,0,1,1,FALSE
"Besnoitia sp. HKL","Eimeriorina sp. RWXLT",1,1,0,0.00892857142857143,-0.00900900900900901,0,1,1,FALSE
"Caligus sp. RWXLT","Hydatigera sp. SDYY",2,3,0,0.0535714285714286,-0.0223700025520446,0,1,1,FALSE
"Caligus sp. RWXLT","Cystoisospora sp. DSLT-2",2,1,0,0.0178571428571429,-0.0127984438038444,0,1,1,FALSE
"Caligus sp. RWXLT","Sarcocystidae sp. DSLT",2,1,0,0.0178571428571429,-0.0127984438038444,0,1,1,FALSE
"Caligus sp. RWXLT","Sarcocystidae sp. SZMB",2,1,0,0.0178571428571429,-0.0127984438038444,0,1,1,FALSE
"Caligus sp. RWXLT","Toxocaridae sp. Z",2,1,0,0.0178571428571429,-0.0127984438038444,0,1,1,FALSE
"Caligus sp. RWXLT","Eimeria sp. SZMB",2,1,0,0.0178571428571429,-0.0127984438038444,0,1,1,FALSE
"Caligus sp. RWXLT","Taeniidae sp. QLXSDD",2,4,0,0.0714285714285714,-0.0259499648053841,0,1,1,FALSE
"Caligus sp. RWXLT","Taeniidae sp. LZY",2,1,0,0.0178571428571429,-0.0127984438038444,0,1,1,FALSE
"Caligus sp. RWXLT","Taeniidae sp. HBSZ",2,3,0,0.0535714285714286,-0.0223700025520446,0,1,1,FALSE
"Caligus sp. RWXLT","Opisthorchiidae sp. SZMB",2,1,0,0.0178571428571429,-0.0127984438038444,0,1,1,FALSE
"Caligus sp. RWXLT","Eimeriorina sp. RWXLT",2,1,0,0.0178571428571429,-0.0127984438038444,0,1,1,FALSE
"Hydatigera sp. SDYY","Cystoisospora sp. DSLT-2",3,1,0,0.0267857142857143,-0.015746567130481,0,1,1,FALSE
"Hydatigera sp. SDYY","Sarcocystidae sp. DSLT",3,1,0,0.0267857142857143,-0.015746567130481,0,1,1,FALSE
"Hydatigera sp. SDYY","Sarcocystidae sp. SZMB",3,1,0,0.0267857142857143,-0.015746567130481,0,1,1,FALSE
"Hydatigera sp. SDYY","Toxocaridae sp. Z",3,1,0,0.0267857142857143,-0.015746567130481,0,1,1,FALSE
"Hydatigera sp. SDYY","Eimeria sp. SZMB",3,1,0,0.0267857142857143,-0.015746567130481,0,1,1,FALSE
"Hydatigera sp. SDYY","Taeniidae sp. LZY",3,1,0,0.0267857142857143,-0.015746567130481,0,1,1,FALSE
"Hydatigera sp. SDYY","Opisthorchiidae sp. SZMB",3,1,0,0.0267857142857143,-0.015746567130481,0,1,1,FALSE
"Hydatigera sp. SDYY","Eimeriorina sp. RWXLT",3,1,0,0.0267857142857143,-0.015746567130481,0,1,1,FALSE
"Cystoisospora sp. DSLT-2","Sarcocystidae sp. SZMB",1,1,0,0.00892857142857143,-0.00900900900900901,0,1,1,FALSE
"Cystoisospora sp. DSLT-2","Toxocaridae sp. Z",1,1,0,0.00892857142857143,-0.00900900900900901,0,1,1,FALSE
"Cystoisospora sp. DSLT-2","Eimeria sp. SZMB",1,1,0,0.00892857142857143,-0.00900900900900901,0,1,1,FALSE
"Cystoisospora sp. DSLT-2","Taeniidae sp. QLXSDD",1,4,0,0.0357142857142857,-0.0182665541450397,0,1,1,FALSE
"Cystoisospora sp. DSLT-2","Taeniidae sp. LZY",1,1,0,0.00892857142857143,-0.00900900900900901,0,1,1,FALSE
"Cystoisospora sp. DSLT-2","Taeniidae sp. HBSZ",1,3,0,0.0267857142857143,-0.015746567130481,0,1,1,FALSE
"Cystoisospora sp. DSLT-2","Opisthorchiidae sp. SZMB",1,1,0,0.00892857142857143,-0.00900900900900901,0,1,1,FALSE
"Cystoisospora sp. DSLT-2","Eimeriorina sp. RWXLT",1,1,0,0.00892857142857143,-0.00900900900900901,0,1,1,FALSE
"Sarcocystidae sp. DSLT","Sarcocystidae sp. SZMB",1,1,0,0.00892857142857143,-0.00900900900900901,0,1,1,FALSE
"Sarcocystidae sp. DSLT","Toxocaridae sp. Z",1,1,0,0.00892857142857143,-0.00900900900900901,0,1,1,FALSE
"Sarcocystidae sp. DSLT","Eimeria sp. SZMB",1,1,0,0.00892857142857143,-0.00900900900900901,0,1,1,FALSE
"Sarcocystidae sp. DSLT","Taeniidae sp. QLXSDD",1,4,0,0.0357142857142857,-0.0182665541450397,0,1,1,FALSE
"Sarcocystidae sp. DSLT","Taeniidae sp. LZY",1,1,0,0.00892857142857143,-0.00900900900900901,0,1,1,FALSE
"Sarcocystidae sp. DSLT","Taeniidae sp. HBSZ",1,3,0,0.0267857142857143,-0.015746567130481,0,1,1,FALSE
"Sarcocystidae sp. DSLT","Opisthorchiidae sp. SZMB",1,1,0,0.00892857142857143,-0.00900900900900901,0,1,1,FALSE
"Sarcocystidae sp. DSLT","Eimeriorina sp. RWXLT",1,1,0,0.00892857142857143,-0.00900900900900901,0,1,1,FALSE
"Sarcocystidae sp. SZMB","Toxocaridae sp. Z",1,1,0,0.00892857142857143,-0.00900900900900901,0,1,1,FALSE
"Sarcocystidae sp. SZMB","Taeniidae sp. QLXSDD",1,4,0,0.0357142857142857,-0.0182665541450397,0,1,1,FALSE
"Sarcocystidae sp. SZMB","Taeniidae sp. LZY",1,1,0,0.00892857142857143,-0.00900900900900901,0,1,1,FALSE
"Sarcocystidae sp. SZMB","Taeniidae sp. HBSZ",1,3,0,0.0267857142857143,-0.015746567130481,0,1,1,FALSE
"Sarcocystidae sp. SZMB","Eimeriorina sp. RWXLT",1,1,0,0.00892857142857143,-0.00900900900900901,0,1,1,FALSE
"Toxocaridae sp. Z","Eimeria sp. SZMB",1,1,0,0.00892857142857143,-0.00900900900900901,0,1,1,FALSE
"Toxocaridae sp. Z","Taeniidae sp. QLXSDD",1,4,0,0.0357142857142857,-0.0182665541450397,0,1,1,FALSE
"Toxocaridae sp. Z","Taeniidae sp. LZY",1,1,0,0.00892857142857143,-0.00900900900900901,0,1,1,FALSE
"Toxocaridae sp. Z","Taeniidae sp. HBSZ",1,3,0,0.0267857142857143,-0.015746567130481,0,1,1,FALSE
"Toxocaridae sp. Z","Opisthorchiidae sp. SZMB",1,1,0,0.00892857142857143,-0.00900900900900901,0,1,1,FALSE
"Toxocaridae sp. Z","Eimeriorina sp. RWXLT",1,1,0,0.00892857142857143,-0.00900900900900901,0,1,1,FALSE
"Eimeria sp. SZMB","Taeniidae sp. QLXSDD",1,4,0,0.0357142857142857,-0.0182665541450397,0,1,1,FALSE
"Eimeria sp. SZMB","Taeniidae sp. LZY",1,1,0,0.00892857142857143,-0.00900900900900901,0,1,1,FALSE
"Eimeria sp. SZMB","Taeniidae sp. HBSZ",1,3,0,0.0267857142857143,-0.015746567130481,0,1,1,FALSE
"Eimeria sp. SZMB","Eimeriorina sp. RWXLT",1,1,0,0.00892857142857143,-0.00900900900900901,0,1,1,FALSE
"Taeniidae sp. QLXSDD","Taeniidae sp. LZY",4,1,0,0.0357142857142857,-0.0182665541450397,0,1,1,FALSE
"Taeniidae sp. QLXSDD","Opisthorchiidae sp. SZMB",4,1,0,0.0357142857142857,-0.0182665541450397,0,1,1,FALSE
"Taeniidae sp. QLXSDD","Eimeriorina sp. RWXLT",4,1,0,0.0357142857142857,-0.0182665541450397,0,1,1,FALSE
"Taeniidae sp. LZY","Taeniidae sp. HBSZ",1,3,0,0.0267857142857143,-0.015746567130481,0,1,1,FALSE
"Taeniidae sp. LZY","Opisthorchiidae sp. SZMB",1,1,0,0.00892857142857143,-0.00900900900900901,0,1,1,FALSE
"Taeniidae sp. LZY","Eimeriorina sp. RWXLT",1,1,0,0.00892857142857143,-0.00900900900900901,0,1,1,FALSE
"Taeniidae sp. HBSZ","Opisthorchiidae sp. SZMB",3,1,0,0.0267857142857143,-0.015746567130481,0,1,1,FALSE
"Taeniidae sp. HBSZ","Eimeriorina sp. RWXLT",3,1,0,0.0267857142857143,-0.015746567130481,0,1,1,FALSE
"Opisthorchiidae sp. SZMB","Eimeriorina sp. RWXLT",1,1,0,0.00892857142857143,-0.00900900900900901,0,1,1,FALSE
