host_order	species	species_abbreviation	lib_index	total_reads	qc_filtered_reads	qc_retained_pct	pre_rRNA_reads	qc_filtered_loss_reads	qc_filtered_loss_pct	rRNA_reads	rRNA_reads_pct	rRNA_reads_pct_total	remaining_reads	remaining_reads_pct	remaining_reads_pct_total	remaining_reads_pct_input
Anguilliformes	Gymnothorax reevesii	Gy. reevesii	YS-HM-1-B	95349398	95349398	100	85164026	10185372	10.682156587920986	1254562	1.4731126027320502	1.3157524077918143	83909464	98.52688739726796	88.0020910042872	98.52688739999999
Anguilliformes	Gymnothorax reevesii	Gy. reevesii	YS-HM-1-G	109149578	109149578	100	95108826	14040752	12.863771218611582	1446876	1.521284680771898	1.3255900998536156	93661950	98.4787153192281	85.8106386815348	98.47871529999999
Anguilliformes	Gymnothorax reevesii	Gy. reevesii	YS-HM-1-H	101458250	101458080	99.9998324433942	75256590	26201660	25.825065975413533	938308	1.246811741005007	0.9248217863012619	74318282	98.753188258995	73.25011223828521	98.7531883
Anguilliformes	Gymnothorax reevesii	Gy. reevesii	YS-HM-1-I	148317634	148317620	99.99999056079872	109802954	38514680	25.96770118379855	4244484	3.865546276651173	2.8617527704089456	105558470	96.13445372334883	71.1705460457925	96.1344537
Anguilliformes	Gymnothorax reevesii	Gy. reevesii	YS-HM-1-K	228525772	228525730	99.9999816213289	181968970	46556802	20.372670264953747	3983046	2.188860001790415	1.7429307710641933	177985924	97.81113999820958	77.88439896398206	97.81114
Anguilliformes	Gymnothorax reevesii	Gy. reevesii	YS-HM-1-M	206825148	206823186	99.99905137261162	139874170	66950978	32.370811116257485	5397766	3.859015570923495	2.609820929512885	134476404	96.14098442907651	65.01936795422962	96.1409844
Anguilliformes	Gymnothorax reevesii	Gy. reevesii	YS-HM-1-P	114061570	114061570	100	85512164	28549406	25.029820297932073	2177448	2.5463605388351533	1.9090110718272597	83334716	97.45363946116484	73.06116863024067	97.4536395
Anguilliformes	Gymnothorax reevesii	Gy. reevesii	YS-HM-1-S	247541026	247541026	100	194218548	53322478	21.540864906975056	3227388	1.6617300629803906	1.303779034995193	190991160	98.3382699370196	77.15535605802975	98.3382699
Anguilliformes	Gymnothorax reevesii	Gy. reevesii	YS-HM-2-B	188453904	188451958	99.9989673867409	161480798	26973106	14.312840130921353	3555298	2.2016846857544015	1.886561076495396	157925500	97.7983153142456	83.80059879258326	97.7983153
Anguilliformes	Gymnothorax reevesii	Gy. reevesii	YS-HM-2-G	130778968	130778968	100	86348038	44430930	33.97406378065317	7513008	8.700843903366977	5.744813646182007	78835030	91.29915609663303	60.28112257316482	91.2991561
Anguilliformes	Gymnothorax reevesii	Gy. reevesii	YS-HM-2-H	113301408	113301408	100	66050564	47250844	41.70366885467125	1361580	2.061420701873189	1.2017326386623546	64688984	97.93857929812681	57.094598506666394	97.9385793
Anguilliformes	Gymnothorax reevesii	Gy. reevesii	YS-HM-2-I	184391904	184391764	99.99992407475764	123959608	60432296	32.77383371452144	3528724	2.8466724418812297	1.9137087493819684	120430884	97.15332755811878	65.3124575360966	97.1533276
Anguilliformes	Gymnothorax reevesii	Gy. reevesii	YS-HM-2-K	70771572	70771572	100	59715596	11055976	15.622057964178046	1163662	1.9486735090109457	1.6442506039006735	58551934	98.05132649098906	82.73369143192129	98.0513265
Anguilliformes	Gymnothorax reevesii	Gy. reevesii	YS-HM-2-M	95365600	95365600	100	65854962	29510638	30.944741080641236	3452016	5.241846468607787	3.619770651052371	62402946	94.75815353139221	65.43548826830639	94.75815349999999
Anguilliformes	Gymnothorax reevesii	Gy. reevesii	YS-HM-2-P	237472452	237470386	99.99913000435099	188126630	49345822	20.77959846896262	6938644	3.6882837905510772	2.921873228478729	181187986	96.31171620944892	76.29852830255865	96.31171619999999
Anguilliformes	Gymnothorax reevesii	Gy. reevesii	YS-HM-2-S	171612996	171612726	99.99984266925799	108949556	62663440	36.514390786581224	2838358	2.605203824786583	1.6539295194170494	106111198	97.39479617521341	61.83167969400173	97.3947962
Anguilliformes	Gymnothorax reevesii	Gy. reevesii	YS-HM-3-B	281234560	281234560	100	242166886	39067674	13.891491145327231	4503900	1.8598331400272454	1.6014745840624993	237662986	98.14016685997275	84.50703427061026	98.1401669
Anguilliformes	Gymnothorax reevesii	Gy. reevesii	YS-HM-3-G	132740814	132740808	99.99999547991321	107291168	25449646	19.172434787088168	4814232	4.487072039331327	3.6267910787408613	102476936	95.51292796066868	77.20077413417097	95.512928
Anguilliformes	Gymnothorax reevesii	Gy. reevesii	YS-HM-3-H	81497614	81497614	100	63665006	17832608	21.881141207397803	1969966	3.094268144732445	2.417206962648011	61695040	96.90573185526756	75.70165182995419	96.9057319
Anguilliformes	Gymnothorax reevesii	Gy. reevesii	YS-HM-3-I	88797646	88796824	99.99907429978492	50040034	38757612	43.64711650126401	3598102	7.190446753093733	4.052024081809556	46441932	92.80955324690626	52.300859416926436	92.8095532
Anguilliformes	Gymnothorax reevesii	Gy. reevesii	YS-HM-3-K	91720012	91720012	100	65294416	26425596	28.811156282884046	1363598	2.0883837907364087	1.4866962730009237	63930818	97.91161620926358	69.70214744411503	97.9116162
Anguilliformes	Gymnothorax reevesii	Gy. reevesii	YS-HM-3-M	148402036	148401902	99.99990970474286	83755984	64646052	43.561432000838586	9278138	11.07758222982611	6.25202877944343	74477846	88.9224177701739	50.186539219717986	88.92241779999999
Anguilliformes	Gymnothorax reevesii	Gy. reevesii	YS-HM-3-P	220811896	220811888	99.9999963770068	179590810	41221086	18.66796433829815	11608776	6.464014500519264	5.257314578739907	167982034	93.53598549948073	76.07472108296194	93.5359855
Anguilliformes	Gymnothorax reevesii	Gy. reevesii	YS-HM-3-S	212253514	212251456	99.99903040474514	170567372	41686142	19.63978886116345	3627318	2.126618917479716	1.70895545220514	166940054	97.87338108252028	78.65125568663142	97.8733811
Anguilliformes	Gymnothorax reevesii	Gy. reevesii	YS-HM-4-B	76323544	76323544	100	64390362	11933182	15.634994622367117	690384	1.0721853062419497	0.9045491912692104	63699978	98.92781469375805	83.46045618636367	98.9278147
Anguilliformes	Gymnothorax reevesii	Gy. reevesii	YS-HM-4-G	85378206	85378206	100	66055522	19322684	22.631869308661745	1573914	2.382713741933642	1.8434610818596961	64481608	97.61728625806636	75.52466960947856	97.61728629999999
Anguilliformes	Gymnothorax reevesii	Gy. reevesii	YS-HM-4-H	157325170	157325170	100	114628816	42696354	27.138921254621877	5532652	4.826580429828395	3.516698567686277	109096164	95.1734195701716	69.34438017769185	95.1734196
Anguilliformes	Gymnothorax reevesii	Gy. reevesii	YS-HM-4-I	119581616	119581616	100	83601286	35980330	30.08851293663735	3270216	3.9116814542781078	2.7347146738675954	80331070	96.08831854572189	67.17677238949506	96.0883185
Anguilliformes	Gymnothorax reevesii	Gy. reevesii	YS-HM-4-K	126721634	126721634	100	100506022	26215612	20.68755836907848	3883132	3.863581427986474	3.0643007649348966	96622890	96.13641857201353	76.24814086598663	96.1364186
Anguilliformes	Gymnothorax reevesii	Gy. reevesii	YS-HM-4-M	167025992	167024464	99.99908517232456	99291212	67734780	40.55343673696008	5150682	5.187450023270942	3.0837607598223395	94140530	94.81254997672906	56.36280250321758	94.81255
Anguilliformes	Gymnothorax reevesii	Gy. reevesii	YS-HM-4-P	160911224	160911224	100	129088392	31822832	19.776639073977837	4440594	3.4399638350131436	2.759654603087228	124647798	96.56003616498685	77.46370632293494	96.5600362
Anguilliformes	Gymnothorax reevesii	Gy. reevesii	YS-HM-4-S	135285070	135285070	100	109791308	25493762	18.844475595126646	2754740	2.5090692971797	2.0362483458078557	107036568	97.4909307028203	79.1192760590655	97.4909307
Aulopiformes	Harpadon nehereus	Ha. nehereus	YS-LTY-1-B	102969316	102969304	99.99998834604281	98530390	4438926	4.310921129164343	2851614	2.894146668860237	2.769382288603335	95678776	97.10585333113977	92.91969658223232	97.1058533
Aulopiformes	Harpadon nehereus	Ha. nehereus	YS-LTY-1-G	81685576	81685566	99.99998775793661	70822016	10863560	13.299239023545601	10360308	14.628654456828793	12.683154734686575	60461708	85.3713455431712	74.01760624176782	85.37134549999999
Aulopiformes	Harpadon nehereus	Ha. nehereus	YS-LTY-1-H	86575100	86575076	99.99997227840338	48613204	37961896	43.848515335240734	10209272	21.00102679922105	11.792388342606593	38403932	78.99897320077895	44.35909632215267	78.9989732
Aulopiformes	Harpadon nehereus	Ha. nehereus	YS-LTY-1-I	77294168	77294106	99.99991978696245	68139176	9154992	11.844350274913367	3922432	5.756500489527493	5.074680407970754	64216744	94.2434995104725	83.08096931711587	94.2434995
Aulopiformes	Harpadon nehereus	Ha. nehereus	YS-LTY-1-K	71862448	71862420	99.99996103667384	65897684	5964764	8.300251614027955	2313684	3.5110247577137916	3.2196008685927313	63584000	96.4889752422862	88.48014751737931	96.4889752
Aulopiformes	Harpadon nehereus	Ha. nehereus	YS-LTY-1-M	128598338	128598308	99.9999766715492	103547970	25050368	19.47954257387059	6882320	6.6465040309336825	5.351795448553931	96665650	93.35349596906632	75.16866197757548	93.353496
Aulopiformes	Harpadon nehereus	Ha. nehereus	YS-LTY-1-P	94534092	94534090	99.99999788436112	84154082	10380010	10.980176336807677	4176962	4.963469270569668	4.418471592237856	79977120	95.03653072943034	84.60135207095446	95.0365307
Aulopiformes	Harpadon nehereus	Ha. nehereus	YS-LTY-1-S	127768188	127768148	99.99996869330259	114868072	12900116	10.096500703289303	3761084	3.2742640618186747	2.9436779677896037	111106988	96.72573593818133	86.9598213289211	96.7257359
Aulopiformes	Harpadon nehereus	Ha. nehereus	YS-LTY-2-B	60623758	60623740	99.99997030867007	58772590	1851168	3.0535355462457474	1063146	1.8089146658331716	1.753678813510703	57709444	98.19108533416683	95.19278564024354	98.1910853
Aulopiformes	Harpadon nehereus	Ha. nehereus	YS-LTY-2-G	124189706	124189704	99.99999838956056	113044608	11145098	8.974252664709585	9170818	8.112565616575008	7.384523480553211	103873790	91.88743438342499	83.6412238547372	91.8874344
Aulopiformes	Harpadon nehereus	Ha. nehereus	YS-LTY-2-H	82509966	82509952	99.99998303235272	73387762	9122204	11.055881419221528	4137776	5.638237067373713	5.014880263070282	69249986	94.36176293262629	83.9292383177082	94.3617629
Aulopiformes	Harpadon nehereus	Ha. nehereus	YS-LTY-2-I	58169870	58169632	99.99959085347793	52724864	5445006	9.36052633433769	3166546	6.005792637037433	5.443618835661829	49558318	93.99420736296257	85.19585483000048	93.9942074
Aulopiformes	Harpadon nehereus	Ha. nehereus	YS-LTY-2-K	128268770	128268492	99.99978326758728	97002390	31266380	24.3756761680961	1153906	1.1895645045446819	0.8996001131062534	95848484	98.81043549545532	74.72472371879765	98.81043550000001
Aulopiformes	Harpadon nehereus	Ha. nehereus	YS-LTY-2-M	83255076	83255056	99.9999759774407	74062022	9193054	11.042034241852113	5103542	6.89090287056975	6.130007016028668	68958480	93.10909712943025	82.82795874211922	93.1090971
Aulopiformes	Harpadon nehereus	Ha. nehereus	YS-LTY-2-P	71849844	71849716	99.99982185069184	50695240	21154604	29.442797398418847	937370	1.849029613036648	1.3046235702334998	49757870	98.15097038696335	69.25257903134765	98.1509704
Aulopiformes	Harpadon nehereus	Ha. nehereus	YS-LTY-2-S	100138808	100138784	99.99997603326774	93201334	6937474	6.927857579451116	3852996	4.134056707814933	3.847655146843769	89348338	95.86594329218507	89.22448727370512	95.8659433
Aulopiformes	Harpadon nehereus	Ha. nehereus	YS-LTY-3-B	78630638	78630614	99.9999694775464	75119954	3510684	4.464778729125917	903368	1.2025672965667684	1.1488753277062307	74216586	98.79743270343323	94.38634594316785	98.7974327
Aulopiformes	Harpadon nehereus	Ha. nehereus	YS-LTY-3-G	97506936	97506930	99.9999938465916	88625656	8881280	9.108357173688649	6582108	7.426865195784841	6.750399786944387	82043548	92.57313480421516	84.14124303936697	92.5731348
Aulopiformes	Harpadon nehereus	Ha. nehereus	YS-LTY-3-H	90804362	90803852	99.99943835297252	82286510	8517852	9.380443639921175	4268698	5.187603654596604	4.700983417514679	78017812	94.8123963454034	85.91857294256414	94.8123963
Aulopiformes	Harpadon nehereus	Ha. nehereus	YS-LTY-3-I	77174988	77174988	100	69102776	8072212	10.459621969750096	2998308	4.338911073558029	3.8850773776602336	66104468	95.66108892644198	85.65530065258967	95.6610889
Aulopiformes	Harpadon nehereus	Ha. nehereus	YS-LTY-3-K	70205370	70205348	99.99996866336578	67834772	2370598	3.376661927712937	682154	1.005611104582175	0.9716550172728953	67152618	98.99438889541783	95.65168305501417	98.99438889999999
Aulopiformes	Harpadon nehereus	Ha. nehereus	YS-LTY-3-M	76395188	76395174	99.99998167423844	69613912	6781276	8.876574791595512	2392726	3.4371376801809386	3.1320375833095664	67221186	96.56286231981906	87.99138762509492	96.56286229999999
Aulopiformes	Harpadon nehereus	Ha. nehereus	YS-LTY-3-P	86035936	86035934	99.99999767538996	81407104	4628832	5.3801146534861894	1361838	1.672873659772985	1.5828711388692278	80045266	98.32712634022701	93.03701420764459	98.3271263
Aulopiformes	Harpadon nehereus	Ha. nehereus	YS-LTY-3-S	82354046	82354024	99.99997328607267	75287234	7066812	8.581013736714283	4667638	6.199773523357226	5.667770105672768	70619596	93.80022647664278	85.75121615761294	93.8002265
Aulopiformes	Saurida elongata	Sa. elongata	YS-CTSZ-1-B	108828068	108828066	99.99999816223881	102972646	5855422	5.380433657978749	1700186	1.651104507890377	1.5622679252194387	101272460	98.34889549210962	93.05729841680181	98.3488955
Aulopiformes	Saurida elongata	Sa. elongata	YS-CTSZ-1-G	92459446	92459446	100	84401572	8057874	8.715035995348707	2656096	3.1469745610899285	2.872714595326474	81745476	96.85302543891007	88.41224940932482	96.8530254
Aulopiformes	Saurida elongata	Sa. elongata	YS-CTSZ-1-H	163440334	163440334	100	143052622	20387712	12.474100793259515	52195642	36.487022237173676	31.935594306849616	90856980	63.512977762826324	55.59030489989087	63.5129778
Aulopiformes	Saurida elongata	Sa. elongata	YS-CTSZ-1-I	373724648	373724646	99.99999946484664	348710102	25014546	6.693309133841234	13962406	4.004015346822388	3.7360142218931194	334747696	95.99598465317762	89.57067664426565	95.99598470000001
Aulopiformes	Saurida elongata	Sa. elongata	YS-CTSZ-1-K	95007164	95007156	99.99999157958236	89489006	5518158	5.808149372819927	3147728	3.517446601205963	3.313148048498743	86341278	96.48255339879404	90.87870257868133	96.4825534
Aulopiformes	Saurida elongata	Sa. elongata	YS-CTSZ-1-M	70473520	70473518	99.99999716205463	63319240	7154280	10.151727911419778	2918500	4.609183559373107	4.141271785487655	60400740	95.39081644062689	85.70700030309257	95.3908164
Aulopiformes	Saurida elongata	Sa. elongata	YS-CTSZ-1-P	95732422	95732418	99.99999582168725	88739508	6992914	7.304645441854589	3968018	4.471534820770023	4.144905056303704	84771490	95.52846517922998	88.55044950184171	95.5284652
Aulopiformes	Saurida elongata	Sa. elongata	YS-CTSZ-1-S	74906086	74906070	99.99997863991986	69708164	5197922	6.939251905379224	3154334	4.52505677814151	4.211051689444834	66553830	95.4749432218585	88.84969640517595	95.4749432
Aulopiformes	Saurida elongata	Sa. elongata	YS-CTSZ-2-B	76041620	76041616	99.9999947397228	58848266	17193354	22.61045201298973	3629292	6.167202955478756	4.772770490686548	55218974	93.83279704452124	72.61677749632372	93.832797
Aulopiformes	Saurida elongata	Sa. elongata	YS-CTSZ-2-G	69138506	69138502	99.99999421451196	65297260	3841246	5.555870703946076	2041608	3.126636554121873	2.9529246697925466	63255652	96.87336344587813	91.49120462626138	96.8733634
Aulopiformes	Saurida elongata	Sa. elongata	YS-CTSZ-2-H	275589650	275589638	99.99999564570005	247197374	28392276	10.302373837333876	12533790	5.070357260348566	4.5479901004990575	234663584	94.92964273965143	85.14963606216706	94.9296427
Aulopiformes	Saurida elongata	Sa. elongata	YS-CTSZ-2-I	307283960	307283960	100	280231318	27052642	8.803792427043703	14854118	5.300663075780845	4.834003701332149	265377200	94.69933692421915	86.36220387162415	94.69933689999999
Aulopiformes	Saurida elongata	Sa. elongata	YS-CTSZ-2-K	82209488	82209488	100	77221200	4988288	6.067776507743242	2232400	2.8909159660818533	2.71550164623334	74988800	97.10908403391815	91.21672184602342	97.109084
Aulopiformes	Saurida elongata	Sa. elongata	YS-CTSZ-2-M	121272774	121272772	99.99999835082522	92648472	28624302	23.60323843173572	4750552	5.127501725014958	3.9172452672683153	87897920	94.87249827498505	72.47951630099597	94.87249829999999
Aulopiformes	Saurida elongata	Sa. elongata	YS-CTSZ-2-P	69958972	69958946	99.99996283536014	37047162	32911810	47.04444484976137	5678130	15.326761062021431	8.116371406944058	31369032	84.67323893797857	44.83918374329457	84.6732389
Aulopiformes	Saurida elongata	Sa. elongata	YS-CTSZ-2-S	79476134	79476134	100	72925508	6550626	8.242255467534443	2632654	3.610059185326484	3.3125088847426825	70292854	96.38994081467352	88.44523564772288	96.38994079999999
Aulopiformes	Saurida elongata	Sa. elongata	YS-CTSZ-3-B	162408288	162408230	99.99996428753686	154236908	8171380	5.031381157099569	6013180	3.898664773544345	3.7025080887497563	148223728	96.10133522645566	91.26611075415067	96.10133520000001
Aulopiformes	Saurida elongata	Sa. elongata	YS-CTSZ-3-G	10806790	10806790	100	8408942	2397848	22.188346400735092	222334	2.644018712461092	2.057354681639969	8186608	97.35598128753891	75.75429891762494	97.35598130000001
Aulopiformes	Saurida elongata	Sa. elongata	YS-CTSZ-3-H	71881584	71881584	100	62663050	9218534	12.824611655747598	3489712	5.569010764717007	4.85480676107527	59173338	94.430989235283	82.32058158317713	94.4309892
Aulopiformes	Saurida elongata	Sa. elongata	YS-CTSZ-3-I	67878780	67878762	99.99997348213978	63100930	4777850	7.038797692003303	2054402	3.255739653916353	3.0265747262988523	61046528	96.74426034608365	89.93462758169784	96.7442603
Aulopiformes	Saurida elongata	Sa. elongata	YS-CTSZ-3-K	211551782	211551766	99.99999243683989	200012694	11539088	5.454498133227731	6878352	3.438957729352918	3.251379844202872	193134342	96.56104227064708	91.2941220225694	96.5610423
Aulopiformes	Saurida elongata	Sa. elongata	YS-CTSZ-3-M	125144168	125144164	99.99999680368644	85833208	39310960	31.412538537153406	6004252	6.995255262974675	4.797868007720504	79828956	93.00474473702532	63.78959345512609	93.0047447
Aulopiformes	Saurida elongata	Sa. elongata	YS-CTSZ-3-P	484792450	484792444	99.99999876235697	440805702	43986748	9.073315395072674	20105948	4.561181470379437	4.147331089830297	420699754	95.43881852962056	86.77935351509703	95.4388185
Aulopiformes	Saurida elongata	Sa. elongata	YS-CTSZ-3-S	68668068	68667998	99.99989806033278	61971326	6696742	9.752337869765027	2325166	3.7520029827988512	3.3860949750326457	59646160	96.24799701720114	86.86156715520232	96.247997
Aulopiformes	Saurida undosquamis	Sa. undosquamis	YS-HBSZ-1-B	75063990	75063892	99.99986944472309	71027324	4036666	5.377633136741066	724070	1.01942458088383	0.9646036668181375	70303254	98.98057541911616	93.6577631964408	98.9805754
Aulopiformes	Saurida undosquamis	Sa. undosquamis	YS-HBSZ-1-G	222018570	222018482	99.99996036367588	208571084	13447486	6.056919472997237	5679232	2.722923950474362	2.557998639483175	202891852	97.27707604952563	91.38508188751959	97.277076
Aulopiformes	Saurida undosquamis	Sa. undosquamis	YS-HBSZ-1-H	76822366	76822358	99.99998958636603	73726620	3095746	4.02974571233591	916498	1.2431032373381554	1.1930093379316122	72810122	98.75689676266184	94.77724494973248	98.7568968
Aulopiformes	Saurida undosquamis	Sa. undosquamis	YS-HBSZ-1-I	74187466	74187466	100	72570484	1616982	2.179589204462112	559088	0.7704068778155042	0.7536151726762038	72011396	99.2295931221845	97.06679562286169	99.2295931
Aulopiformes	Saurida undosquamis	Sa. undosquamis	YS-HBSZ-1-K	188559130	188559054	99.99995969434097	175222956	13336174	7.072674762553264	1954138	1.1152294451647078	1.0363528936519806	173268818	98.8847705548353	91.89097234379476	98.88477060000001
Aulopiformes	Saurida undosquamis	Sa. undosquamis	YS-HBSZ-1-M	125268070	125268068	99.99999840342396	105980240	19287830	15.39724368707844	1300630	1.2272382096889005	1.0382773519221618	104679610	98.7727617903111	83.5644789609994	98.7727618
Aulopiformes	Saurida undosquamis	Sa. undosquamis	YS-HBSZ-1-P	72328260	72328028	99.99967924017528	50923006	21405254	29.59459276360305	951198	1.8679140818984645	1.315112516186619	49971808	98.13208591810154	69.09029472021032	98.13208589999999
Aulopiformes	Saurida undosquamis	Sa. undosquamis	YS-HBSZ-1-S	92921640	92921632	99.99999139059534	89821748	3099892	3.3360280769904622	670152	0.7460910246369287	0.721201218575135	89151596	99.25390897536307	95.94277070443441	99.253909
Aulopiformes	Saurida undosquamis	Sa. undosquamis	YS-HBSZ-2-B	75972088	75972066	99.99997104199637	71591436	4380652	5.766133477863607	667364	0.932184123251837	0.8784331424456835	70924072	99.06781587674816	93.35543337969071	99.0678159
Aulopiformes	Saurida undosquamis	Sa. undosquamis	YS-HBSZ-2-G	79909832	79909832	100	72761062	7148770	8.946045587982216	3704306	5.091055432918227	4.635607292979918	69056756	94.90894456708178	86.41834711903786	94.9089446
Aulopiformes	Saurida undosquamis	Sa. undosquamis	YS-HBSZ-2-H	81267118	81267114	99.99999507796007	70432410	10834708	13.332216358404638	5283236	7.501143294684932	6.501074641283576	65149174	92.49885670531506	80.16670900031178	92.4988567
Aulopiformes	Saurida undosquamis	Sa. undosquamis	YS-HBSZ-2-I	112293952	112293952	100	96617994	15675958	13.95975270333348	9292040	9.61729758123523	8.27474662215112	87325954	90.38270241876477	77.7655006745154	90.3827024
Aulopiformes	Saurida undosquamis	Sa. undosquamis	YS-HBSZ-2-K	71534304	71534296	99.99998881655436	66621616	4912688	6.867597397746401	576088	0.8647163407144012	0.805331103801611	66045528	99.1352836592856	92.32707149845199	99.1352837
Aulopiformes	Saurida undosquamis	Sa. undosquamis	YS-HBSZ-2-M	128541054	128541054	100	105130300	23410754	18.21266690406942	2009598	1.9115307385216251	1.5633900123457833	103120702	98.08846926147838	80.2239430835848	98.0884693
Aulopiformes	Saurida undosquamis	Sa. undosquamis	YS-HBSZ-2-P	86454202	86454202	100	75991040	10463162	12.102548815383201	2377372	3.1284898851232987	2.749862869591926	73613668	96.8715101148767	85.14758831502488	96.87151010000001
Aulopiformes	Saurida undosquamis	Sa. undosquamis	YS-HBSZ-2-S	94074498	94074492	99.99999362207599	86876310	7198188	7.651582685033302	971076	1.1177684687574783	1.0322414901432693	85905234	98.88223153124252	91.31617582482343	98.88223149999999
Aulopiformes	Saurida undosquamis	Sa. undosquamis	YS-HBSZ-3-B	564832272	564832272	100	525671452	39160820	6.933176792702808	8333450	1.5852962850263361	1.4753848908973104	517338002	98.41470371497367	91.59143831639989	98.41470369999999
Aulopiformes	Saurida undosquamis	Sa. undosquamis	YS-HBSZ-3-G	149130324	149130324	100	138120730	11009594	7.382532073087965	3374172	2.442914977353508	2.262565995632116	134746558	97.55708502264649	90.35490193127991	97.557085
Aulopiformes	Saurida undosquamis	Sa. undosquamis	YS-HBSZ-3-H	83634564	83634470	99.99988760627723	79461176	4173388	4.990027807163555	540494	0.6801988432690702	0.6462567318459387	78920682	99.31980115673093	94.3637154609905	99.3198012
Aulopiformes	Saurida undosquamis	Sa. undosquamis	YS-HBSZ-3-I	74473792	74473792	100	66806942	7666850	10.294695347324332	2643826	3.9574120904980203	3.5500085721430703	64163116	96.04258790950198	86.1552960805326	96.0425879
Aulopiformes	Saurida undosquamis	Sa. undosquamis	YS-HBSZ-3-K	76276656	76276616	99.99994755931618	73196478	3080178	4.03816601503873	541718	0.7400875216974238	0.710201558914696	72654760	99.25991247830258	95.25163242604657	99.2599125
Aulopiformes	Saurida undosquamis	Sa. undosquamis	YS-HBSZ-3-M	74013700	74013700	100	59589154	14424546	19.48902162707715	3630776	6.093014846292331	4.905545865157396	55958378	93.90698515370767	75.60543250776546	93.90698520000001
Aulopiformes	Saurida undosquamis	Sa. undosquamis	YS-HBSZ-3-P	79160930	79160864	99.99991662553737	77277886	1883044	2.378754266782869	488554	0.6322041469923233	0.6171655638709651	76789332	99.36779585300768	97.00408016934617	99.3677959
Aulopiformes	Saurida undosquamis	Sa. undosquamis	YS-HBSZ-3-S	109806204	109806204	100	100767938	9038266	8.231106868970718	2826474	2.804933847113156	2.5740567445533404	97941464	97.19506615288684	89.19483638647594	97.1950662
Carangaria incertae sedis	Eleutheronema tetradactylum	El. tetradactylum	YS-SZMB-1-B	276102052	276101846	99.9999253899062	202097794	74004258	26.8032263664596	1757696	0.8697254755784222	0.6366109875923703	200340098	99.13027452442158	72.56016264594803	99.1302745
Carangaria incertae sedis	Eleutheronema tetradactylum	El. tetradactylum	YS-SZMB-1-G	196435808	196435748	99.99996945567074	134590940	61844868	31.4835001976829	1532678	1.138767587179345	0.7802436916185872	133058262	98.86123241282066	67.73625611069852	98.8612324
Carangaria incertae sedis	Eleutheronema tetradactylum	El. tetradactylum	YS-SZMB-1-H	205805512	205805476	99.99998250775712	133326868	72478644	35.2170567715407	1174012	0.8805516979518336	0.5704473065813709	132152856	99.11944830204817	64.21249592187793	99.1194483
Carangaria incertae sedis	Eleutheronema tetradactylum	El. tetradactylum	YS-SZMB-1-I	288893266	288893060	99.9999286933881	235101838	53791428	18.61982757327407	3888924	1.6541444478200975	1.3461456038231088	231212914	98.3458555521799	80.03402682290282	98.3458556
Carangaria incertae sedis	Eleutheronema tetradactylum	El. tetradactylum	YS-SZMB-1-K	185893878	185893772	99.999942978219	147212392	38681486	20.808370031421905	1957364	1.32961904457065	1.0529469937681326	145255028	98.67038095542935	78.13868297480997	98.67038099999999
Carangaria incertae sedis	Eleutheronema tetradactylum	El. tetradactylum	YS-SZMB-1-M	201931056	201931034	99.99998910519241	114295568	87635488	43.39871723347002	1372892	1.2011769345247052	0.6798815532366651	112922676	98.79882306547529	55.921401213293315	98.79882309999999
Carangaria incertae sedis	Eleutheronema tetradactylum	El. tetradactylum	YS-SZMB-1-P	146630104	146629682	99.99971220098159	86445160	60184944	41.045421341309286	1994378	2.307101982343488	1.3601422529169045	84450782	97.69289801765652	57.59443640577381	97.692898
Carangaria incertae sedis	Eleutheronema tetradactylum	El. tetradactylum	YS-SZMB-1-S	415106744	415106624	99.99997109177296	331895976	83210768	20.04563144365585	3661208	1.1031191291092965	0.8819919341035808	328234768	98.8968808708907	79.07237662224057	98.8968809
Carangaria incertae sedis	Polydactylus sextarius	Po. sextarius	YS-LZMB-1-B	74253558	74253544	99.99998114568463	73624440	629118	0.8472563698563778	494908	0.6722061315508817	0.6665108222827517	73129532	99.32779386844912	98.48623280786087	99.3277939
Carangaria incertae sedis	Polydactylus sextarius	Po. sextarius	YS-LZMB-1-G	173936944	173936928	99.99999080126416	158378882	15558062	8.944656403759744	2313848	1.4609574021364793	1.3302797823100767	156065034	98.53904259786353	89.72506381393018	98.5390426
Carangaria incertae sedis	Polydactylus sextarius	Po. sextarius	YS-LZMB-1-H	76547118	76547110	99.99998954892071	69897324	6649794	8.687190548441027	1022326	1.4626110722064267	1.335551261381258	68874998	98.53738892779357	89.97725819017772	98.5373889
Carangaria incertae sedis	Polydactylus sextarius	Po. sextarius	YS-LZMB-1-I	71333106	71333062	99.99993831756044	63259014	8074092	11.3188566329917	1283226	2.0285267171568626	1.798920686279944	61975788	97.97147328284314	86.88222268072836	97.9714733
Carangaria incertae sedis	Polydactylus sextarius	Po. sextarius	YS-LZMB-1-K	123949894	123949860	99.99997256956105	122179600	1770294	1.4282335731565854	6744156	5.519870747653455	5.441034100440619	115435444	94.48012925234654	93.13073232640279	94.4801293
Carangaria incertae sedis	Polydactylus sextarius	Po. sextarius	YS-LZMB-1-M	80381506	80381504	99.99999751186547	71494242	8887264	11.056354181769125	750040	1.049091477884331	0.9331002083986831	70744202	98.95090852211567	88.01054560983219	98.9509085
Carangaria incertae sedis	Polydactylus sextarius	Po. sextarius	YS-LZMB-1-P	123361792	123361776	99.9999870300198	116246534	7115258	5.767797212284335	751616	0.646570675388911	0.6092777899983813	115494918	99.35342932461108	93.62292499771728	99.3534293
Carangaria incertae sedis	Polydactylus sextarius	Po. sextarius	YS-LZMB-1-S	137212244	137212224	99.99998542404131	136041818	1170426	0.853004051154502	526404	0.38694278548967936	0.3836421478538023	135515414	99.61305721451032	98.7633538009917	99.6130572
Carangaria incertae sedis	Polydactylus sextarius	Po. sextarius	YS-LZMB-2-B	81898318	81898314	99.9999951158948	77629574	4268744	5.212248681346545	523580	0.6744594527853521	0.6393049488513305	77105994	99.32554054721464	94.14844636980213	99.3255405
Carangaria incertae sedis	Polydactylus sextarius	Po. sextarius	YS-LZMB-2-G	80976678	80976678	100	75032572	5944106	7.340515994000149	1065278	1.4197540769360806	1.3155368018431184	73967294	98.58024592306391	91.34394720415673	98.5802459
Carangaria incertae sedis	Polydactylus sextarius	Po. sextarius	YS-LZMB-2-H	143952586	143952566	99.9999861065365	131707020	12245566	8.506666215777464	999718	0.7590468602205106	0.6944772774002129	130707302	99.24095313977949	90.79885650682232	99.2409531
Carangaria incertae sedis	Polydactylus sextarius	Po. sextarius	YS-LZMB-2-I	81448378	81448120	99.99968323494423	76763912	4684466	5.751454006855729	290274	0.3781386232634939	0.3563901542643366	76473638	99.6218613767365	93.89215583887993	99.6218614
Carangaria incertae sedis	Polydactylus sextarius	Po. sextarius	YS-LZMB-2-K	89135980	89135952	99.99996858732018	82936812	6199168	6.954731411490624	335492	0.4045151868147524	0.37638224205309684	82601320	99.59548481318525	92.66888634645628	99.5954848
Carangaria incertae sedis	Polydactylus sextarius	Po. sextarius	YS-LZMB-2-M	132056168	132056146	99.99998334042223	124420702	7635466	5.781983617758771	950806	0.7641863329142766	0.7200012043360217	123469896	99.23581366708572	93.4980151779052	99.2358137
Carangaria incertae sedis	Polydactylus sextarius	Po. sextarius	YS-LZMB-2-P	145124784	145124772	99.99999173125384	127828372	17296412	11.918303354718516	1250236	0.9780582983564869	0.861490343372363	126578136	99.02194170164351	87.22020630190912	99.0219417
Carangaria incertae sedis	Polydactylus sextarius	Po. sextarius	YS-LZMB-2-S	81193182	81193180	99.99999753673899	76498284	4694898	5.78237960916472	761710	0.9957216818092286	0.9381452743162597	75736574	99.00427831819077	93.27947511651902	99.00427830000001
Carangaria incertae sedis	Polydactylus sextarius	Po. sextarius	YS-LZMB-3-B	90098370	90098346	99.99997336244817	85974880	4123490	4.57665327352759	545874	0.6349226657833079	0.6058644568153675	85429006	99.36507733421669	94.81748226965705	99.36507730000001
Carangaria incertae sedis	Polydactylus sextarius	Po. sextarius	YS-LZMB-3-G	78456800	78456796	99.99999490165288	77744782	712018	0.9075287291859979	1166438	1.5003424924389137	1.4867264532838453	76578344	98.49965750756108	97.60574481753015	98.4996575
Carangaria incertae sedis	Polydactylus sextarius	Po. sextarius	YS-LZMB-3-H	138508774	138508150	99.99954948702383	122435684	16073090	11.604383993753348	2622040	2.141565199243711	1.8930497500468815	119813644	97.85843480075629	86.50256625619977	97.8584348
Carangaria incertae sedis	Polydactylus sextarius	Po. sextarius	YS-LZMB-3-I	78912520	78912178	99.9995666086953	70512852	8399668	10.644277992896438	3873962	5.493980019415468	4.9091855132747	66638890	94.50601998058453	84.44653649382886	94.50602
Carangaria incertae sedis	Polydactylus sextarius	Po. sextarius	YS-LZMB-3-K	84247296	84247278	99.99997863432911	79399508	4847788	5.754235720514995	1706548	2.1493181040869924	2.025641273994123	77692960	97.85068189591301	92.22012300549088	97.8506819
Carangaria incertae sedis	Polydactylus sextarius	Po. sextarius	YS-LZMB-3-M	145613708	145613670	99.99997390355584	130080130	15533578	10.667661866010581	947090	0.7280819906929675	0.6504126658185231	129133040	99.27191800930703	88.68192546817089	99.271918
Carangaria incertae sedis	Polydactylus sextarius	Po. sextarius	YS-LZMB-3-P	72843446	72843268	99.99975564033585	53316332	19527114	26.806960779971888	1200558	2.251764056086979	1.6481345487142385	52115774	97.74823594391302	71.54490467131387	97.7482359
Carangaria incertae sedis	Polydactylus sextarius	Po. sextarius	YS-LZMB-3-S	69760620	69760596	99.999965596636045	52104144	17656476	25.31009042064133	3068180	5.888552741601512	4.398154718235015	49035964	94.11144725839848	70.29175486112365	94.1114473
Carangiformes	Decapterus maruadsi	De. maruadsi	YS-LYS-1-G	68355402	68355332	99.99989759404824	63263126	5092276	7.449705291763188	635726	1.0048918543797536	0.9300303727275279	62627400	98.99510814562025	91.62026433550929	98.9951081
Carangiformes	Decapterus maruadsi	De. maruadsi	YS-LYS-1-H	520838120	520838098	99.99999577603882	304643062	216195058	41.50906965104628	2949658	0.9682340968592287	0.5663291312087525	301693404	99.03176590314077	57.92460121774497	99.0317659
Carangiformes	Decapterus maruadsi	De. maruadsi	YS-LYS-1-I	76706690	76706670	99.9999739266549	72996528	3710162	4.836816710511169	2064840	2.8286824819942122	2.691864295017814	70931688	97.1713175180058	92.47131899447102	97.1713175
Carangiformes	Decapterus maruadsi	De. maruadsi	YS-LYS-1-K	68188234	68188214	99.99997066942663	64376688	3811546	5.589741479446439	1264514	1.9642420871356414	1.854446032434276	63112174	98.03575791286436	92.55581248811929	98.0357579
Carangiformes	Decapterus maruadsi	De. maruadsi	YS-LYS-1-M	75366374	75366368	99.99999203888991	66951232	8415142	11.165645304894197	1162596	1.736481861902108	1.542592456418296	65788636	98.2635181380979	87.29176223868751	98.2635181
Carangiformes	Decapterus maruadsi	De. maruadsi	YS-LYS-1-P	80961052	80961048	99.99999505935274	77540542	3420510	4.22488334267198	474490	0.6119250494792776	0.5860719299941903	77066052	99.38807495052072	95.18904472733384	99.388075
Carangiformes	Decapterus maruadsi	De. maruadsi	YS-LYS-1-S	66363830	66363736	99.99985835657768	62944678	3419152	5.152131816382508	1422106	2.259295059067583	2.1428931995034044	61522572	97.74070494093242	92.70497498411409	97.7407049
Carangiformes	Decapterus maruadsi	De. maruadsi	YS-LYS-2-G	92348212	92348210	99.999997834284	86088054	6260158	6.778862161402757	1684986	1.9572820173168277	1.8246005672529968	84403068	98.04271798268317	91.39653727134424	98.042718
Carangiformes	Decapterus maruadsi	De. maruadsi	YS-LYS-2-H	68054628	68054608	99.99997061184436	57373718	10680910	15.694612275303305	405174	0.7062014004391348	0.5953658287574506	56968544	99.29379859956086	83.71002189593925	99.2937986
Carangiformes	Decapterus maruadsi	De. maruadsi	YS-LYS-2-I	77588622	77588604	99.99997680072215	69976388	7612234	9.811018424840693	2007412	2.8686990817531193	2.587250486289085	67968976	97.13130091824688	87.60173108887022	97.1313009
Carangiformes	Decapterus maruadsi	De. maruadsi	YS-LYS-2-K	72981404	72981266	99.99981091073556	70351610	2629794	3.6033754571232968	460776	0.6549615566722637	0.6313608326855428	69890834	99.34503844332774	95.76526371019116	99.34503839999999
Carangiformes	Decapterus maruadsi	De. maruadsi	YS-LYS-2-M	72019976	72019912	99.999911135766	69296146	2723830	3.782047914039849	1361588	1.964882722337834	1.8905699163243264	67934558	98.03511727766217	94.32738216963583	98.0351173
Carangiformes	Decapterus maruadsi	De. maruadsi	YS-LYS-2-P	71473884	71473804	99.99988807100507	68624624	2849260	3.986435101246212	546536	0.796413835360322	0.7646653146763369	68078088	99.20358616463967	95.24889958407745	99.2035862
Carangiformes	Decapterus maruadsi	De. maruadsi	YS-LYS-2-S	79250488	79250348	99.99982334493637	75374838	3875650	4.8903799810040285	1751026	2.32309089672604	2.209482924572023	73623812	97.67690910327396	92.90013709442395	97.6769091
Carangiformes	Decapterus maruadsi	De. maruadsi	YS-LYS-3-B	88386628	88386522	99.99988007235665	83172794	5213834	5.898894570341568	539228	0.6483225752882608	0.6100787100962829	82633566	99.35167742471174	93.49102671956214	99.3516774
Carangiformes	Decapterus maruadsi	De. maruadsi	YS-LYS-3-G	74693148	74692768	99.99949125186156	72229012	2464136	3.299012112864757	1054918	1.4605183856038346	1.4123357071521474	71174094	98.53948161439617	95.28865217998309	98.5394816
Carangiformes	Decapterus maruadsi	De. maruadsi	YS-LYS-3-H	71474266	71474266	100	61847236	9627030	13.46922541324174	480130	0.7763160183908623	0.6717522639546939	61367106	99.22368398160914	85.85902232280357	99.223684
Carangiformes	Decapterus maruadsi	De. maruadsi	YS-LYS-3-I	77493756	77493576	99.99976772322147	73859192	3634564	4.69013787381786	243668	0.32990883517924213	0.3144356559514292	73615524	99.67009116482076	94.99542647023071	99.6700912
Carangiformes	Decapterus maruadsi	De. maruadsi	YS-LYS-3-K	73100706	73100688	99.9999753764348	69009380	4091326	5.596835138637375	797266	1.1553009170637383	1.090640629380515	68212114	98.84469908293626	93.31252423198211	98.8446991
Carangiformes	Decapterus maruadsi	De. maruadsi	YS-LYS-3-M	79920838	79920750	99.99988989104443	75668798	4252040	5.320314584289019	358010	0.4731276423870246	0.44795576342680493	75310788	99.52687235761297	94.23172965228417	99.5268724
Carangiformes	Decapterus maruadsi	De. maruadsi	YS-LYS-3-P	450089320	450089320	100	299529218	150560102	33.45116076071301	8329224	2.7807717910177296	1.8505713488158306	291199994	97.21922820898227	64.69826789047116	97.2192282
Carangiformes	Decapterus maruadsi	De. maruadsi	YS-LYS-3-S	73122402	73122402	100	68863110	4259292	5.824879768036066	1812840	2.632527052583016	2.4791855169090313	67050270	97.36747294741699	91.6959347150549	97.3674729
Chaetodontiformes	Deveximentum ruconius	De. ruconius	YS-LBYKF-1-B	127486058	127486034	99.99998117441203	124512548	2973510	2.3324197536957336	828264	0.6652052450167513	0.6496898664793604	123684284	99.33479475498325	97.0178903798249	99.3347948
Chaetodontiformes	Deveximentum ruconius	De. ruconius	YS-LBYKF-1-G	153898600	153898574	99.99998310575924	146372970	7525630	4.889992501556219	3974634	2.7154152846662876	2.5826316808599947	142398336	97.28458471533371	92.52737581758379	97.2845847
Chaetodontiformes	Deveximentum ruconius	De. ruconius	YS-LBYKF-1-H	109552912	109552884	99.99997444157395	108218390	1334522	1.218152923219421	792190	0.7320290017251226	0.7231117690417942	107426200	99.26797099827488	98.05873530773879	99.267971
Chaetodontiformes	Deveximentum ruconius	De. ruconius	YS-LBYKF-1-I	114828648	114828608	99.99996516548727	107929198	6899450	6.008474470586817	1131464	1.0483391157970061	0.9853499276591674	106797734	98.951660884203	93.00617560175401	98.95166090000001
Chaetodontiformes	Deveximentum ruconius	De. ruconius	YS-LBYKF-1-K	76637146	76636924	99.99971032324194	52102866	24534280	32.01356167412602	1147208	2.2018136200031684	1.4969346588141474	50955658	97.79818637999684	66.48950366705984	97.79818639999999
Chaetodontiformes	Deveximentum ruconius	De. ruconius	YS-LBYKF-1-M	98984166	98984102	99.99993534319418	77852072	21132094	21.348964035318538	522224	0.6707901107628838	0.5275833712636423	77329848	99.32920988923712	78.12345259341782	99.32920990000001
Chaetodontiformes	Deveximentum ruconius	De. ruconius	YS-LBYKF-1-P	60992766	60992730	99.99994097660696	43817988	17174778	28.158713116896518	756596	1.7266790068042375	1.2404684188285542	43061392	98.27332099319577	70.60081846427492	98.273321
Chaetodontiformes	Deveximentum ruconius	De. ruconius	YS-LBYKF-1-S	71061826	71061806	99.99997185549384	70506118	555708	0.7820063616153067	403506	0.5722992719582151	0.5678238552440237	70102612	99.42770072804178	98.65016978314067	99.4277007
Chaetodontiformes	Deveximentum ruconius	De. ruconius	YS-LBYKF-2-B	79965056	79965028	99.99996498470531	70938714	9026342	11.287858036390295	470878	0.6637814156033334	0.5888547117380872	70467836	99.33621858439666	88.12328725187162	99.33621860000001
Chaetodontiformes	Deveximentum ruconius	De. ruconius	YS-LBYKF-2-G	91119652	91119620	99.99996488134086	85681148	5438504	5.968530257336804	2367790	2.7634900503433966	2.598550310530159	83313358	97.23650994965661	91.43291943213303	97.2365099
Chaetodontiformes	Deveximentum ruconius	De. ruconius	YS-LBYKF-2-H	144423546	144423504	99.99997091886942	136823504	7600042	5.262328900302725	1257538	0.9190950116289961	0.8707292092108028	135565966	99.080904988371	93.86694189048647	99.080905
Chaetodontiformes	Deveximentum ruconius	De. ruconius	YS-LBYKF-2-I	67153822	67153548	99.99959198152564	61548846	5604976	8.346473563336424	1111834	1.8064254202264003	1.655652600085815	60437012	98.1935745797736	89.99787383657777	98.1935746
Chaetodontiformes	Deveximentum ruconius	De. ruconius	YS-LBYKF-2-K	91513430	91513378	99.99994317773906	83567644	7945786	8.682644722200884	2509626	3.003107279176137	2.7423581434987194	81058018	96.99689272082387	88.5749971343004	96.9968927
Chaetodontiformes	Deveximentum ruconius	De. ruconius	YS-LBYKF-2-M	67656770	67656754	99.99997635122102	58950330	8706440	12.868542202059011	421276	0.7146287391436146	0.6226664382588764	58529054	99.28537126085638	86.5087913596821	99.28537130000001
Chaetodontiformes	Deveximentum ruconius	De. ruconius	YS-LBYKF-2-P	30641020	30641020	100	22889656	7751364	25.297343234657333	509060	2.2239740081720756	1.6613676698752196	22380596	97.77602599182792	73.04128909546745	97.776026
Chaetodontiformes	Deveximentum ruconius	De. ruconius	YS-LBYKF-2-S	83222092	83222068	99.99997116150361	78235580	4986512	5.991812847002212	869800	1.1117703735308155	1.0451551734604316	77365780	98.88822962646918	92.96303197953736	98.8882296
Chaetodontiformes	Deveximentum ruconius	De. ruconius	YS-LBYKF-3-B	73642310	73642164	99.9998017444048	66555504	7086806	9.623280421268698	324506	0.4875719970507623	0.4406515765189875	66230998	99.51242800294924	89.93606800221231	99.512428
Chaetodontiformes	Deveximentum ruconius	De. ruconius	YS-LBYKF-3-G	87829600	87829182	99.9995240784428	80678514	7151086	8.141999963565814	3251164	4.029776750722007	3.701672329146438	77427350	95.97022324927799	88.15632770728774	95.9702232
Chaetodontiformes	Deveximentum ruconius	De. ruconius	YS-LBYKF-3-H	83044968	83044942	99.99996869166112	79671410	3373558	4.062326810698512	655486	0.8227367885167339	0.7893145313753387	79015924	99.17726321148326	95.14835865792615	99.1772632
Chaetodontiformes	Deveximentum ruconius	De. ruconius	YS-LBYKF-3-I	80729356	80729034	99.99960113641932	74277534	6451822	7.9919156050247695	748830	1.0081514014722137	0.9275807922956799	73528704	98.99184859852778	91.08050360267956	98.9918486
Chaetodontiformes	Deveximentum ruconius	De. ruconius	YS-LBYKF-3-K	81828296	81828276	99.99997555857695	70948214	10880082	13.296234349056958	384804	0.5423730610047491	0.4702578677674041	70563410	99.45762693899525	86.23350778317564	99.4576269
Chaetodontiformes	Deveximentum ruconius	De. ruconius	YS-LBYKF-3-M	187122512	187122484	99.99998503654119	154299748	32822764	17.540788464832065	1924626	1.2473293216266303	1.0285379238602783	152375122	98.75267067837336	81.43067361130765	98.7526707
Chaetodontiformes	Deveximentum ruconius	De. ruconius	YS-LBYKF-3-P	48434452	48434420	99.99993393132641	39892408	8542044	17.636297402518355	887104	2.22374141967063	1.831555769434534	39005304	97.77625858032937	80.5321468280471	97.7762586
Chaetodontiformes	Deveximentum ruconius	De. ruconius	YS-LBYKF-3-S	81341358	81341358	100	76850142	4491216	5.521442118042829	502472	0.6538335348814319	0.6177324947046003	76347670	99.34616646511857	93.86082538725258	99.3461665
Clupeiformes	Clupanodon thrissa	Cl. thrissa	YS-HUAJI-1-B	114231860	114231822	99.99996673432439	108375056	5856804	5.127119526899063	4113978	3.796056169973282	3.6014278328305256	104261078	96.20394383002672	91.27145264027041	96.2039438
Clupeiformes	Clupanodon thrissa	Cl. thrissa	YS-HUAJI-1-G	107649832	107649804	99.99997398974111	98836770	8813062	8.186786580400794	5546136	5.611409599888787	5.152015471793769	93290634	94.38859040011121	86.66119794780543	94.3885904
Clupeiformes	Clupanodon thrissa	Cl. thrissa	YS-HUAJI-1-H	88880602	88880574	99.99996849706307	80088380	8792222	9.892171972462563	4863328	6.072451459250393	5.4717541179570315	75225052	93.92754854074961	84.6360739095804	93.9275485
Clupeiformes	Clupanodon thrissa	Cl. thrissa	YS-HUAJI-1-I	83785016	83784994	99.99997374232166	65914372	17870644	21.329164632492283	16198250	24.574686079084543	19.33311082735844	49716122	75.42531392091546	59.33772454014928	75.4253139
Clupeiformes	Clupanodon thrissa	Cl. thrissa	YS-HUAJI-1-K	97233892	97233882	99.99998971552019	95153518	2080374	2.1395564419040225	1416648	1.4888025474791169	1.4569487766672962	93736870	98.51119745252089	96.40349478142868	98.51119750000001
Clupeiformes	Clupanodon thrissa	Cl. thrissa	YS-HUAJI-1-M	103005132	103005062	99.99993204222096	99603352	3401780	3.3025344795441844	1591784	1.5981229226100744	1.5453443620653775	98011568	98.40187707738993	95.15212115839044	98.40187710000001
Clupeiformes	Clupanodon thrissa	Cl. thrissa	YS-HUAJI-1-S	82028838	82028810	99.999965865663	58700302	23328536	28.439432483488307	1281686	2.1834402146687424	1.5624822090006931	57418616	97.81655978533126	69.998085307511	97.81655980000001
Clupeiformes	Clupanodon thrissa	Cl. thrissa	YS-HUAJI-2-B	85844484	85844470	99.99998369143904	57822240	28022244	32.64303388439029	2222954	3.844461923301484	2.589512915005698	55599286	96.15553807669852	64.76745320060401	96.1555381
Clupeiformes	Clupanodon thrissa	Cl. thrissa	YS-HUAJI-2-G	71984056	71984026	99.99995832410444	69819502	2164554	3.0069908814251867	2028476	2.9053143346682706	2.8179517975480572	67791026	97.09468566533172	94.17505732102676	97.0946857
Clupeiformes	Clupanodon thrissa	Cl. thrissa	YS-HUAJI-2-H	67154812	67154802	99.99998510903433	62795120	4359692	6.492002389940426	3173728	5.054099745330529	4.725987469073698	59621392	94.94590025466947	88.78201014098588	94.94590029999999
Clupeiformes	Clupanodon thrissa	Cl. thrissa	YS-HUAJI-2-I	70407630	70407608	99.99996875338653	60236480	10171150	14.446090572854107	6150688	10.210902097864949	8.735825932501918	54085792	89.78909790213505	76.81808349464397	89.7890979
Clupeiformes	Clupanodon thrissa	Cl. thrissa	YS-HUAJI-2-K	76460584	76460562	99.99997122700502	69959026	6501558	8.503149805918301	8006614	11.444719084568158	10.471557475940806	61952412	88.55528091543184	81.02529271814089	88.5552809
Clupeiformes	Clupanodon thrissa	Cl. thrissa	YS-HUAJI-2-M	68980060	68980050	99.99998550305698	61323664	7656396	11.099433662423605	268490	0.43782445876032455	0.38922842340235714	61055174	99.56217554123968	88.51133791417404	99.56217550000001
Clupeiformes	Clupanodon thrissa	Cl. thrissa	YS-HUAJI-2-P	73466186	73466166	99.99997277659139	66619696	6846490	9.319239738401555	2739322	4.111880066219456	3.72868410509292	63880374	95.88811993378054	86.95207615650553	95.8881199
Clupeiformes	Coilia mystus	Co. mystus	YS-FJ-1-B	95078268	95078176	99.99990323761472	51265974	43812294	46.080239913499476	1232560	2.404245747871678	1.296363539142299	50033414	97.59575425212832	52.623396547358226	97.59575430000001
Clupeiformes	Coilia mystus	Co. mystus	YS-FJ-1-G	117691992	117691970	99.99998130713941	105788926	11903066	10.113743337779516	1078482	1.0194658749064152	0.9163597129021319	104710444	98.98053412509358	88.96989694931835	98.9805341
Clupeiformes	Coilia mystus	Co. mystus	YS-FJ-1-H	68302920	68302914	99.99999121560249	65912910	2390010	3.499132979966303	2183082	3.3120704274777126	3.196176678830129	63729828	96.6879295725223	93.30469034120357	96.6879296
Clupeiformes	Coilia mystus	Co. mystus	YS-FJ-1-I	75601406	75601390	99.99997883637243	70175362	5426044	7.177173398071459	3020164	4.303738397530461	3.994851630140318	67155198	95.69626160246953	88.82797497178822	95.6962616
Clupeiformes	Coilia mystus	Co. mystus	YS-FJ-1-K	100626892	100626874	99.99998211213757	83963824	16663068	16.55925932801343	7823480	9.317679480629657	7.774740772079098	76140344	90.68232051937034	75.66599989990748	90.6823205
Clupeiformes	Coilia mystus	Co. mystus	YS-FJ-1-S	74330264	74330262	99.99999730930594	67176696	7153568	9.624031471218776	8987994	13.379630936299696	12.091971044257289	58188702	86.62036906370031	78.28399748452394	86.6203691
Clupeiformes	Coilia mystus	Co. mystus	YS-FJ-2-B	134356320	134356282	99.9999717169985	123959332	10396988	7.738369136636074	2164598	1.7462162509878643	1.6110875915624958	121794734	98.25378374901213	90.65054327180142	98.2537837
Clupeiformes	Coilia mystus	Co. mystus	YS-FJ-2-G	72833250	72833228	99.99996979401578	64332980	8500270	11.67086461197324	3444358	5.353953757466233	4.729101063044695	60888622	94.64604624253377	83.60003432498206	94.6460462
Clupeiformes	Coilia mystus	Co. mystus	YS-FJ-2-H	78126738	78126712	99.99996672074035	72225512	5901226	7.553401244014565	2430668	3.3653870117251645	3.111185827315611	69794844	96.63461298827484	89.33541292866983	96.634613
Clupeiformes	Coilia mystus	Co. mystus	YS-FJ-2-I	97361256	97361226	99.99996918692175	81938374	15422882	15.840882332084952	6879606	8.396073370945828	7.066061267738781	75058768	91.60392662905417	77.09305640017627	91.6039266
Clupeiformes	Coilia mystus	Co. mystus	YS-FJ-2-K	153935430	153934292	99.99926072899527	146906116	7029314	4.5664042384524475	4735814	3.22370104727294	3.0764938260152324	142170302	96.77629895272706	92.35710193553233	96.776299
Clupeiformes	Coilia mystus	Co. mystus	YS-FJ-2-M	92732192	92731482	99.99923435434374	87913316	4818876	5.196551376678339	10227120	11.633186490201325	11.02866197749321	77686196	88.36681350979867	83.77478664582846	88.36681349999999
Clupeiformes	Coilia mystus	Co. mystus	YS-FJ-2-S	78511906	78511550	99.99954656558714	73900522	4611384	5.873483698128536	8001694	10.827655588143207	10.191695002284112	65898828	89.1723444118568	83.93482129958736	89.1723444
Clupeiformes	Coilia mystus	Co. mystus	YS-FJ-3-B	79694814	79694612	99.999746533068	75616332	4078482	5.1176253451071485	6703516	8.865169498039128	8.411483336920769	68912816	91.13483050196088	86.47089131797209	91.13483049999999
Clupeiformes	Coilia mystus	Co. mystus	YS-FJ-3-G	73391852	73391610	99.99967026312403	65057310	8334542	11.35622248638718	794376	1.2210403412007045	1.0823762834054114	64262934	98.7789596587993	87.56140123020741	98.7789597
Clupeiformes	Coilia mystus	Co. mystus	YS-FJ-3-H	78137024	78137024	100	69605612	8531412	10.918526920093603	687172	0.9872364889198877	0.8794448071121829	68918440	99.01276351108011	88.20202827279421	99.0127635
Clupeiformes	Coilia mystus	Co. mystus	YS-FJ-3-I	68064658	68064404	99.99962682542238	63336586	4728072	6.946442014003802	3103648	4.900245175829339	4.559852486146335	60232938	95.09975482417066	88.49370549984987	95.0997548
Clupeiformes	Coilia mystus	Co. mystus	YS-FJ-3-M	71754164	71754014	99.99979095289856	66511824	5242340	7.305973211533758	2947636	4.431747353673536	4.107965079211292	63564188	95.56825264632647	88.58606170925495	95.56825260000001
Clupeiformes	Coilia mystus	Co. mystus	YS-FJ-3-P	103970784	103970354	99.99958642227801	101550894	2419890	2.327471148048667	2899452	2.8551713193189614	2.788718030634452	98651442	97.14482868068104	94.88381082131689	97.14482869999999
Clupeiformes	Coilia mystus	Co. mystus	YS-FJ-3-S	114083292	114083124	99.99985273917235	105967024	8116268	7.114335375244957	9362486	8.835282568660228	8.206710935375181	96604538	91.16471743133977	84.67895368937987	91.1647174
Clupeiformes	Encrasicholina heteroloba	En. heteroloba	YS-KSCDXGY-2-B	81847962	81847768	99.99976297516119	74230714	7617248	9.306582367927499	4276956	5.761706670368279	5.225488693292082	69953758	94.23829332963172	85.46792893878042	94.2382933
Clupeiformes	Encrasicholina heteroloba	En. heteroloba	YS-KSCDXGY-2-G	104596634	104596152	99.99953918211173	93333154	11263480	10.76849184267249	9623466	10.310876240183633	9.200550373351403	83709688	89.68912375981637	80.0309577839761	89.6891238
Clupeiformes	Encrasicholina heteroloba	En. heteroloba	YS-KSCDXGY-2-H	69322072	69321916	99.99977496344887	67031240	2290832	3.304621362154322	686420	1.0240299895988796	0.9901896758077283	66344820	98.97597001040113	95.70518896203795	98.97597
Clupeiformes	Encrasicholina heteroloba	En. heteroloba	YS-KSCDXGY-2-I	116713672	116713444	99.99980465013559	105733720	10979952	9.407597080828713	825276	0.7805229968263672	0.7070945381617331	104908444	99.21947700317364	89.88530838100955	99.219477
Clupeiformes	Encrasicholina heteroloba	En. heteroloba	YS-KSCDXGY-2-K	37955376	37955354	99.99994203719652	30102580	7852796	20.68954869528891	963746	3.2015395358138736	2.539155454552736	29138834	96.79846046418612	76.77129585015835	96.7984605
Clupeiformes	Encrasicholina heteroloba	En. heteroloba	YS-KSCDXGY-2-M	75561876	75561796	99.99989412650369	71231544	4330332	5.730842362886809	4303736	6.04189627000083	5.6956447190379444	66927808	93.95810372999917	88.57351291807525	93.9581037
Clupeiformes	Encrasicholina heteroloba	En. heteroloba	YS-KSCDXGY-2-P	115237764	115237412	99.99969454457656	110632960	4604804	3.9959157833017307	2398304	2.167802434283599	2.081178874661261	108234656	97.8321975657164	93.92290534203701	97.8321976
Clupeiformes	Encrasicholina heteroloba	En. heteroloba	YS-KSCDXGY-2-S	219810096	219810036	99.99997270371057	202684178	17125918	7.7912335746398105	15951204	7.869979865917309	7.256811352286567	186732974	92.13002013408268	84.95195507307362	92.1300201
Clupeiformes	Encrasicholina heteroloba	En. heteroloba	YS-KSCDXGY-3-B	153291160	153291052	99.99992954583944	151185892	2105268	1.3733786083946393	18314874	12.114142237557457	11.947769199476342	132871018	87.88585776244254	86.67885219212901	87.8858578
Clupeiformes	Encrasicholina heteroloba	En. heteroloba	YS-KSCDXGY-3-G	147003378	147003318	99.99995918461138	130686282	16317096	11.099810237013736	16283430	12.45993822060069	11.076908722464868	114402852	87.54006177939931	77.8232810405214	87.5400618
Clupeiformes	Encrasicholina heteroloba	En. heteroloba	YS-KSCDXGY-3-H	73959858	73959834	99.99996754996474	63163478	10796380	14.5976213204736	1294804	2.04992511653649	1.7506848106712156	61868674	97.95007488346351	83.65169386885519	97.95007489999999
Clupeiformes	Encrasicholina heteroloba	En. heteroloba	YS-KSCDXGY-3-I	127871466	127871308	99.99987643842294	118023276	9848190	7.701632199946781	1483198	1.2566995683122708	1.1599131897025408	116540078	98.74330043168773	91.13845461035068	98.7433004
Clupeiformes	Encrasicholina heteroloba	En. heteroloba	YS-KSCDXGY-3-K	80596642	80596322	99.99960296112585	75364086	5232556	6.4922754474063575	1049664	1.392790725279943	1.3023669149888404	74314422	98.60720927472006	92.2053576376048	98.6072093
Clupeiformes	Encrasicholina heteroloba	En. heteroloba	YS-KSCDXGY-3-M	90536082	90536068	99.99998453655196	68023712	22512370	24.865633129562642	1363228	2.004048235415321	1.5057289534574734	66660484	97.99595176458467	73.62863791697988	97.9959518
Clupeiformes	Encrasicholina heteroloba	En. heteroloba	YS-KSCDXGY-3-P	72515804	72515778	99.99996414574677	69996734	2519070	3.473822065049434	2274488	3.249420180090117	3.136541104887977	67722246	96.75057981990989	93.38963683006259	96.7505798
Clupeiformes	Encrasicholina heteroloba	En. heteroloba	YS-KSCDXGY-3-S	73678468	73678460	99.99998914201093	71148052	2530416	3.434403657795925	3119006	4.383824872675362	4.233266630896831	68029046	95.61617512732464	92.33232971130724	95.6161751
Clupeiformes	Encrasicholina punctifer	En. punctifer	YS-KSCDXGY-1-B	76478124	76478102	99.999971233604	73428818	3049306	3.9871610867442304	4602006	6.267302300848694	6.017414862320629	68826812	93.7326976991513	89.99542405093514	93.7326977
Clupeiformes	Encrasicholina punctifer	En. punctifer	YS-KSCDXGY-1-G	78770830	78770812	99.99997714890144	74133080	4637750	5.8876490193133675	5873126	7.922409267225913	7.455965615698095	68259954	92.07759073277408	86.65638536498854	92.0775907
Clupeiformes	Encrasicholina punctifer	En. punctifer	YS-KSCDXGY-1-H	69183458	69183446	99.99998265481324	66643294	2540164	3.6716349159650274	4269982	6.407219307016847	6.171969605797964	62373312	93.59278069298315	90.156395478237	93.5927807
Clupeiformes	Encrasicholina punctifer	En. punctifer	YS-KSCDXGY-1-I	78852410	78852394	99.9999797089271	74470540	4381870	5.557052726733399	4366686	5.8636421865612895	5.537796498547096	70103854	94.1363578134387	88.9051507747195	94.1363578
Clupeiformes	Encrasicholina punctifer	En. punctifer	YS-KSCDXGY-1-K	75702612	75702604	99.99998943233292	71816330	3886282	5.133616789867172	4011796	5.586189102116468	5.299415560456487	67804534	94.41381089788354	89.56696764967634	94.4138109
Clupeiformes	Encrasicholina punctifer	En. punctifer	YS-KSCDXGY-1-M	68705568	68705560	99.9999883561111	65286838	3418730	4.975914033634072	4395742	6.732968136701612	6.397941430307366	60891096	93.26703186329839	88.62614453605856	93.26703189999999
Clupeiformes	Encrasicholina punctifer	En. punctifer	YS-KSCDXGY-1-P	72826932	72826918	99.99998077634247	70128610	2698322	3.7051155745514586	1516860	2.162968865346112	2.082828369043474	68611750	97.83703113465388	94.21205605640506	97.8370311
Clupeiformes	Encrasicholina punctifer	En. punctifer	YS-KSCDXGY-1-S	70658230	70658210	99.99997169473393	66702896	3955334	5.597839062767352	5327146	7.986378882260224	7.539314245488459	61375750	92.01362111773977	86.8628466917442	92.0136211
Clupeiformes	Ilisha elongata	Il. elongata	YS-DHY-1-B	73743582	73743570	99.99998372739746	71683260	2060322	2.79390008475585	2914660	4.066026014999876	3.9524253107205993	68768600	95.93397398500012	93.25367460452355	95.933974
Clupeiformes	Ilisha elongata	Il. elongata	YS-DHY-1-G	75412464	75412458	99.99999204375553	73171582	2240882	2.971500838376001	3069142	4.1944453244157005	4.069807346435464	70102440	95.8055546755843	92.95869181518853	95.8055547
Clupeiformes	Ilisha elongata	Il. elongata	YS-DHY-1-H	85720316	85720294	99.99997433513894	71944000	13776316	16.07123800150247	1178426	1.6379767597019905	1.3747336162409853	70765574	98.36202324029802	82.55402838225655	98.36202320000001
Clupeiformes	Ilisha elongata	Il. elongata	YS-DHY-1-I	74075482	74075474	99.99998920020528	69580382	4495100	6.068269660398565	1865950	2.681718533824663	2.518984621659296	67714432	97.31828146617534	91.41274571794214	97.3182815
Clupeiformes	Ilisha elongata	Il. elongata	YS-DHY-1-K	80498184	80498168	99.99998012377522	78061720	2436464	3.0267316340950003	4639922	5.943914635752325	5.764008291168407	73421798	94.05608536424768	91.20926007473659	94.0560854
Clupeiformes	Ilisha elongata	Il. elongata	YS-DHY-1-M	72965022	72965012	99.99998629480301	69205594	3759428	5.152370131540562	1751794	2.5312895948844827	2.400868185854861	67453800	97.46871040511552	92.44676168260457	97.4687104
Clupeiformes	Ilisha elongata	Il. elongata	YS-DHY-1-P	107442996	107442996	100	104183786	3259210	3.0334317929853705	1771414	1.7002780067908072	1.6487012331636768	102412372	98.29972199320919	95.31786697385095	98.299722
Clupeiformes	Ilisha elongata	Il. elongata	YS-DHY-1-S	76548538	76548448	99.99988242753898	71053510	5495028	7.178488503594934	5310424	7.473837675295703	6.937329096997254	65743086	92.5261623247043	85.8841823994078	92.52616230000001
Clupeiformes	Ilisha elongata	Il. elongata	YS-DHY-2-B	69656476	69656458	99.99997415889945	64729774	4926702	7.072855652358871	7620658	11.773033534768715	10.94034386695072	57109116	88.22696646523129	81.9868004806904	88.2269665
Clupeiformes	Ilisha elongata	Il. elongata	YS-DHY-2-G	85618824	85618824	100	78109794	7509030	8.770302661480144	7399380	9.47305020417798	8.64223502999761	70710414	90.52694979582202	82.58746230852225	90.5269498
Clupeiformes	Ilisha elongata	Il. elongata	YS-DHY-2-H	76537830	76537822	99.99998954765245	74063056	2474774	3.2333997449365888	2239734	3.024090715349364	2.9263097738726067	71823322	96.97590928465064	93.8402904811908	96.9759093
Clupeiformes	Ilisha elongata	Il. elongata	YS-DHY-2-I	79323904	79323904	100	70626602	8697302	10.964288898337632	4479792	6.342924440850205	5.647467880552122	66146810	93.65707555914979	83.38824322111024	93.6570756
Clupeiformes	Ilisha elongata	Il. elongata	YS-DHY-2-K	101046074	101046046	99.99997228986848	94094498	6951576	6.879610186537282	5428932	5.769659348201209	5.3727292759538585	88665566	94.23034065179878	87.74766053750886	94.2303407
Clupeiformes	Ilisha elongata	Il. elongata	YS-DHY-2-M	74882934	74882908	99.99996527913824	71923374	2959560	3.9522489863978887	1378062	1.9160141180251082	1.8402884694662205	70545312	98.0839858819749	94.2074625441359	98.0839859
Clupeiformes	Ilisha elongata	Il. elongata	YS-DHY-2-P	84478682	84478646	99.99995738569879	79519294	4959388	5.870579278213644	1659252	2.0866030324665608	1.9641073472240014	77860042	97.91339696753344	92.16531337456236	97.913397
Clupeiformes	Ilisha elongata	Il. elongata	YS-DHY-2-S	196820520	196820500	99.9999898384579	187613470	9207050	4.677891309300473	4550508	2.4254697703741632	2.3120089307761202	183062962	97.57453022962584	93.0100997599234	97.5745302
Clupeiformes	Ilisha melastoma	Il. melastoma	YS-HKL-1-B	76096772	76096746	99.99996583297909	71857246	4239526	5.571229749403825	2972272	4.136356686979069	3.905910752692637	68884974	95.86364331302093	90.52285949790354	95.8636433
Clupeiformes	Ilisha melastoma	Il. melastoma	YS-HKL-1-G	57250176	57250120	99.99990218370682	40636336	16613840	29.01971864680381	2468212	6.073903907084536	4.31127408237138	38168124	93.92609609291546	66.6690072708248	93.9260961
Clupeiformes	Ilisha melastoma	Il. melastoma	YS-HKL-1-H	81395684	81395612	99.99991154322139	80757194	638490	0.7844273413809018	2737202	3.3894218761488912	3.362834324237634	78019992	96.61057812385111	95.85273833438147	96.6105781
Clupeiformes	Ilisha melastoma	Il. melastoma	YS-HKL-1-I	99741466	99741414	99.99994786521385	95793172	3948294	3.958528141144426	3231252	3.373154821514836	3.2396275386608013	92561920	96.62684517848517	92.80184432019477	96.6268452
Clupeiformes	Ilisha melastoma	Il. melastoma	YS-HKL-1-K	78527016	78526986	99.9999617965873	73015316	5511700	7.018858325139974	6125050	8.38871942977005	7.7999270977010005	66890266	91.61128057022995	85.18121457715903	91.6112806
Clupeiformes	Ilisha melastoma	Il. melastoma	YS-HKL-1-M	194542608	194542594	99.99999280363302	181585236	12957372	6.660428855770249	4537334	2.4987350843875875	2.3323086117977816	177047902	97.50126491561241	91.00726253243197	97.5012649
Clupeiformes	Ilisha melastoma	Il. melastoma	YS-HKL-1-P	197348570	197348570	100	176495804	20852766	10.566464200880706	3823510	2.1663461189139657	1.937439931791753	172672294	97.83365388108604	87.49609586732754	97.8336539
Clupeiformes	Ilisha melastoma	Il. melastoma	YS-HKL-1-S	78654174	78654170	99.99999491444663	73587174	5067000	6.442124737080069	2967724	4.032936500591801	3.7731297006564457	70619450	95.9670634994082	89.78474556226348	95.96706350000001
Clupeiformes	Ilisha melastoma	Il. melastoma	YS-HKL-2-B	69721472	69721448	99.99996557731885	49431528	20289944	29.101428036401757	1231976	2.4922879179458097	1.7669965430448744	48199552	97.50771208205418	69.131575420553375	97.50771209999999
Clupeiformes	Ilisha melastoma	Il. melastoma	YS-HKL-2-G	172617650	172617058	99.99965704549912	165096028	7521622	4.357388714305866	9107318	5.51637620258193	5.276006248491971	155988710	94.48362379741808	90.36660503720216	94.4836238
Clupeiformes	Ilisha melastoma	Il. melastoma	YS-HKL-2-H	91919918	91919908	99.99998912096505	88608578	3311340	3.602418357248752	2334098	2.634167089330787	2.5392733705441297	86274480	97.36583291066921	93.85830827220713	97.3658329
Clupeiformes	Ilisha melastoma	Il. melastoma	YS-HKL-2-I	147386024	147386002	99.99998507321156	139421924	7964100	5.403565266134054	2780370	1.9942129044209718	1.886454308584917	136641554	98.00578709557902	92.70998042528103	98.00578709999999
Clupeiformes	Ilisha melastoma	Il. melastoma	YS-HKL-2-K	77451344	77451344	100	71311874	6139470	7.926873418749196	8385302	11.75863363231767	10.826541628509377	62926572	88.24136636768233	81.24658495274143	88.2413664
Clupeiformes	Ilisha melastoma	Il. melastoma	YS-HKL-2-M	38382728	38382718	99.99997394661474	36208232	2174496	5.665298203921306	1808144	4.99373733575282	4.710827224161868	34400088	95.00626266424717	89.62387457191683	95.0062627
Clupeiformes	Ilisha melastoma	Il. melastoma	YS-HKL-2-P	74631156	74631124	99.99995712246505	73471596	1159560	1.553721075953855	1792460	2.4396638940577797	2.4017583219533676	71679136	97.56033610594223	96.04452060209277	97.5603361
Clupeiformes	Ilisha melastoma	Il. melastoma	YS-HKL-2-S	225655010	225655010	100	209150972	16504038	7.313836284866886	38131200	18.231423758336632	16.898007272251565	171019772	81.76857624166337	75.78815644288154	81.7685762
Clupeiformes	Ilisha melastoma	Il. melastoma	YS-HKL-3-B	221926544	221926448	99.99995674244357	187571168	34355376	15.480516832632693	27841302	14.84306052836436	12.545278044793056	159729866	85.15693947163564	71.97420512257425	85.156939499999993
Clupeiformes	Ilisha melastoma	Il. melastoma	YS-HKL-3-G	288142268	288142262	99.9999979176953	264666832	23475436	8.147168467487734	44709862	16.892884409482786	15.516592657624253	219956970	83.10711559051721	76.33623887488801	83.1071156
Clupeiformes	Ilisha melastoma	Il. melastoma	YS-HKL-3-H	71900994	71900972	99.99996940237016	66226860	5674134	7.891593265038868	4117020	6.216541143578301	5.725957001373305	62109840	93.7834588564217	86.38244973358783	93.7834589
Clupeiformes	Ilisha melastoma	Il. melastoma	YS-HKL-3-I	72889168	72889160	99.99998902443227	66250760	6638408	9.107537076016563	7395942	11.163557972768917	10.146832791396385	58854818	88.83644202723109	80.74563013258705	88.836442
Clupeiformes	Ilisha melastoma	Il. melastoma	YS-HKL-3-K	55881490	55881452	99.99993199894992	51027416	4854074	8.686371820078527	1566996	3.070890362153553	2.804141407109939	49460420	96.92910963784645	88.50948677281153	96.92910959999999
Clupeiformes	Ilisha melastoma	Il. melastoma	YS-HKL-3-M	78365788	78365768	99.99997447865898	66232660	12133128	15.482684867534287	1212144	1.8301303314709088	1.5467770195841073	65020516	98.16986966852909	82.97053811288161	98.1698697
Clupeiformes	Ilisha melastoma	Il. melastoma	YS-HKL-3-P	78682120	78682050	99.99991103442561	74782924	3899196	4.955631597115075	1791028	2.394969204467052	2.276283353829307	72991896	97.60503079553295	92.76808504905561	97.60503080000001
Clupeiformes	Ilisha melastoma	Il. melastoma	YS-HKL-3-S	79592210	79592186	99.99996984629526	75462728	4129482	5.188299206668592	8045136	10.661072311088462	10.107943980949894	67417592	89.33892768891154	84.70375681238151	89.3389277
Clupeiformes	Nematalosa japonica	Ne. japonica	YS-BJ-1-B	66965182	66965146	99.99994624071954	62505534	4459648	6.6596518770007975	9053372	14.484112718723434	13.519521234184056	53452162	85.51588728127656	79.82082688881515	85.5158873
Clupeiformes	Nematalosa japonica	Ne. japonica	YS-BJ-1-G	92520628	92520604	99.99997405983885	82821500	9699128	10.483205972186008	11751002	14.188347228678543	12.700953564647227	71070498	85.81165277132146	76.81584046316677	85.8116528
Clupeiformes	Nematalosa japonica	Ne. japonica	YS-BJ-1-H	97374508	97374482	99.9999732989665	89346288	8028220	8.244683505871988	5618512	6.288467182878375	5.770002966279429	83727776	93.71153281712162	85.98531352784859	93.7115328
Clupeiformes	Nematalosa japonica	Ne. japonica	YS-BJ-1-I	76263626	76263596	99.99996066276734	36879800	39383826	51.64169088944184	4853184	13.159463988416423	6.363694272810999	32026616	86.84053601158358	41.99461483774716	86.840536
Clupeiformes	Nematalosa japonica	Ne. japonica	YS-BJ-1-K	111553392	111553374	99.9999838642289	91620092	19933300	17.868842571815296	6899260	7.530291499816438	6.184715566515449	84720832	92.46970850018356	75.94644186166926	92.4697085
Clupeiformes	Nematalosa japonica	Ne. japonica	YS-BJ-1-M	78997120	78997098	99.99997215088348	70678132	8318988	10.530748462728768	1704726	2.411956784596401	2.157959682580833	68973406	97.5880432154036	87.3112918546904	97.5880432
Clupeiformes	Nematalosa japonica	Ne. japonica	YS-BJ-1-P	72094934	72094914	99.99997225879977	69719368	2375566	3.295052603834827	2720930	3.9026888482408504	3.7740931977273187	66998438	96.09731115175914	92.93085419843786	96.09731120000001
Clupeiformes	Nematalosa japonica	Ne. japonica	YS-BJ-1-S	72787332	72787304	99.99996153176764	69078380	3708952	5.095600976279774	9101662	13.175847493817892	12.504458880289773	59976718	86.8241525061821	82.39994014343046	86.8241525
Clupeiformes	Nematalosa japonica	Ne. japonica	YS-BJ-2-B	67261450	67261426	99.99996431834282	62652584	4608866	6.852165690748564	7424210	11.849806545888036	11.037838167330618	55228374	88.15019345411197	82.10999614192082	88.1501935
Clupeiformes	Nematalosa japonica	Ne. japonica	YS-BJ-2-G	74233204	74233190	99.99998114051496	69738142	4495062	6.055325323153235	5977034	8.57068145004494	8.051698805833572	63761108	91.42931854995506	85.89297587101319	91.4293185
Clupeiformes	Nematalosa japonica	Ne. japonica	YS-BJ-2-H	81970030	81969990	99.999951201677	78669212	3300818	4.026859572943916	2706640	3.440532746152332	3.3019873239036266	75962572	96.55946725384767	92.67115310315246	96.5594673
Clupeiformes	Nematalosa japonica	Ne. japonica	YS-BJ-2-I	71655162	71655152	99.99998604427131	67119234	4535928	6.330218051841122	5929394	8.834120484748082	8.274901395101166	61189840	91.16587951525192	85.39488055305772	91.1658795
Clupeiformes	Nematalosa japonica	Ne. japonica	YS-BJ-2-K	74202416	74202402	99.9999811326898	66537154	7665262	10.330205420804628	6523486	9.804275668298047	8.791473851740893	60013668	90.19572433170195	80.87832072745448	90.1957243
Clupeiformes	Nematalosa japonica	Ne. japonica	YS-BJ-2-M	77103292	77103142	99.99980545577742	48318794	28784498	37.33238523719584	1309824	2.7107961345227283	1.69879127858769	47008970	97.28920386547728	60.96882348421647	97.2892039
Clupeiformes	Nematalosa japonica	Ne. japonica	YS-BJ-2-P	75929010	75928996	99.99998156172457	55810858	20118152	26.496001989226517	7477498	13.397926976861742	9.84801197855734	48333360	86.60207302313826	63.65598603221615	86.602073
Clupeiformes	Nematalosa japonica	Ne. japonica	YS-BJ-2-S	66877268	66877128	99.99979066130513	63273096	3604172	5.389233304207343	6960544	11.000795662029878	10.407937118483966	56312552	88.99920433797013	84.20282957730869	88.9992043
Clupeiformes	Nematalosa japonica	Ne. japonica	YS-BJ-3-B	79424808	79424788	99.99997481895078	73031990	6392818	8.048893237488217	6550296	8.969077797277604	8.24716630098747	66481694	91.0309222027224	83.70394046152431	91.03092219999999
Clupeiformes	Nematalosa japonica	Ne. japonica	YS-BJ-3-G	76486780	76486690	99.99988233260702	72917226	3569554	4.666890147552296	2032976	2.7880599846187235	2.6579442878887045	70884250	97.21194001538127	92.675165564559	97.21194
Clupeiformes	Nematalosa japonica	Ne. japonica	YS-BJ-3-H	68536804	68536684	99.99982491159057	66363446	2173358	3.171081627908999	2681426	4.040516521700817	3.912388444608535	63682020	95.95948347829918	92.91652992748247	95.9594835
Clupeiformes	Nematalosa japonica	Ne. japonica	YS-BJ-3-I	65593524	65593506	99.99997255826658	61233644	4359880	6.646814706890882	6112152	9.98168915114704	9.318224768652467	55121492	90.01831084885296	84.03496052445665	90.0183108
Clupeiformes	Nematalosa japonica	Ne. japonica	YS-BJ-3-K	75524144	75524036	99.99985699937228	69676652	5847492	7.7425465424672675	4842320	6.949702462741752	6.411618515000978	64834332	93.05029753725825	85.84583494253175	93.0502975
Clupeiformes	Nematalosa japonica	Ne. japonica	YS-BJ-3-M	70665078	70665036	99.99994056470156	60740424	9924654	14.044637437462391	6364112	10.477556100036443	9.0060213334796	54376312	89.52244389996356	76.949341229058	89.5224439
Clupeiformes	Nematalosa japonica	Ne. japonica	YS-BJ-3-P	86506412	86506342	99.99991908114279	78157306	8349106	9.65143023155324	2194964	2.8083926024778796	2.537342549821625	75962342	97.19160739752212	87.81122721862513	97.1916074
Clupeiformes	Nematalosa japonica	Ne. japonica	YS-BJ-3-S	69765492	69765492	100	66921094	2844398	4.077084413021842	4199080	6.274673274169726	6.018849548140505	62722014	93.72532672583027	89.90406603883766	93.7253267
Clupeiformes	Sardinella fijiensis	Sa. fijiensis	YS-QLXSD-1-B	74700692	74700690	99.99999732264862	67644750	7055942	9.445617987046225	4389602	6.48919834872625	5.876253462283857	63255148	93.51080165127375	84.67812855066992	93.5108017
Clupeiformes	Sardinella fijiensis	Sa. fijiensis	YS-QLXSD-1-G	85278632	85278536	99.99988742783772	76885490	8393142	9.842022325123603	4391572	5.711834573727761	5.149674539807346	72493918	94.28816542627224	85.00830313506906	94.2881654
Clupeiformes	Sardinella fijiensis	Sa. fijiensis	YS-QLXSD-1-H	70313740	70313726	99.99998008924003	65306778	5006962	7.120887041423198	3748420	5.739710509068447	5.330992207212986	61558358	94.26028949093156	87.54812075136381	94.2602895
Clupeiformes	Sardinella fijiensis	Sa. fijiensis	YS-QLXSD-1-I	70264456	70264368	99.99987475886813	67025174	3239282	4.610128910697038	2403228	3.5855602553154133	3.420261305374655	64621946	96.41443974468459	91.9696097839283	96.4144397
Clupeiformes	Sardinella fijiensis	Sa. fijiensis	YS-QLXSD-1-K	67600140	67600118	99.9999674556887	59872358	7727782	11.431606502590084	3533384	5.901528047383736	5.226888583366839	56338974	94.09847195261626	83.34150491404307	94.098472
Clupeiformes	Sardinella fijiensis	Sa. fijiensis	YS-QLXSD-1-M	72835134	72835036	99.99986544955077	69507094	3328040	4.569278337567142	4976228	7.159309523140185	6.832180743979959	64530866	92.84069047685982	88.5985409184529	92.8406905
Clupeiformes	Sardinella fijiensis	Sa. fijiensis	YS-QLXSD-1-P	69315388	69315330	99.99991632449637	59435314	9880074	14.253795996929282	4674800	7.86535762223785	6.744245592335139	54760514	92.13464237776215	79.00195841073558	92.1346424
Clupeiformes	Sardinella fijiensis	Sa. fijiensis	YS-QLXSD-1-S	60441826	60441778	99.99992058479503	58625612	1816214	3.0048959804755073	969652	1.6539733521246653	1.6042731733485351	57655960	98.34602664787533	95.39083084617596	98.3460266
Clupeiformes	Sardinella lemuru	Sa. lemuru	YS-JSXSD-1-B	102053892	102053820	99.99992944904051	89492808	12561084	12.308285116651897	3699598	4.133961245243305	3.6251415085668657	85793210	95.8660387547567	84.06657337478124	95.8660388
Clupeiformes	Sardinella lemuru	Sa. lemuru	YS-JSXSD-1-G	76507100	76507080	99.99997385863534	70187940	6319160	8.259573294504692	2451104	3.492201081838276	3.203760173892358	67736836	96.50779891816173	88.53666653160295	96.5077989
Clupeiformes	Sardinella lemuru	Sa. lemuru	YS-JSXSD-1-H	117187708	117187698	99.9999914666818	107962350	9225358	7.872291520540704	2975248	2.7558199687205773	2.5388737870016196	104987102	97.24418003127943	89.58883469245768	97.24418
Clupeiformes	Sardinella lemuru	Sa. lemuru	YS-JSXSD-1-I	66495116	66495106	99.99998496130152	60714998	5780118	8.692545178806816	2915778	4.802401541708031	4.384950618027345	57799220	95.19759845829196	86.92250420316584	95.1975985
Clupeiformes	Sardinella lemuru	Sa. lemuru	YS-JSXSD-1-K	90365358	90365310	99.99994688229974	73893234	16472124	18.22836135944927	6026180	8.155252752911045	6.668683811333985	67867054	91.84474724708896	75.10295482921674	91.8447472
Clupeiformes	Sardinella lemuru	Sa. lemuru	YS-JSXSD-1-M	67763220	67763212	99.99998819418558	64603844	3159376	4.662375843414761	1345906	2.0833218531083073	1.9861895582884048	63257938	97.9166781468917	93.35143459829683	97.9166781
Clupeiformes	Sardinella lemuru	Sa. lemuru	YS-JSXSD-1-P	73702524	73702452	99.99990230999416	69243550	4458974	6.049961056964617	3239228	4.678021274183661	4.395002808859029	66004322	95.32197872581634	89.55503613417635	95.3219787
Clupeiformes	Sardinella lemuru	Sa. lemuru	YS-JSXSD-1-S	79819538	79819538	100	66148506	13671032	17.127425618524626	2238106	3.3834566120057192	2.8039575974493864	63910400	96.61654338799428	80.06861678402599	96.6165434
Clupeiformes	Sardinella lemuru	Sa. lemuru	YS-JSXSD-2-B	90337428	90337424	99.99999557215642	74063152	16274276	18.014987099256356	2511560	3.391106011799228	2.78019870125149	71551592	96.60889398820078	79.20481419949215	96.608894
Clupeiformes	Sardinella lemuru	Sa. lemuru	YS-JSXSD-2-G	92102518	92102498	99.99997828506709	87246584	4855934	5.272314053346511	5415204	6.206780542834777	5.879539580014523	81831380	93.79321945716522	88.84814636663897	93.7932195
Clupeiformes	Sardinella lemuru	Sa. lemuru	YS-JSXSD-2-H	75645986	75645970	99.99997884884466	71998632	3647354	4.821609437412846	5225612	7.257932345159002	6.907983194243776	66773020	92.742067654841	88.27040736834338	92.74206769999999
Clupeiformes	Sardinella lemuru	Sa. lemuru	YS-JSXSD-2-I	32677678	32677660	99.99994491652681	26490360	6187318	18.93438695368747	3281890	12.388997356019322	10.043216656948514	23208470	87.61100264398068	71.02239638936402	87.61100259999999
Clupeiformes	Sardinella lemuru	Sa. lemuru	YS-JSXSD-2-K	66490758	66490678	99.99987968252671	62381704	4109054	6.179887436386272	2758184	4.421463062310706	4.148221622018506	59623520	95.5785369376893	89.67189094159522	95.5785369
Clupeiformes	Sardinella lemuru	Sa. lemuru	YS-JSXSD-2-M	71518118	71518024	99.99986856477403	66866388	4651730	6.504267911524182	4197826	6.277931447411216	5.8695979667697635	62668562	93.72206855258878	87.62613412170606	93.7220686
Clupeiformes	Sardinella lemuru	Sa. lemuru	YS-JSXSD-2-P	79182408	79182384	99.99996969023725	73125150	6057258	7.6497522025346845	1281706	1.7527567464818876	1.618675198662814	71843444	98.2472432535181	90.7315725988025	98.2472433
Clupeiformes	Sardinella lemuru	Sa. lemuru	YS-JSXSD-2-S	68752478	68752472	99.99999127304183	59569862	9182616	13.3560509629922	3443808	5.781124690199887	5.008994730342665	56126054	94.21887530980011	81.63495430666514	94.21887530000001
Clupeiformes	Sardinella lemuru	Sa. lemuru	YS-JSXSD-3-B	74215690	74215690	100	69357376	4858314	6.5462087598996925	3772986	5.43992033377964	5.083811792358193	65584390	94.56007966622036	88.36997944774211	94.5600797
Clupeiformes	Sardinella lemuru	Sa. lemuru	YS-JSXSD-3-G	67999706	67999690	99.9999764704865	64877690	3122016	4.591219850274059	5072750	7.818943615285932	7.459958723939189	59804940	92.18105638471407	87.94882142578675	92.1810564
Clupeiformes	Sardinella lemuru	Sa. lemuru	YS-JSXSD-3-H	75783654	75783632	99.99997096999309	67894186	7889468	10.41051411957518	7545962	11.114297769178645	9.957242230626672	60348224	88.88570223082135	79.63224364979814	88.88570220000001
Clupeiformes	Sardinella lemuru	Sa. lemuru	YS-JSXSD-3-I	73844544	73844510	99.99995395732961	70506440	3338104	4.520447712426797	750030	1.0637751672045845	1.0156877669933204	69756410	98.93622483279542	94.46386452057988	98.9362248
Clupeiformes	Sardinella lemuru	Sa. lemuru	YS-JSXSD-3-K	74029268	74029246	99.99997028202414	67413268	6616000	8.937005833962859	1595280	2.3664184326444464	2.1549314792630394	65817988	97.63358156735555	88.9080626867741	97.6335816
Clupeiformes	Sardinella lemuru	Sa. lemuru	YS-JSXSD-3-M	85701448	85701432	99.99998133053714	75648366	10053082	11.730352560670854	4724226	6.244980889607054	5.512422613909627	70924140	93.75501911039295	82.75722482541951	93.7550191
Clupeiformes	Sardinella lemuru	Sa. lemuru	YS-JSXSD-3-P	82293308	82293270	99.99995382370581	67954864	14338444	17.42358443046183	1727920	2.5427466089844577	2.0997090067153454	66226944	97.45725339101554	80.47670656282283	97.4572534
Clupeiformes	Sardinella lemuru	Sa. lemuru	YS-JSXSD-3-S	72111384	72111294	99.9998751930763	68687876	3423508	4.7475277967206955	2571024	3.7430535776066214	3.565351068563599	66116852	96.25694642239338	91.68712113471571	96.2569464
Clupeiformes	Sardinella melanura	Sa. melanura	YS-QLXSD-2-B	76511574	76511550	99.99996863219674	69069086	7442488	9.727270804806604	1169880	1.6937823674110875	1.5290235696889467	67899206	98.30621763258891	88.74370562550445	98.3062176
Clupeiformes	Sardinella melanura	Sa. melanura	YS-QLXSD-2-G	72338418	72338398	99.99997235217391	69520922	2817496	3.8948819699098203	6524652	9.38516321748437	9.019622187479964	62996270	90.61483678251562	87.08549584261021	90.61483679999999
Clupeiformes	Sardinella melanura	Sa. melanura	YS-QLXSD-2-H	79472906	79472842	99.99991946941012	71309286	8163620	10.272205221739343	6709882	9.409548708705342	8.442980554907606	64599404	90.59045129129466	81.28481422335305	90.5904513
Clupeiformes	Sardinella melanura	Sa. melanura	YS-QLXSD-2-I	70475400	70475376	99.99996594556399	68313088	2162312	3.068179818773643	658432	0.9638445856817364	0.9342721006195069	67654656	99.03615541431826	95.99754808060685	99.0361554
Clupeiformes	Sardinella melanura	Sa. melanura	YS-QLXSD-2-K	86432278	86432262	99.9999814883972	74132190	12300088	14.230896471339099	1799480	2.4273935519778926	2.081953688643958	72332710	97.57260644802211	83.68714984001694	97.5726064
Clupeiformes	Sardinella melanura	Sa. melanura	YS-QLXSD-2-M	78995158	78995106	99.99993417318059	71678286	7316872	9.262430996087128	2716706	3.790138062174087	3.4390791395087783	68961580	96.2098619378259	87.29848986440409	96.2098619
Clupeiformes	Sardinella melanura	Sa. melanura	YS-QLXSD-2-P	70351290	70351278	99.99998294274349	61409336	8941954	12.710433596882162	5631670	9.170706551850683	8.00506998521278	55777666	90.82929344814931	79.28449641790506	90.8292934
Clupeiformes	Sardinella melanura	Sa. melanura	YS-QLXSD-2-S	76428754	76428742	99.99998429910292	71217466	5211288	6.8184913756411625	2831008	3.975159689057176	3.7041137684908483	68386458	96.02484031094282	89.47739485586798	96.02484030000001
Clupeiformes	Sardinella melanura	Sa. melanura	YS-QLXSD-3-B	74091592	74091462	99.99982454149453	71971834	2119758	2.860996697169093	1507858	2.095066800715402	2.0351270087434483	70463976	97.9049331992846	95.10387629408746	97.9049332
Clupeiformes	Sardinella melanura	Sa. melanura	YS-QLXSD-3-G	99960824	99960710	99.99988595532186	93101900	6858924	6.861612105158317	8822674	9.476362995814263	8.826131725364728	84279226	90.52363700418573	84.31225616947695	90.52363700000001
Clupeiformes	Sardinella melanura	Sa. melanura	YS-QLXSD-3-H	69815494	69815474	99.99997135306383	64074406	5741088	8.223229072904648	4714246	7.357455643053484	6.752435211587846	59360160	92.64254435694652	85.0243357155075	92.6425444
Clupeiformes	Sardinella melanura	Sa. melanura	YS-QLXSD-3-I	72714888	72714870	99.99997524578461	69659676	3055212	4.201631995912584	768242	1.1028503778857657	1.0565126635414746	68891434	98.89714962211423	94.74185534054594	98.8971496
Clupeiformes	Sardinella melanura	Sa. melanura	YS-QLXSD-3-K	78466482	78466392	99.99988530134434	73456368	5010114	6.385037116867301	356254	0.4849872239803634	0.45402060971715286	73100114	99.51501277601963	93.16094227341554	99.51501280000001
Clupeiformes	Sardinella melanura	Sa. melanura	YS-QLXSD-3-M	94928172	94928048	99.99986937492065	70657300	24270872	25.567617587748344	1556886	2.2034326247960223	1.6400673974844897	69100414	97.79656737520398	72.79231501476717	97.7965674
Clupeiformes	Sardinella melanura	Sa. melanura	YS-QLXSD-3-P	70464632	70464408	99.99968211002648	64416516	6048116	8.583193906412511	1475572	2.290673404317613	2.094060464262412	62940944	97.70932659568238	89.32274562932508	97.7093266
Clupeiformes	Sardinella melanura	Sa. melanura	YS-QLXSD-3-S	75676790	75676780	99.99998678590886	71900342	3776448	4.990232804536239	1537144	2.137881346934344	2.0311960906375655	70363198	97.86211865306565	92.9785711048262	97.8621187
Clupeiformes	Sardinella zunasi	Sa. zunasi	YS-QLXSDD-1-B	66124272	66124246	99.99996068009641	52391702	13732570	20.76782032473643	619548	1.18253077557969	0.9369449088225879	51772154	98.81746922442031	78.29523476644098	98.81746919999999
Clupeiformes	Sardinella zunasi	Sa. zunasi	YS-QLXSDD-1-G	72067844	72067840	99.99999444967439	70465218	1602626	2.2237740315916765	523706	0.7432120624390888	0.7266847055949114	69941512	99.25678793756092	97.0495412628134	99.25678789999999
Clupeiformes	Sardinella zunasi	Sa. zunasi	YS-QLXSDD-1-H	80950226	80950222	99.999995058692	69811932	11138294	13.759435334992148	4637994	6.643554858215355	5.7294392235544835	65173938	93.35644514178465	80.51112544145337	93.3564451
Clupeiformes	Sardinella zunasi	Sa. zunasi	YS-QLXSDD-1-I	136655940	136655940	100	129123726	7532214	5.511808707327321	5943538	4.602979006352403	4.349271608683823	123180188	95.3970209936476	90.13891968398886	95.39702100000001
Clupeiformes	Sardinella zunasi	Sa. zunasi	YS-QLXSDD-1-P	76920004	76919878	99.99983619345626	61023230	15896774	20.666631790606772	462466	0.7578523785122485	0.6012298179287666	60560764	99.24214762148775	78.73213839146446	99.2421476
Clupeiformes	Sardinella zunasi	Sa. zunasi	YS-QLXSDD-1-S	80308776	80308774	99.99999750961214	65652964	14655812	18.249328068454187	12670770	19.299616084355307	15.777565829169156	52982194	80.7003839156447	65.97310610237666	80.70038389999999
Clupeiformes	Sardinella zunasi	Sa. zunasi	YS-QLXSDD-2-B	79694720	79694716	99.9999949808469	66826570	12868150	16.14680370293038	7440576	11.134158164933499	9.336347502067891	59385994	88.8658418350665	74.51684879500172	88.8658418
Clupeiformes	Sardinella zunasi	Sa. zunasi	YS-QLXSDD-2-G	72204024	72204018	99.99999169021383	66851198	5352826	7.413473243541108	1370094	2.0494681336899903	1.8975313619639813	65481104	97.95053186631002	90.68899539449491	97.9505319
Clupeiformes	Sardinella zunasi	Sa. zunasi	YS-QLXSDD-2-H	123273466	123273466	100	114078732	9194734	7.458810316893337	4280382	3.7521297133632237	3.472265475199667	109798350	96.24787028663678	89.068924207907	96.2478703
Clupeiformes	Sardinella zunasi	Sa. zunasi	YS-QLXSDD-2-I	68081804	68081800	99.99999412471503	61883768	6198036	9.10380694377605	5817630	9.400898148283408	8.545058529882668	56066138	90.5991018517166	82.35113452634128	90.5991019
Clupeiformes	Sardinella zunasi	Sa. zunasi	YS-QLXSDD-2-K	80000762	80000760	99.99999750002381	69792790	10207972	12.75984346249102	5341426	7.65326332419151	6.676718904252437	64451364	92.34673667580849	80.56343763325654	92.3467367
Clupeiformes	Sardinella zunasi	Sa. zunasi	YS-QLXSDD-2-M	76558112	76558110	99.99999738760538	64764628	11793484	15.404617083556083	5373514	8.29698890573416	7.018869535340683	59391114	91.70301109426583	77.57651338110324	91.7030111
Clupeiformes	Sardinella zunasi	Sa. zunasi	YS-QLXSDD-2-S	86181982	86181978	99.99999535865861	78045380	8136602	9.441186906098308	3993382	5.116743617623491	4.6336622891778	74051998	94.88325638237652	85.9251508047239	94.88325640000001
Clupeiformes	Sardinella zunasi	Sa. zunasi	YS-QLXSDD-3-B	78665788	78665784	99.99999491519745	68577662	10088126	12.82403222097006	4284676	6.247917871565817	5.44668287057647	64292986	93.75208212843418	81.72928490845347	93.7520821
Clupeiformes	Sardinella zunasi	Sa. zunasi	YS-QLXSDD-3-G	79764246	79764242	99.99999498522182	66230504	13533742	16.967178502508506	7116804	10.745507840314788	8.922298344047531	59113700	89.25449215968521	74.11052315344396	89.2544922
Clupeiformes	Sardinella zunasi	Sa. zunasi	YS-QLXSDD-3-H	75600008	75600002	99.9999920634929	68474338	7125670	9.425488420583235	4120434	6.0174864341149235	5.4503089470572545	64353904	93.98251356588507	85.12420263235951	93.98251359999999
Clupeiformes	Sardinella zunasi	Sa. zunasi	YS-QLXSDD-3-I	66827850	66827850	100	63447140	3380710	5.05883400408662	2583056	4.071193752783813	3.865238818845736	60864084	95.92880624721619	91.07592717706764	95.92880620000001
Clupeiformes	Sardinella zunasi	Sa. zunasi	YS-QLXSDD-3-K	79953126	79953064	99.99992245456419	72432438	7520688	9.406371428179057	5449820	7.524004645542926	6.816268822309712	66982618	92.47599535445707	83.77735974951123	92.4759954
Clupeiformes	Sardinella zunasi	Sa. zunasi	YS-QLXSDD-3-M	99296876	99296872	99.99999597167589	87138642	12158234	12.244326800371846	6235460	7.155792030819117	6.279613469410659	80903182	92.84420796918089	81.4760597302175	92.844208
Clupeiformes	Sardinella zunasi	Sa. zunasi	YS-QLXSDD-3-S	77097974	77097972	99.99999740589811	65068086	12029888	15.603377593294475	5785244	8.891062202137004	7.503756194682885	59282842	91.10893779786299	76.89286621202264	91.1089378
Clupeiformes	Setipinna tenuifilis	Se. tenuifilis	YS-HJ-1-B	72664070	72664070	100	66810682	5853388	8.05540895245752	1202716	1.8001851859557427	1.6551729073254497	65607966	98.19981481404426	90.28941814021702	98.1998148
Clupeiformes	Setipinna tenuifilis	Se. tenuifilis	YS-HJ-1-G	77923314	77923304	99.99998716687024	69727586	8195728	10.517684091310592	705692	1.012070029213402	0.9056237007579016	69021894	98.9879299707866	88.5766922079315	98.98793
Clupeiformes	Setipinna tenuifilis	Se. tenuifilis	YS-HJ-1-H	76648092	76648024	99.99991128285359	65067928	11580164	15.108222132913628	5819354	8.94350593121699	7.592301188658421	59248574	91.05649406878301	77.29947667842795	91.0564941
Clupeiformes	Setipinna tenuifilis	Se. tenuifilis	YS-HJ-1-I	83363620	83363616	99.99999520174387	76970100	6393520	7.669436619954844	1883974	2.4476699393660657	2.259947444700698	75086126	97.55233006063393	90.07061593534446	97.55233009999999
Clupeiformes	Setipinna tenuifilis	Se. tenuifilis	YS-HJ-1-K	89047442	89047330	99.99987422434886	68855544	20191898	22.675438560043084	608006	0.8830167691362659	0.6827888441758945	68247538	99.11698323086374	76.64177259578102	99.11698319999999
Clupeiformes	Setipinna tenuifilis	Se. tenuifilis	YS-HJ-1-M	77219344	77219312	99.99995855960651	58712766	18506578	23.966246074299725	848488	1.4451507871388651	1.0988023933484854	57864278	98.55484921286113	74.93495153235179	98.5548492
Clupeiformes	Setipinna tenuifilis	Se. tenuifilis	YS-HJ-1-P	114493924	114493924	100	104567654	9926270	8.669691502581395	6550280	6.264155070362389	5.72107215051866	98017374	93.73584492963761	85.60923634689995	93.7358449
Clupeiformes	Setipinna tenuifilis	Se. tenuifilis	YS-HJ-1-S	75383690	75383688	99.99999734690621	69353088	6030602	7.999876365829266	6539036	9.42861549293955	8.6743379104949625	62814052	90.57138450706044	83.32578572367576	90.5713845
Clupeiformes	Setipinna tenuifilis	Se. tenuifilis	YS-HJ-2-B	126974494	126974476	99.9999858239246	118755776	8218718	6.472731444789219	4561750	3.841286844018433	3.5926506625811006	114194026	96.15871315598157	89.93461789262967	96.1587132
Clupeiformes	Setipinna tenuifilis	Se. tenuifilis	YS-HJ-2-G	91929798	91929796	99.99999782442686	82511652	9418146	10.244932769242025	2956476	3.583101208542037	3.216014898673007	79555176	96.41689879145797	86.53905233208496	96.4168988
Clupeiformes	Setipinna tenuifilis	Se. tenuifilis	YS-HJ-2-H	69155586	69155578	99.9999884318817	56033406	13122180	18.974866325331984	2327886	4.154461001353371	3.3661575798085206	53705520	95.84553899864663	77.6589760948595	95.845539
Clupeiformes	Setipinna tenuifilis	Se. tenuifilis	YS-HJ-2-I	763255444	763255430	99.9999981657517	714036794	49218650	6.448516075045513	17411528	2.438463696311986	2.2812189728711583	696625266	97.56153630368802	91.27026495208332	97.5615363
Clupeiformes	Setipinna tenuifilis	Se. tenuifilis	YS-HJ-2-K	128762472	128762458	99.99998912726683	123860918	4901554	3.806663481887797	3891952	3.142195345266212	3.022582542528385	119968966	96.85780465473378	93.17075397558382	96.8578047
Clupeiformes	Setipinna tenuifilis	Se. tenuifilis	YS-HJ-2-M	144278106	144278098	99.99999445515316	137625430	6652676	4.61100868623823	8090030	5.878295893426092	5.6072471591774296	129535400	94.12170410657392	89.78174415458435	94.1217041
Clupeiformes	Setipinna tenuifilis	Se. tenuifilis	YS-HJ-2-P	84610456	84610454	99.99999763622596	76820920	7789536	9.20635151759494	4773986	6.214434818015717	5.642312103837379	72046934	93.78556518198428	85.15133637856768	93.7855652
Clupeiformes	Setipinna tenuifilis	Se. tenuifilis	YS-HJ-2-S	71467156	71467154	99.9999972015117	68107586	3359570	4.7008586713594704	3160716	4.640769385072612	4.42261337501663	64946870	95.35923061492738	90.8765279536239	95.3592306
Clupeiformes	Setipinna tenuifilis	Se. tenuifilis	YS-HJ-3-B	65683972	65683824	99.99977467866894	58750124	6933848	10.556377437101398	1848118	3.1457261264674097	2.81365140342	56902006	96.85427387353259	86.6299711594786	96.8542739
Clupeiformes	Setipinna tenuifilis	Se. tenuifilis	YS-HJ-3-G	74150854	74150854	100	69903998	4246856	5.727319067694082	358664	0.5130808112005267	0.4836950360679595	69545334	99.48691918879948	93.78898589623796	99.4869192
Clupeiformes	Setipinna tenuifilis	Se. tenuifilis	YS-HJ-3-H	71777640	71777550	99.99987461276241	65773380	6004260	8.365084168273016	1899928	2.8885971801966086	2.646963594790801	63873452	97.11140281980339	88.98795223693618	97.11140280000001
Clupeiformes	Setipinna tenuifilis	Se. tenuifilis	YS-HJ-3-I	70682014	70682012	99.99999717042584	67476878	3205136	4.534584993574178	2686352	3.9811444744079596	3.8006160944989484	64790526	96.01885552559204	91.66479891192688	96.0188555
Clupeiformes	Setipinna tenuifilis	Se. tenuifilis	YS-HJ-3-K	83908920	83908722	99.99976402985523	80837212	3071708	3.6607645528032062	3364602	4.162194510122393	4.009826368877111	77472610	95.83780548987761	92.32940907831969	95.8378055
Clupeiformes	Setipinna tenuifilis	Se. tenuifilis	YS-HJ-3-M	76122212	76122194	99.99997635381379	72634092	3488120	4.582263058777115	6180376	8.508918924738538	8.119017876148948	66453716	91.49108107526146	87.29871906507394	91.4910811
Clupeiformes	Setipinna tenuifilis	Se. tenuifilis	YS-HJ-3-P	87455990	87455924	99.99992453347106	77535676	9920314	11.34320702332682	19063532	24.586787635668514	21.797857413768913	58472144	75.41321236433149	66.85893556290426	75.41321239999999
Clupeiformes	Setipinna tenuifilis	Se. tenuifilis	YS-HJ-3-S	78041806	78041798	99.99998974908397	74146716	3895090	4.991030064065919	3972596	5.357750436310625	5.090343501276739	70174120	94.64224956368938	89.91862643465734	94.6422496
Clupeiformes	Setipinna tenuifilis	Se. tenuifilis	YS-HJ-4-B	64570280	64570218	99.99990398059293	41070220	23500060	36.39454560209434	901470	2.194948066993554	1.3961066918092968	40168750	97.80505193300644	62.209347706096366	97.8050519
Clupeiformes	Setipinna tenuifilis	Se. tenuifilis	YS-HJ-4-G	106328258	106328254	99.99999623806495	98501460	7826798	7.36097642077424	2645956	2.6862099302893583	2.488478650708262	95855504	97.31379006971065	90.15054492851749	97.31379009999999
Clupeiformes	Setipinna tenuifilis	Se. tenuifilis	YS-HJ-4-H	77031108	77030974	99.99982604430407	71136716	5894392	7.651963152341	2738970	3.850290193322953	3.5556674064716813	68397746	96.14970980667705	88.79236944118732	96.14970980000001
Clupeiformes	Setipinna tenuifilis	Se. tenuifilis	YS-HJ-4-I	73617272	73617200	99.9999021968649	68968942	4648330	6.314183986605752	1173810	1.7019399833623663	1.5944763614712592	67795132	98.29806001663763	92.091339651923	98.29805999999999
Clupeiformes	Setipinna tenuifilis	Se. tenuifilis	YS-HJ-4-K	109399770	109399696	99.9999323581759	108658234	741536	0.6778222659883105	4536742	4.175239954663721	4.14693924859257	104121492	95.82476004533628	95.17523848541911	95.82476
Clupeiformes	Setipinna tenuifilis	Se. tenuifilis	YS-HJ-4-M	70872246	70872238	99.99998871208344	63210730	7661516	10.810319176282349	8636184	13.662528497930651	12.185565559753814	54574546	86.33747150206935	77.00411526396384	86.33747149999999
Clupeiformes	Setipinna tenuifilis	Se. tenuifilis	YS-HJ-4-P	71796102	71796088	99.99998050033413	71051084	745018	1.0376858621098957	12714726	17.89518932603477	17.70949347640071	58336358	82.10481067396523	81.2528206614894	82.1048107
Clupeiformes	Setipinna tenuifilis	Se. tenuifilis	YS-HJ-4-S	76955100	76955056	99.99994282380246	75785268	1169832	1.5201487620703502	18924264	24.97090067689673	24.591305839379068	56861004	75.02909932310327	73.88854539855059	75.0290993
Clupeiformes	Setipinna tenuifilis	Se. tenuifilis	YS-HJ-5-B	78854160	78854022	99.99982499338019	68248318	10605842	13.449946077670473	583044	0.8542979769845757	0.7393953597375205	67665274	99.14570202301543	85.81065856259201	99.145702
Clupeiformes	Setipinna tenuifilis	Se. tenuifilis	YS-HJ-5-G	67614386	67614344	99.99993788304164	66967500	646886	0.9567283506796912	5595378	8.355363422555717	8.275425291889805	61372122	91.64463657744429	90.7678463574305	91.6446366
Clupeiformes	Setipinna tenuifilis	Se. tenuifilis	YS-HJ-5-H	82992006	82991990	99.99998072103475	61785352	21206654	25.552646600685854	3453396	5.589344218675002	4.1611188431811135	58331956	94.41065578132499	70.28623455613304	94.4106558
Clupeiformes	Setipinna tenuifilis	Se. tenuifilis	YS-HJ-5-I	78801970	78801966	99.99999492398477	73766716	5035254	6.389756499742329	1763940	2.391241057823423	2.2384465769066435	72002776	97.60875894217658	91.37179692335103	97.6087589
Clupeiformes	Setipinna tenuifilis	Se. tenuifilis	YS-HJ-5-K	90907514	90907506	99.99999119984736	86383838	4523676	4.976129915949522	3041800	3.521260539500456	3.3460380403758485	83342038	96.47873946049954	91.67783204367463	96.4787395
Clupeiformes	Setipinna tenuifilis	Se. tenuifilis	YS-HJ-5-M	94479350	94479340	99.99998941567655	88084174	6395176	6.768861132088652	8885292	10.087274020415972	9.404480449960758	79198882	89.91272597958402	83.82665841795058	89.91272599999999
Clupeiformes	Setipinna tenuifilis	Se. tenuifilis	YS-HJ-5-P	192483048	192483028	99.9999896094746	172291682	20191366	10.489945067785918	25603000	14.860264699255765	13.301431095376254	146688682	85.13973530074423	76.20862383683783	85.1397353
Clupeiformes	Setipinna tenuifilis	Se. tenuifilis	YS-HJ-5-S	628713786	628713742	99.99999300158498	596826986	31886800	5.071751361278405	8893208	1.4900814153199164	1.414508190854272	587933778	98.50991858468008	93.51374044786732	98.5099186
Clupeiformes	Setipinna tenuifilis	Se. tenuifilis	YS-HJ-6-B	196465388	196465372	99.99999185607187	171540548	24924840	12.686631601491047	3917908	2.283954461892007	1.994197573365951	167622640	97.71604553810799	85.319170825143	97.7160455
Clupeiformes	Setipinna tenuifilis	Se. tenuifilis	YS-HJ-6-G	119343850	119343836	99.99998826919024	107178722	12165128	10.193343016837483	11180340	10.431492176217589	9.368174396921166	95998382	89.56850782378241	80.43848258624135	89.56850779999999
Clupeiformes	Setipinna tenuifilis	Se. tenuifilis	YS-HJ-6-H	71425278	71425148	99.99981799160796	56938054	14487224	20.28304881081457	3094446	5.434758975078425	4.332424159413142	53843608	94.56524102492158	75.38452702977229	94.565241
Clupeiformes	Setipinna tenuifilis	Se. tenuifilis	YS-HJ-6-I	90536996	90536992	99.9999955819166	84983752	5553244	6.13367379673167	4133150	4.863459076271426	4.565150361295398	80850602	95.13654092372857	89.30117584197293	95.1365409
Clupeiformes	Setipinna tenuifilis	Se. tenuifilis	YS-HJ-6-K	109158270	109158018	99.9997691425487	74263016	34895254	31.96757698706658	1561586	2.1027775117563228	1.4305704918188975	72701430	97.89722248824367	66.60185252111452	97.8972225
Clupeiformes	Setipinna tenuifilis	Se. tenuifilis	YS-HJ-6-M	151261892	151261864	99.99998148905873	140578860	10683032	7.062606356926965	17643354	12.550502970361261	11.66411034975022	122935506	87.44949702963874	81.27328329332282	87.449497
Clupeiformes	Setipinna tenuifilis	Se. tenuifilis	YS-HJ-6-P	103985290	103985278	99.9999884599062	90666568	13318722	12.808275093525248	13088104	14.435424532667874	12.586495647605542	77578464	85.56457546733212	74.60522925886922	85.56457549999999
Clupeiformes	Setipinna tenuifilis	Se. tenuifilis	YS-HJ-6-S	85314084	85314082	99.99999765572119	78805426	6508658	7.62905454156901	8319478	10.55698626640252	9.75158802619272	70485948	89.44301373359748	82.61935743223827	89.4430137
Clupeiformes	Thryssa dussumieri	Th. dussumieri	YS-DSLT-4-G	92942658	92942592	99.99992898847373	65617068	27325590	29.400482607243706	3873910	5.903814538010141	4.168064571598544	61743158	94.09618546198986	66.43145282115775	94.09618549999999
Clupeiformes	Thryssa dussumieri	Th. dussumieri	YS-DSLT-4-H	71503744	71503658	99.99987972657767	48362008	23141736	32.36436961958244	670044	1.3854759711383364	0.937075406848626	47691964	98.61452402886167	66.69855497356893	98.614524
Clupeiformes	Thryssa dussumieri	Th. dussumieri	YS-DSLT-4-I	102513158	102513010	99.9998556282892	64868136	37645022	36.722136684151316	2644604	4.076892235657889	2.5797702964140465	62223532	95.9231077643421	60.69809301943464	95.9231078
Clupeiformes	Thryssa dussumieri	Th. dussumieri	YS-DSLT-4-K	69088490	69088480	99.99998552580901	62809360	6279130	9.088532691914384	3156970	5.026273154192305	4.5694586753886215	59652390	94.97372684580769	86.34200863269699	94.97372680000001
Clupeiformes	Thryssa dussumieri	Th. dussumieri	YS-DSLT-4-S	101548384	101548316	99.99993303684676	90084518	11463866	11.289067879209187	4775822	5.301490318236481	4.703001477601061	85308696	94.69850968176353	84.00793064318975	94.6985097
Clupeiformes	Thryssa dussumieri	Th. dussumieri	YS-DSLT-5-G	73823360	73823300	99.99991872491309	59109056	14714304	19.931772273708486	5799000	9.810679432945097	7.855237149866926	53310056	90.1893205670549	72.21299057642459	90.1893206
Clupeiformes	Thryssa dussumieri	Th. dussumieri	YS-DSLT-5-H	98489134	98489120	99.99998578523393	77684074	20805060	21.12421863715443	9715032	12.505821978389033	9.864064801300822	67969042	87.49417802161096	69.01171656154474	87.494178
Clupeiformes	Thryssa dussumieri	Th. dussumieri	YS-DSLT-5-I	66679878	66679808	99.99989502080373	57769914	8909964	13.362297993406647	6688658	11.578099285382352	10.030999156897078	51081256	88.42190071461765	76.60670284969628	88.4219007
Clupeiformes	Thryssa dussumieri	Th. dussumieri	YS-DSLT-5-S	91094814	91094778	99.99996048073604	79303138	11791676	12.944398788716995	6029624	7.6032602896495725	6.619063956813172	73273514	92.39673971035043	80.43653725446983	92.3967397
Clupeiformes	Thryssa dussumieri	Th. dussumieri	YS-DSLT-6-B	64818734	64818730	99.99999382894458	45395470	19423264	29.965509662684866	3238304	7.1335399765659435	4.995938365596588	42157166	92.86646002343406	65.03855197171855	92.86645999999999
Clupeiformes	Thryssa dussumieri	Th. dussumieri	YS-DSLT-6-G	101185178	101185156	99.99997825768513	84880814	16304364	16.11339162737847	10089124	11.886224371033954	9.97095048842035	74791690	88.11377562896605	73.91565788420118	88.1137756
Clupeiformes	Thryssa dussumieri	Th. dussumieri	YS-DSLT-6-H	78824912	78824880	99.99995940369715	74010346	4814566	6.107924357720818	4411474	5.960617992516884	5.596547954281256	69598872	94.03938200748311	88.29552768799793	94.039382
Clupeiformes	Thryssa dussumieri	Th. dussumieri	YS-DSLT-6-I	70165522	70165514	99.99998859838882	66078110	4087412	5.825385293933964	5222978	7.904248471997762	7.443795543914004	60855132	92.09575152800224	86.73081916215203	92.0957515
Clupeiformes	Thryssa dussumieri	Th. dussumieri	YS-DSLT-6-S	97387958	97387880	99.99991990796234	79057172	18330786	18.822435931966044	9617630	12.165411128037821	9.875584412602635	69439542	87.83458887196218	71.30197965543132	87.8345889
Clupeiformes	Thryssa hamiltonii	Th. hamiltonii	YS-HSLT-1-B	77782766	77782758	99.99998971494534	72501760	5281006	6.7894294219364735	742998	1.0247999496839801	0.9552218803841458	71758762	98.97520005031602	92.25534869767938	98.97520010000001
Clupeiformes	Thryssa hamiltonii	Th. hamiltonii	YS-HSLT-1-G	103302550	103302542	99.99999225575748	89409178	13893372	13.449205271312277	1734458	1.9399104642254958	1.679007923812142	87674720	98.06008953577451	84.87178680487558	98.0600895
Clupeiformes	Thryssa hamiltonii	Th. hamiltonii	YS-HSLT-1-H	91950504	91950424	99.99991299667047	75002312	16948192	18.431864169009884	3757114	5.009330912359075	4.086017842816827	71245198	94.99066908764092	77.48211798817329	94.9906691
Clupeiformes	Thryssa hamiltonii	Th. hamiltonii	YS-HSLT-1-I	88033206	88033176	99.99996592194995	75143222	12889984	14.642183995889006	5353730	7.124701147363631	6.0814892962094325	69789492	92.87529885263638	79.27632670790156	92.8752989
Clupeiformes	Thryssa hamiltonii	Th. hamiltonii	YS-HSLT-1-K	88338096	88338094	99.99999773597112	81934226	6403870	7.24927329201209	3782434	4.616427327939853	4.2817698946103615	78151792	95.38357267206015	88.46895681337755	95.3835727
Clupeiformes	Thryssa hamiltonii	Th. hamiltonii	YS-HSLT-1-M	126516222	126516208	99.99998893422537	114220548	12295674	9.718654102712614	15231376	13.335057716585286	12.039069582713275	98989172	86.66494228341472	78.24227631457411	86.6649423
Clupeiformes	Thryssa hamiltonii	Th. hamiltonii	YS-HSLT-1-P	78321554	78321552	99.99999744642452	64349792	13971762	17.838974441186394	8719400	13.55000494795694	11.13282302851141	55630392	86.44999505204306	71.0282025303022	86.4499951
Clupeiformes	Thryssa hamiltonii	Th. hamiltonii	YS-HSLT-1-S	117551704	117551696	99.99999319448402	104627944	12923760	10.994106899547793	12855542	12.28691065553195	10.936074563410838	91772402	87.71308934446805	78.06981853704137	87.71308930000001
Clupeiformes	Thryssa hamiltonii	Th. hamiltonii	YS-HSLT-2-B	80874754	80874752	99.99999752704039	73728378	7146376	8.836349598046382	4840028	6.56467445954121	5.984596874322486	68888350	93.43532554045879	85.17905352763113	93.4353255
Clupeiformes	Thryssa hamiltonii	Th. hamiltonii	YS-HSLT-2-G	77990334	77990334	100	65274438	12715896	16.30445126699932	3918518	6.003143221240756	5.024363660245384	61355920	93.99685677875924	78.67118507275529	93.99685679999999
Clupeiformes	Thryssa hamiltonii	Th. hamiltonii	YS-HSLT-2-H	67678686	67678660	99.99996158317849	62915534	4763152	7.037890777016563	1312792	2.086594385418393	1.9397421516132864	61602742	97.9134056145816	91.02236707137016	97.9134056
Clupeiformes	Thryssa hamiltonii	Th. hamiltonii	YS-HSLT-2-I	73019324	73019322	99.99999726099902	67135090	5884234	8.058461346478639	4406928	6.564269147475635	6.035290055547487	62728162	93.43573085252437	85.90624859797387	93.4357309
Clupeiformes	Thryssa hamiltonii	Th. hamiltonii	YS-HSLT-2-K	78512584	78512584	100	72616336	5896248	7.509940062601939	3250700	4.476540925997698	4.1403553855774256	69365636	95.5234590740023	88.34970455182064	95.5234591
Clupeiformes	Thryssa hamiltonii	Th. hamiltonii	YS-HSLT-2-M	76996258	76996258	100	56270738	20725520	26.91756786414218	15050270	26.746174894667277	19.546755116333056	41220468	73.25382510533272	53.53567701952477	73.2538251
Clupeiformes	Thryssa hamiltonii	Th. hamiltonii	YS-HSLT-2-P	81647684	81647680	99.99999510090207	67226546	14421138	17.662641845419646	9283972	13.809979171025685	11.370772011120364	57942574	86.19002082897431	70.96658614345999	86.1900208
Clupeiformes	Thryssa hamiltonii	Th. hamiltonii	YS-HSLT-2-S	78169730	78169728	99.99999744146487	60483044	17686686	22.62600369733911	8036232	13.286751903558294	10.28049092660292	52446812	86.7132480964417	67.09350537605798	86.7132481
Clupeiformes	Thryssa hamiltonii	Th. hamiltonii	YS-HSLT-3-B	198800816	198800816	100	174066914	24733902	12.441549535692047	12167814	6.990308336252805	6.120605661900301	161899100	93.00969166374719	81.43784480240765	93.00969169999999
Clupeiformes	Thryssa hamiltonii	Th. hamiltonii	YS-HSLT-3-G	105663046	105663040	99.99999432157199	84079510	21583536	20.42675922857647	4244674	5.048404777810908	4.017179288963523	79834836	94.9515952221891	75.55606148246001	94.9515952
Clupeiformes	Thryssa hamiltonii	Th. hamiltonii	YS-HSLT-3-H	67839540	67839496	99.99993514106964	54456212	13383328	19.727916787171612	1410296	2.5897798399932777	2.0788702281884577	53045916	97.41022016000672	78.19321298463993	97.4102202
Clupeiformes	Thryssa hamiltonii	Th. hamiltonii	YS-HSLT-3-I	1509552544	1509552544	100	1139916146	369636398	24.486487699231752	156507478	13.729736046742511	10.367805918519919	983408668	86.27026395325748	65.14570638224833	86.270264
Clupeiformes	Thryssa hamiltonii	Th. hamiltonii	YS-HSLT-3-K	77095618	77095616	99.99999740581883	70935944	6159674	7.989655131890895	4721172	6.655542639990807	6.123787735899594	66214772	93.34445736000919	85.88655713220952	93.3444574
Clupeiformes	Thryssa hamiltonii	Th. hamiltonii	YS-HSLT-3-M	79101314	79101310	99.999994943194	68771042	10330272	13.059545382520447	9869192	14.350796080710833	12.476647353797436	58901850	85.64920391928916	74.46380726368211	85.6492039
Clupeiformes	Thryssa hamiltonii	Th. hamiltonii	YS-HSLT-3-P	103750304	103750300	99.99999614458962	82439564	21310740	20.540412103274416	8452594	10.253079455878733	8.147054682365075	73986970	89.74692054412127	71.31253321436051	89.7469205
Clupeiformes	Thryssa hamiltonii	Th. hamiltonii	YS-HSLT-3-S	77303134	77303090	99.999943081221	67035984	10267150	13.281673677033586	5435890	8.108913564989216	7.031914126534637	61600094	91.89108643501079	79.68641219643177	91.8910864
Clupeiformes	Thryssa kammalensis	Th. kammalensis	YS-CBLT-1-B	71690288	71690288	100	63137904	8552384	11.92962706468692	3530794	5.592193874538502	4.925066000571793	59607110	94.40780612546149	83.14530693474128	94.4078061
Clupeiformes	Thryssa kammalensis	Th. kammalensis	YS-CBLT-1-G	95914926	95914922	99.99999582963761	84241944	11672982	12.170141277072975	3606424	4.281031311433174	3.7600237527160267	80635520	95.71896868856683	84.06983497021099	95.71896869999999
Clupeiformes	Thryssa kammalensis	Th. kammalensis	YS-CBLT-1-H	35474974	35474974	100	30075380	5399594	15.220854002599127	1305076	4.339349993250293	3.678863866115871	28770304	95.6606500067497	81.100282131285	95.66065
Clupeiformes	Thryssa kammalensis	Th. kammalensis	YS-CBLT-1-I	27885866	27885848	99.99993545117086	24901340	2984526	10.702647714078523	2324590	9.33520043499667	8.33608681903585	22576750	90.66479956500334	80.96126546688562	90.6647996
Clupeiformes	Thryssa kammalensis	Th. kammalensis	YS-CBLT-1-K	135836726	135836706	99.99998527644136	84292326	51544400	37.94584978439483	40945550	48.57565562967144	30.14321031265138	43346776	51.42434437032856	31.910939902953785	51.4243444
Clupeiformes	Thryssa kammalensis	Th. kammalensis	YS-CBLT-1-M	97805246	97805216	99.99996932679869	87395566	10409680	10.643273674706569	6468324	7.401203855124641	6.613473473600792	80927242	92.59879614487537	82.74325285169265	92.5987961
Clupeiformes	Thryssa kammalensis	Th. kammalensis	YS-CBLT-1-P	73671368	73671328	99.99994570482254	63887020	9784348	13.28107277714729	1250096	1.9567292385839878	1.6968546043559283	62636924	98.04327076141601	85.02207261849678	98.0432708
Clupeiformes	Thryssa kammalensis	Th. kammalensis	YS-CBLT-1-S	109611244	109610908	99.99969346210504	95995266	13615978	12.422063196363322	1579434	1.6453248850833957	1.440941588072844	94415832	98.3546751149166	86.13699521556383	98.3546751
Clupeiformes	Thryssa kammalensis	Th. kammalensis	YS-CBLT-2-B	81297636	81297618	99.9999778591348	65389146	15908490	19.56820737075307	806482	1.233357597299099	0.9920116250366738	64582664	98.7666424027009	79.43978100421026	98.76664240000001
Clupeiformes	Thryssa kammalensis	Th. kammalensis	YS-CBLT-2-G	146883468	146883412	99.99996187453853	125161616	21721852	14.78849341983129	8485162	6.7793643699838455	5.776798516222398	116676454	93.22063563001615	79.43470806394632	93.22063560000001
Clupeiformes	Thryssa kammalensis	Th. kammalensis	YS-CBLT-2-H	142267706	142267656	99.99996485498964	125190934	17076772	12.003266574074091	4603776	3.677403668863114	3.2359951034846937	120587158	96.32259633113688	84.76073832244121	96.3225963
Clupeiformes	Thryssa kammalensis	Th. kammalensis	YS-CBLT-2-I	133886566	133886560	99.99999551859445	116526984	17359582	12.965887854648539	5126170	4.399126986758707	3.828741115071993	111400814	95.6008730132413	83.20537103027947	95.600872999999993
Clupeiformes	Thryssa kammalensis	Th. kammalensis	YS-CBLT-2-K	131282502	131282448	99.99995886732871	118784894	12497608	9.519629660927698	3681626	3.0994058891023633	2.804353926770835	115103268	96.90059411089764	87.67601641230146	96.9005941
Clupeiformes	Thryssa kammalensis	Th. kammalensis	YS-CBLT-2-M	168040388	168039194	99.99928945653232	148322106	19718282	11.734251649073792	13241942	8.927827656384544	7.880213892388775	135080164	91.07217234361545	80.38553445853744	91.0721723
Clupeiformes	Thryssa kammalensis	Th. kammalensis	YS-CBLT-2-P	83462148	83462124	99.99997124444964	73360280	10101868	12.103532250332211	3566668	4.861851672321861	4.273395887199069	69793612	95.13814832767814	83.62307186246872	95.1381483
Clupeiformes	Thryssa kammalensis	Th. kammalensis	YS-CBLT-2-S	70789994	70789982	99.99998304845174	59585518	11204476	15.827767975231076	4657194	7.815983071591322	6.578887406036508	54928324	92.18401692840868	77.59334461873242	92.1840169
Clupeiformes	Thryssa kammalensis	Th. kammalensis	YS-CBLT-3-B	88226406	88226404	99.99999773310499	71246240	16980166	19.246126834181595	2070178	2.905666320075277	2.3464380947354924	69176062	97.09433367992472	78.40743507108292	97.0943337
Clupeiformes	Thryssa kammalensis	Th. kammalensis	YS-CBLT-3-G	87893404	87893404	100	70204136	17689268	20.125819680393764	1454556	2.0718950233929236	1.6549091670178118	68749580	97.92810497660707	78.21927115258842	97.928105
Clupeiformes	Thryssa kammalensis	Th. kammalensis	YS-CBLT-3-H	74231372	74231242	99.99982487188839	59682510	14548862	19.599344061699412	3923308	6.573631035289903	5.285242471336782	55759202	93.4263689647101	75.1154134669638	93.426369
Clupeiformes	Thryssa kammalensis	Th. kammalensis	YS-CBLT-3-I	107052694	107052672	99.99997944937284	97816910	9235784	8.62732515633843	3496388	3.57442082355699	3.2660439166528588	94320522	96.42557917644301	88.10663092700871	96.4255792
Clupeiformes	Thryssa kammalensis	Th. kammalensis	YS-CBLT-3-K	82408292	82408270	99.99997330365736	78079512	4328780	5.252845186986766	2254576	2.887538538919147	2.7358606097551443	75824936	97.11246146108085	92.01129420325809	97.11246150000001
Clupeiformes	Thryssa kammalensis	Th. kammalensis	YS-CBLT-3-M	131230944	131230922	99.99998323566125	122197432	9033512	6.883675240498156	11465972	9.38315299457357	8.737247215108047	110731460	90.61684700542644	84.3790775443938	90.616847
Clupeiformes	Thryssa kammalensis	Th. kammalensis	YS-CBLT-3-P	172755008	172754966	99.99997568811435	147301894	25453114	14.733647547861535	6594270	4.4767041488278485	3.817122337779059	140707624	95.52329585117215	81.44923011435941	95.52329590000001
Clupeiformes	Thryssa kammalensis	Th. kammalensis	YS-CBLT-3-S	183846092	183846046	99.99997497907108	154603778	29242314	15.905866522308235	1815830	1.1745055803228819	0.9876902904196625	152787948	98.82549441967711	83.1064431872721	98.8254944
Clupeiformes	Thryssa kammalensis	Th. kammalensis	YS-DSLT-1-B	72002156	72002154	99.9999972223054	53058278	18943878	26.310153823727166	2219400	4.182947663699149	3.0824076990139018	50838878	95.81705233630085	70.60743847725892	95.8170523
Clupeiformes	Thryssa kammalensis	Th. kammalensis	YS-DSLT-1-G	81174708	81174642	99.99991869388677	60808824	20365884	25.088952583605227	1401414	2.304622763301589	1.726417050985881	59407410	97.6953772366984	73.18463036540889	97.6953772
Clupeiformes	Thryssa kammalensis	Th. kammalensis	YS-DSLT-1-H	84042982	84042842	99.99983341857147	60404892	23638090	28.12619142904758	1525796	2.5259477328425652	1.815494838105578	58879096	97.47405226715743	70.05831373284684	97.4740523
Clupeiformes	Thryssa kammalensis	Th. kammalensis	YS-DSLT-1-I	92041342	92041342	100	64649122	27392220	29.76077858577942	2979862	4.609284562286863	3.2375255893161574	61669260	95.39071543771314	67.00169582490442	95.3907154
Clupeiformes	Thryssa kammalensis	Th. kammalensis	YS-DSLT-1-K	74964144	74964142	99.99999733205784	71159308	3804836	5.075541181394668	5901170	8.292899644274225	7.871990107697354	65258138	91.70710035572577	87.05246871090797	91.7071004
Clupeiformes	Thryssa kammalensis	Th. kammalensis	YS-DSLT-1-M	75158330	75158316	99.99998137265689	70578856	4579474	6.09310238798547	11205540	15.87662458003003	14.909245588612732	59373316	84.12337541996997	78.9976520234018	84.1233754
Clupeiformes	Thryssa kammalensis	Th. kammalensis	YS-DSLT-1-P	70522038	70522000	99.99994611613465	64322174	6199864	8.791385183735047	11008540	17.114688940706515	15.6100707129309	53313634	82.88531105929349	75.59854410333405	82.88531110000001
Clupeiformes	Thryssa kammalensis	Th. kammalensis	YS-DSLT-1-S	104183266	104183238	99.99997312428275	90069904	14113362	13.54666880955719	14289574	15.864981936696635	13.71580537703627	75780330	84.13501806330336	72.73752581340653	84.1350181
Clupeiformes	Thryssa kammalensis	Th. kammalensis	YS-DSLT-2-B	220844300	220844300	100	159938450	60905850	27.57863798160061	7989396	4.995294127209561	3.61766004375028	151949054	95.00470587279044	68.8037019746491	95.00470589999999
Clupeiformes	Thryssa kammalensis	Th. kammalensis	YS-DSLT-2-G	96271274	96271162	99.99988366207764	85633786	10637488	11.049493330689693	7220288	8.431587971598033	7.499940221005073	78413498	91.56841202840197	81.45056644830524	91.568412
Clupeiformes	Thryssa kammalensis	Th. kammalensis	YS-DSLT-2-H	65087710	65087682	99.99995698112593	61024520	4063190	6.242637819029122	5664008	9.281528146390992	8.702115960140555	55360512	90.718471853609	85.05524622083033	90.7184719
Clupeiformes	Thryssa kammalensis	Th. kammalensis	YS-DSLT-2-I	83190208	83190138	99.99991585548145	68915940	14274268	17.15859154962084	10442812	15.152970415842837	12.552934114553482	58473128	84.84702958415717	70.28847433582568	84.8470296
Clupeiformes	Thryssa kammalensis	Th. kammalensis	YS-DSLT-2-K	72092456	72092442	99.99998058049236	69981050	2111406	2.9287474961319115	3327224	4.754464244248979	4.61521799174105	66653826	95.24553575575102	92.45603451212703	95.2455358
Clupeiformes	Thryssa kammalensis	Th. kammalensis	YS-DSLT-2-M	72989728	72989708	99.99997259888406	67975744	5013984	6.869437847473551	8124804	11.952504705207787	11.131434823267186	59850940	88.04749529479221	81.99912732925927	88.0474953
Clupeiformes	Thryssa kammalensis	Th. kammalensis	YS-DSLT-2-P	68797360	68797332	99.99995930076386	63769636	5027724	7.3080187960700815	7629378	11.963966675299824	11.089637741913352	56140258	88.03603332470017	81.60234346201656	88.0360333
Clupeiformes	Thryssa kammalensis	Th. kammalensis	YS-DSLT-2-S	103553792	103553770	99.999978755003	92998486	10555306	10.1930656484313	9864372	10.607024290696517	9.525843341400767	83134114	89.39297570930349	80.28109101016793	89.3929757
Clupeiformes	Thryssa kammalensis	Th. kammalensis	YS-DSLT-3-B	71628676	71628652	99.99996649386622	67857338	3771338	5.265123147047978	2083990	3.07113432595897	2.9094353216859683	65773348	96.92886567404103	91.82544153126605	96.9288657
Clupeiformes	Thryssa kammalensis	Th. kammalensis	YS-DSLT-3-G	90363656	90363634	99.99997565392883	70231656	20132000	22.278868398153346	3268368	4.653696333174886	3.6169054514571655	66963288	95.34630366682511	74.1042261503895	95.346303700000007
Clupeiformes	Thryssa kammalensis	Th. kammalensis	YS-DSLT-3-H	83876214	83876206	99.99999046213507	57292896	26583318	31.693512060522902	3425722	5.979313735510944	4.08425921561028	53867174	94.02068626448906	64.22222872386682	94.0206863
Clupeiformes	Thryssa kammalensis	Th. kammalensis	YS-DSLT-3-I	82300158	82300156	99.99999756987101	73163632	9136526	11.101468359270951	7297670	9.97445014758152	8.867139720436503	65865962	90.02554985241848	80.03139192029255	90.0255499
Clupeiformes	Thryssa kammalensis	Th. kammalensis	YS-DSLT-3-K	72797684	72797668	99.9999780212788	70083032	2714652	3.7290362149433216	4734036	6.754896106663878	6.503003584564586	65348996	93.24510389333612	89.7679602004921	93.2451039
Clupeiformes	Thryssa kammalensis	Th. kammalensis	YS-DSLT-3-M	93001980	93001962	99.99998064557336	85339304	7662676	8.239261142612232	10129848	11.87008508998386	10.892077781569812	75209456	88.12991491001614	80.86866107581795	88.12991489999999
Clupeiformes	Thryssa kammalensis	Th. kammalensis	YS-DSLT-3-P	82243276	82243272	99.9999951363805	72722128	9521148	11.576810242821553	6805866	9.35872778640361	8.275285629429451	65916262	90.6412722135964	80.147904127749	90.6412722
Clupeiformes	Thryssa kammalensis	Th. kammalensis	YS-DSLT-3-S	71051800	71051774	99.99996340697913	66983528	4068272	5.725783161017737	7894702	11.786034918913199	11.111192116174397	59088826	88.2139650810868	83.16302472280786	88.2139651
Clupeiformes	Thryssa setirostris	Th. setirostris	YS-CHLT-1-B	95233610	95233520	99.99990549554931	84502516	10731094	11.26817937490766	1091458	1.2916278137801247	1.146084874867182	83411058	98.70837218621988	87.58573575022515	98.7083722
Clupeiformes	Thryssa setirostris	Th. setirostris	YS-CHLT-1-G	74623530	74623400	99.99982579221326	69324314	5299216	7.10126685242577	4136232	5.966495391501458	5.542798632013254	65188082	94.03350460849855	87.35593451556097	94.0335046
Clupeiformes	Thryssa setirostris	Th. setirostris	YS-CHLT-1-H	73685378	73685264	99.99984528816559	59718302	13967076	18.95501709986478	2623214	4.3926466629945375	3.5600197368872832	57095088	95.60735333700546	77.48496316324794	95.6073533
Clupeiformes	Thryssa setirostris	Th. setirostris	YS-CHLT-1-I	75486910	75486842	99.99990991815667	64997002	10489908	13.896327191032194	1940852	2.986063880300202	2.571110673360454	63056150	97.01393611969979	83.53256213560735	97.0139361
Clupeiformes	Thryssa setirostris	Th. setirostris	YS-CHLT-1-K	77404740	77404614	99.99983721927107	74755516	2649224	3.4225604271779737	3095002	4.140165389267061	3.9984657270342874	71660514	95.85983461073293	92.57897384578774	95.8598346
Clupeiformes	Thryssa setirostris	Th. setirostris	YS-CHLT-1-M	93095848	93095846	99.99999785167648	84578486	8517362	9.149024562298418	4907862	5.802730968724127	5.27183768711146	79670624	94.19726903127588	85.57913775059012	94.19726899999999
Clupeiformes	Thryssa setirostris	Th. setirostris	YS-CHLT-1-P	79411066	79410980	99.99989170275084	62542056	16869010	21.242643940833133	3172418	5.072455564940174	3.994931890222957	59369638	94.92754443505983	74.76242416894391	94.9275444
Clupeiformes	Thryssa setirostris	Th. setirostris	YS-CHLT-1-S	70691976	70691966	99.99998585412297	56855026	13836950	19.573579326739996	2907394	5.11369742404128	4.1127638022171	53947632	94.88630257595872	76.31365687104291	94.88630260000001
Clupeiformes	Thryssa setirostris	Th. setirostris	YS-CHLT-2-B	90277422	90277404	99.99998006145988	78156178	12121244	13.426661651902288	1851478	2.368946444643186	2.050876020806177	76304700	97.63105355535681	84.52246232729154	97.6310536
Clupeiformes	Thryssa setirostris	Th. setirostris	YS-CHLT-2-G	80348078	80348064	99.99998257581221	62836700	17511378	21.79439562947604	3394796	5.402568880924682	4.225111644861001	59441904	94.59743111907532	73.98049272566296	94.5974311
Clupeiformes	Thryssa setirostris	Th. setirostris	YS-CHLT-2-H	92641662	92641662	100	83654136	8987526	9.701386833927915	3823516	4.570623979667903	4.127210066676049	79830620	95.4293760203321	86.17140309939603	95.429376
Clupeiformes	Thryssa setirostris	Th. setirostris	YS-CHLT-2-I	61094288	61094278	99.99998363185769	45048816	16045472	26.263456904514545	3227352	7.164121694119553	5.282575680397486	41821464	92.83587830588044	68.45396741508797	92.83587829999999
Clupeiformes	Thryssa setirostris	Th. setirostris	YS-CHLT-2-K	76069698	76069638	99.9999211249662	67250584	8819114	11.593465245517342	2704736	4.021877341615353	3.5556023897978406	64545848	95.97812265838465	84.85093236468482	95.9781227
Clupeiformes	Thryssa setirostris	Th. setirostris	YS-CHLT-2-M	86463784	86463734	99.99994217232037	71205004	15258780	17.647596825047582	6913952	9.709924319363846	7.996356023465269	64291052	90.29007568063615	74.35604715148715	90.2900757
Clupeiformes	Thryssa setirostris	Th. setirostris	YS-CHLT-2-P	94060982	94060968	99.99998511603887	76528148	17532834	18.639858554740584	794832	1.0386139228143871	0.8450177566719429	75733316	98.96138607718561	80.51512368858748	98.9613861
Clupeiformes	Thryssa setirostris	Th. setirostris	YS-CHLT-2-S	95281972	95281950	99.99997691063741	75222142	20059830	21.053122200283596	3041740	4.043676395176303	3.1923562623158137	72180402	95.9563236048237	75.75452153740059	95.9563236
Clupeiformes	Thryssa setirostris	Th. setirostris	YS-CHLT-3-B	77801980	77801980	100	63679166	14122814	18.15225525108744	4233310	6.6478728694405325	5.441134017411896	59445856	93.35212713055947	76.40661073150066	93.3521271
Clupeiformes	Thryssa setirostris	Th. setirostris	YS-CHLT-3-G	96109604	96109590	99.9999854332976	87431648	8677956	9.029228754287656	4050298	4.632530774211188	4.214248973494886	83381350	95.36746922578881	86.75652227221745	95.3674692
Clupeiformes	Thryssa setirostris	Th. setirostris	YS-CHLT-3-H	72592112	72592016	99.99986775422651	61887496	10704616	14.74625232008679	5651782	9.132348802737148	7.7856696055351025	56235714	90.86765119726286	77.46807807437811	90.8676512
Clupeiformes	Thryssa setirostris	Th. setirostris	YS-CHLT-3-I	74236706	74236698	99.9999892236598	58371944	15864762	21.3705090848185	3250894	5.569274855742341	4.379092466737411	55121050	94.43072514425766	74.25039844844409	94.4307251
Clupeiformes	Thryssa setirostris	Th. setirostris	YS-CHLT-3-K	74661452	74661434	99.9999758911734	55869296	18792156	25.169823913952275	4144914	7.418947967413085	5.55161182774747	51724382	92.58105203258691	69.27856425830025	92.581052
Clupeiformes	Thryssa setirostris	Th. setirostris	YS-CHLT-3-M	72995906	72995814	99.99987396553445	50739246	22256660	30.490285304493653	1518124	2.9920113515285585	2.0797385541046642	49221122	97.00798864847144	67.42997614140168	97.00798859999999
Clupeiformes	Thryssa setirostris	Th. setirostris	YS-CHLT-3-P	103538548	103538462	99.99991693914811	79809294	23729254	22.918279672996768	3623080	4.539671783088321	3.49925710760402	76186214	95.46032821691168	73.58246321939922	95.4603282
Clupeiformes	Thryssa setirostris	Th. setirostris	YS-CHLT-3-S	31783280	31783274	99.99998112214976	24788666	6994614	22.007212597315316	1194164	4.817379039275449	3.757208192483595	23594502	95.18262096072455	74.23557921020108	95.182621
Eupercaria incertae sedis	Johnius belangerii	Jo. belangerii	YS-PSJGY-1-B	74972598	74972584	99.99998132651079	72181038	2791560	3.7234403961831495	541224	0.7498146535382326	0.7218957518318893	71639814	99.25018534646176	95.55466385198496	99.2501853
Eupercaria incertae sedis	Johnius belangerii	Jo. belangerii	YS-PSJGY-1-G	71901422	71901410	99.99998331048306	68762212	3139210	4.365991537691702	650384	0.9458450813071575	0.9045495650976138	68111828	99.05415491869284	94.72945889721069	99.0541549
Eupercaria incertae sedis	Johnius belangerii	Jo. belangerii	YS-PSJGY-1-H	73854184	73854174	99.99998645980571	68091334	5762850	7.8030108625937835	500192	0.7345898084475772	0.6772696858989059	67591142	99.26541019155242	91.51971945150731	99.2654102
Eupercaria incertae sedis	Johnius belangerii	Jo. belangerii	YS-PSJGY-1-I	73898010	73898000	99.99998646783587	69617032	4280978	5.793089692131087	2291504	3.2915853120540963	3.1009008226337893	67325528	96.7084146879459	91.10600948523512	96.7084147
Eupercaria incertae sedis	Johnius belangerii	Jo. belangerii	YS-PSJGY-1-K	69715144	69715124	99.9999713118286	65635334	4079810	5.85211442724697	437828	0.6670614337088617	0.628024235308185	65197506	99.33293856629113	93.51986133744485	99.33293859999999
Eupercaria incertae sedis	Johnius belangerii	Jo. belangerii	YS-PSJGY-1-M	70634682	70634666	99.99997734823808	63747748	6886934	9.750074333172478	544124	0.8535579954918564	0.7703354564546634	63203624	99.14644200450815	89.47959021037286	99.14644200000001
Eupercaria incertae sedis	Johnius belangerii	Jo. belangerii	YS-PSJGY-1-P	91049846	91049820	99.9999714442131	70998930	20050916	22.021910943155248	1242134	1.7495108729103381	1.3642351465372056	69756796	98.25048912708966	76.61385391030755	98.25048910000001
Eupercaria incertae sedis	Johnius belangerii	Jo. belangerii	YS-PSJGY-1-S	73100818	73100800	99.99997537647253	68692018	4408800	6.03112266130866	525680	0.7652708645129628	0.7191164399829287	68166338	99.23472913548704	93.24976089870842	99.2347291
Eupercaria incertae sedis	Johnius belangerii	Jo. belangerii	YS-PSJGY-2-B	76992272	76991974	99.99961294816706	73518902	3473370	4.511322902641449	404582	0.5503101773745206	0.5254839083070572	73114320	99.44968982262547	94.9631931890515	99.4496898
Eupercaria incertae sedis	Johnius belangerii	Jo. belangerii	YS-PSJGY-2-G	68727876	68727870	99.9999912699179	65356814	3371062	4.904941337049322	1351250	2.067496741808742	1.9660872394776174	64005564	97.93250325819126	93.12897142347306	97.9325033
Eupercaria incertae sedis	Johnius belangerii	Jo. belangerii	YS-PSJGY-2-H	72175774	72175764	99.99998614493556	67075510	5100264	7.0664486396779065	479642	0.7150776788726616	0.6645470819613241	66595868	99.28492232112734	92.26900427836077	99.2849223
Eupercaria incertae sedis	Johnius belangerii	Jo. belangerii	YS-PSJGY-2-I	85374688	85374674	99.99998360169702	79441510	5933178	6.9495750309506255	3349518	4.2163322424259055	3.9233150696843544	76091992	95.7836677575741	89.12710989936502	95.7836678
Eupercaria incertae sedis	Johnius belangerii	Jo. belangerii	YS-PSJGY-2-K	69668492	69668482	99.9999856463091	65031476	4637016	6.655829438650689	418076	0.6428825327599823	0.6000933678886002	64613400	99.35711746724002	92.74407719346071	99.3571175
Eupercaria incertae sedis	Johnius belangerii	Jo. belangerii	YS-PSJGY-2-M	80917668	80917668	100	71137832	9779836	12.086156511579153	1213032	1.7051855052315905	1.4990941162565388	69924800	98.2948144947684	86.41474937216431	98.2948145
Eupercaria incertae sedis	Johnius belangerii	Jo. belangerii	YS-PSJGY-2-P	79355552	79355544	99.99998991878981	74044908	5310644	6.692214805587894	1299038	1.754392077845515	1.6369843914638764	72745870	98.24560792215449	91.67080080294824	98.2456079
Eupercaria incertae sedis	Johnius belangerii	Jo. belangerii	YS-PSJGY-2-S	71592136	71592122	99.99998044477958	68500534	3091602	4.318354183481828	454120	0.6629437370517433	0.6343154784486386	68046414	99.33705626294825	95.04733033806953	99.3370563
Eupercaria incertae sedis	Johnius belangerii	Jo. belangerii	YS-PSJGY-3-B	155779550	155779544	99.9999961484033	147761180	8018370	5.147254565827158	867848	0.587331530514307	0.5571000814933668	146893332	99.4126684694857	94.29564535267947	99.4126685
Eupercaria incertae sedis	Johnius belangerii	Jo. belangerii	YS-PSJGY-3-G	81026274	81026274	100	76667926	4358348	5.378931777117136	824728	1.0757145041330582	1.017852554839187	75843198	98.92428549586694	93.60321566804367	98.9242855
Eupercaria incertae sedis	Johnius belangerii	Jo. belangerii	YS-PSJGY-3-H	81874894	81874892	99.99999755724875	70400760	11474134	14.014227609259562	428546	0.6087235421890332	0.523415639475515	69972214	99.39127645781096	85.46235675126492	99.3912765
Eupercaria incertae sedis	Johnius belangerii	Jo. belangerii	YS-PSJGY-3-I	126165040	126165040	100	115107818	11057222	8.764093444586551	7156998	6.217647180142013	5.672726771219666	107950820	93.78235281985799	85.56317978419378	93.7823528
Eupercaria incertae sedis	Johnius belangerii	Jo. belangerii	YS-PSJGY-3-K	90207334	90207330	99.99999556577073	83632018	6575316	7.289114652252111	599106	0.7163596124154268	0.6641433389440375	83032912	99.28364038758457	92.04674200880385	99.2836404
Eupercaria incertae sedis	Johnius belangerii	Jo. belangerii	YS-PSJGY-3-M	98271570	98271568	99.9999979648234	87678110	10593460	10.77978096818846	891888	1.0172299562570406	0.9075747950297324	86786222	98.98277004374296	88.31264423678181	98.98277
Eupercaria incertae sedis	Johnius belangerii	Jo. belangerii	YS-PSJGY-3-P	72520620	72520618	99.99999724216367	67407858	5112762	7.050080377139633	1029244	1.5268902328864982	1.4192432441973055	66378614	98.4731097671135	91.53067637866306	98.4731098
Eupercaria incertae sedis	Johnius belangerii	Jo. belangerii	YS-PSJGY-3-S	96744052	96743610	99.99954312436697	91174536	5569516	5.756959611325769	426520	0.4678060549713135	0.44087464932727854	90748016	99.53219394502868	93.80216573934695	99.5321939
Eupercaria incertae sedis	Larimichthys crocea	La. crocea	YS-LY-2-B	117611596	117611582	99.99998809641185	111568820	6042776	5.137908340262639	2145104	1.9226733777412004	1.823888181910226	109423716	98.0773266222588	93.03820347782714	98.0773266
Eupercaria incertae sedis	Larimichthys crocea	La. crocea	YS-LY-2-G	155784156	155784120	99.9999768911031	147790238	7993918	5.131406302961901	2654174	1.7959061680379729	1.7037509257359909	145136064	98.20409383196203	93.1648427713021	98.20409380000001
Eupercaria incertae sedis	Larimichthys crocea	La. crocea	YS-LY-2-H	162908760	162908698	99.99996194188698	143418666	19490094	11.9638096809527	1276734	0.8902146670364373	0.7837110785202711	142141932	99.10978533296357	87.25247924052702	99.1097853
Eupercaria incertae sedis	Larimichthys crocea	La. crocea	YS-LY-2-I	167123630	167123580	99.9999700820285	145132558	21991072	13.158565308807617	32675690	22.51437613330015	19.551807245929258	112456868	77.48562386669985	67.28962744526312	77.48562390000001
Eupercaria incertae sedis	Larimichthys crocea	La. crocea	YS-LY-2-K	175648680	175648654	99.99998519772537	167400458	8248222	4.695863356331514	867564	0.5182566465857579	0.49392002262698476	166532894	99.48174335341425	94.8102166210415	99.4817434
Eupercaria incertae sedis	Larimichthys crocea	La. crocea	YS-LY-2-M	80028074	80028034	99.9999500175401	77774796	2253278	2.815609432259984	8920566	11.469738859874347	11.146795810680137	68854230	88.53026114012565	86.03759475705988	88.53026109999999
Eupercaria incertae sedis	Larimichthys crocea	La. crocea	YS-LY-2-P	129107424	129107352	99.99994423248658	112734784	16372640	12.681408622946423	4501726	3.9932005369345456	3.4868064597121853	108233058	96.00679946306545	83.8317849173414	96.0067995
Eupercaria incertae sedis	Larimichthys crocea	La. crocea	YS-LY-2-S	115930536	115930486	99.99995687072473	100244720	15685816	13.530357523750256	638492	0.636933296835983	0.550753944586265	99606228	99.36306670316402	85.91888853166348	99.3630667
Eupercaria incertae sedis	Larimichthys crocea	La. crocea	YS-LY-3-B	135747592	135747554	99.99997200686992	108007398	27740194	20.43512786584089	994432	0.9207073019201888	0.7325595875026645	107012966	99.07929269807981	78.83231254665644	99.0792927
Eupercaria incertae sedis	Larimichthys crocea	La. crocea	YS-LY-3-G	75136584	75136544	99.9999467636165	74615192	521392	0.6939256115236754	1307652	1.7525278230202772	1.740366583607261	73307540	98.24747217697973	97.56570780486906	98.24747219999999
Eupercaria incertae sedis	Larimichthys crocea	La. crocea	YS-LY-3-H	179061802	179061736	99.99996314121758	166247516	12814286	7.1563481752518046	1477288	0.8886075627138994	0.8250157116144737	164770228	99.1113924372861	92.01863611313372	99.1113924
Eupercaria incertae sedis	Larimichthys crocea	La. crocea	YS-LY-3-I	167109704	167109696	99.99999521272565	157303142	9806562	5.868337843504289	2647702	1.6831844337858173	1.5844094846819907	154655440	98.31681556621419	92.54725267181372	98.3168156
Eupercaria incertae sedis	Larimichthys crocea	La. crocea	YS-LY-3-K	78151358	78151358	100	70572524	7578834	9.697635708390377	721738	1.0226897935519494	0.9235130629463918	69850786	98.97731020644805	89.37885122866324	98.9773102
Eupercaria incertae sedis	Larimichthys crocea	La. crocea	YS-LY-3-M	97591370	97591366	99.99999590127693	91318800	6272570	6.4273818473908095	725228	0.7941716273100391	0.7431271842991855	90593572	99.20582837268996	92.82949096831001	99.2058284
Eupercaria incertae sedis	Larimichthys crocea	La. crocea	YS-LY-3-P	105442498	105442468	99.99997154847375	79162278	26280220	24.923745641913758	7031146	8.881939956300904	6.668227833524961	72131132	91.1180600436991	68.40802652456128	91.11806
Eupercaria incertae sedis	Larimichthys crocea	La. crocea	YS-LY-3-S	120253506	120253428	99.99993513702627	119264626	988880	0.8223294545773991	809378	0.6786404545468494	0.6730597941984328	118455248	99.32135954545315	98.50461075122416	99.3213595
Eupercaria incertae sedis	Otolithes ruber	Ot. ruber	YS-HYH-1-G	114925468	114925468	100	82132800	32792668	28.53385639465049	2253778	2.7440657082188844	1.961077939660859	79879022	97.25593429178112	69.50506566568865	97.2559343
Eupercaria incertae sedis	Otolithes ruber	Ot. ruber	YS-HYH-1-H	48102300	48102300	100	16375004	31727296	65.95796043016654	246980	1.5082744407268542	0.51344738193392	16128024	98.49172555927315	33.52859218789954	98.4917256
Eupercaria incertae sedis	Otolithes ruber	Ot. ruber	YS-HYH-1-I	91235144	91235144	100	58774786	32460358	35.57878749004879	1723478	2.932342450383401	1.8890505614810011	57051308	97.0676575496166	62.53216194847021	97.06765750000001
Eupercaria incertae sedis	Otolithes ruber	Ot. ruber	YS-HYH-1-K	176934998	176933282	99.99903015230485	133591068	43343930	24.497092429390367	2589466	1.9383526449537778	1.463512605911918	131001602	98.06164735504622	74.03939496469772	98.0616474
Eupercaria incertae sedis	Otolithes ruber	Ot. ruber	YS-HYH-1-M	38502110	38502102	99.99997922191797	12780494	25721616	66.80573090669576	223202	1.7464270160449198	0.5797136832241142	12557292	98.25357298395508	32.61455541008012	98.253573
Eupercaria incertae sedis	Otolithes ruber	Ot. ruber	YS-HYH-1-P	46536706	46536706	100	17806898	28729808	61.73580055279375	413042	2.319561778811784	0.8875617453457062	17393856	97.68043822118821	37.376637701860545	97.6804382
Eupercaria incertae sedis	Otolithes ruber	Ot. ruber	YS-HYH-1-S	262105850	262105850	100	121402700	140703150	53.68180450760637	1900998	1.5658613852904424	0.7252787375787301	119501702	98.43413861470955	45.592916754814894	98.4341386
Eupercaria incertae sedis	Otolithes ruber	Ot. ruber	YS-HYH-2-B	75951634	75951634	100	45499124	30452510	40.09460810283555	564150	1.2399139816406135	0.7427753298895452	44934974	98.76008601835939	59.1626165672749	98.760086
Eupercaria incertae sedis	Otolithes ruber	Ot. ruber	YS-HYH-2-G	80169540	80169540	100	25853660	54315880	67.75126812502604	1160002	4.486799934709437	1.4469360807109533	24693658	95.51320006529056	30.801795794263008	95.51320009999999
Eupercaria incertae sedis	Otolithes ruber	Ot. ruber	YS-HYH-2-I	84358616	84358610	99.99999288750777	37823408	46535208	55.16355081026934	112624	0.2977626976395147	0.13350622063311232	37710784	99.70223730236049	44.70294296909755	99.7022373
Eupercaria incertae sedis	Otolithes ruber	Ot. ruber	YS-HYH-2-K	156689238	156689214	99.99998468305782	91909848	64779390	41.34259048474025	7799828	8.48638983713693	4.977896439830794	84110020	91.51361016286307	53.67951307542896	91.51361019999999
Eupercaria incertae sedis	Otolithes ruber	Ot. ruber	YS-HYH-2-M	150716710	150716614	99.9999363043421	52177382	98539328	65.38049297917928	1777770	3.407165963213716	1.1795440598457863	50399612	96.59283403678629	33.43996296097493	96.59283400000001
Eupercaria incertae sedis	Otolithes ruber	Ot. ruber	YS-HYH-2-P	81240748	81240712	99.99995568726176	33562504	47678244	58.687598494292544	1365404	4.068242345684339	1.680688612074325	32197100	95.93175765431566	39.63171289363313	95.93175769999999
Eupercaria incertae sedis	Otolithes ruber	Ot. ruber	YS-HYH-3-B	69463952	69463920	99.99995393294064	40513070	28950882	41.67756248593515	411012	1.0145170435121307	0.5916910687719006	40102058	98.98548295648787	57.73074644529295	98.985483
Eupercaria incertae sedis	Otolithes ruber	Ot. ruber	YS-HYH-3-H	98591356	98591338	99.99998174282135	88819680	9771676	9.91129080322214	15240288	17.15868375116866	15.458036706585109	73579392	82.84131624883133	74.63067249019275	82.84131620000001
Eupercaria incertae sedis	Otolithes ruber	Ot. ruber	YS-HYH-3-I	88746090	88746090	100	31969126	56776964	63.976862529943574	126812	0.3966702123792812	0.14289305590815324	31842314	99.60332978762072	35.88024441414827	99.6033298
Eupercaria incertae sedis	Otolithes ruber	Ot. ruber	YS-HYH-3-K	81049190	81049052	99.99982973303003	39358106	41691084	51.43923585170931	1591280	4.043080731577886	1.963350898386523	37766826	95.95691926842211	46.597413249904164	95.9569193
Eupercaria incertae sedis	Otolithes ruber	Ot. ruber	YS-HYH-3-M	165229470	165229470	100	124849518	40379952	24.43871060047581	1644664	1.3173170600466395	0.9953817560511451	123204854	98.68268293995337	74.56590764347304	98.6826829
Eupercaria incertae sedis	Otolithes ruber	Ot. ruber	YS-HYH-3-P	135911076	135911074	99.99999852844958	114142170	21768906	16.017021305901515	2347676	2.056799866342124	1.7273617935303522	111794494	97.94320013365788	82.25561690056813	97.9432001
Eupercaria incertae sedis	Pennahia macrocephala	Pe. macrocephala	YS-BGY-1-B	94989918	94989902	99.99998315610716	90660414	4329504	4.5578563400802174	481678	0.5312991401076108	0.5070832885654244	90178736	99.4687008598924	94.93506037135435	99.4687009
Eupercaria incertae sedis	Pennahia macrocephala	Pe. macrocephala	YS-BGY-1-G	56972678	56972624	99.9999052177256	50356026	6616652	11.613728250583552	950780	1.888115634859669	1.6688350159702867	49405246	98.11188436514033	86.71743673344616	98.11188440000001
Eupercaria incertae sedis	Pennahia macrocephala	Pe. macrocephala	YS-BGY-1-H	81205202	81205176	99.99996798234675	73249394	7955808	9.797165457454314	1024546	1.3987091824950797	1.2616753296174301	72224848	98.60129081750492	88.94115921292826	98.6012908
Eupercaria incertae sedis	Pennahia macrocephala	Pe. macrocephala	YS-BGY-1-I	78372286	78372264	99.9999719288525	72842724	5529562	7.05550684077277	1235756	1.6964714279493447	1.576776770298623	71606968	98.30352857205065	91.36771638892861	98.3035286
Eupercaria incertae sedis	Pennahia macrocephala	Pe. macrocephala	YS-BGY-1-K	72946220	72946196	99.99996709904913	69186324	3759896	5.154339731380187	538152	0.7778300231704751	0.7377380212435957	68648172	99.22216997682952	94.10792224737622	99.22217
Eupercaria incertae sedis	Pennahia macrocephala	Pe. macrocephala	YS-BGY-1-M	71540734	71540720	99.99998043072915	64440138	7100596	9.925249019670389	420386	0.6523666972904372	0.5876176780629621	64019752	99.34763330270957	89.48713330226666	99.3476333
Eupercaria incertae sedis	Pennahia macrocephala	Pe. macrocephala	YS-BGY-1-P	74015150	74014928	99.99970006140634	61292922	12722228	17.188680965991423	666238	1.0869737944619446	0.9001373367479496	60626684	98.91302620553806	81.91118169726063	98.9130262
Eupercaria incertae sedis	Pennahia macrocephala	Pe. macrocephala	YS-BGY-1-S	69163298	69163286	99.99998264975738	63582014	5581284	8.069719289557302	301078	0.4735269945994476	0.435314695374995	63280936	99.52647300540055	91.4949660150677	99.52647300000001
Eupercaria incertae sedis	Pennahia macrocephala	Pe. macrocephala	YS-BGY-2-B	86696160	86696138	99.99997462402025	84526698	2169462	2.5023738075596427	579962	0.6861287779158249	0.6689592710911302	83946736	99.31387122208417	96.82866692134922	99.31387120000001
Eupercaria incertae sedis	Pennahia macrocephala	Pe. macrocephala	YS-BGY-2-G	66581242	66581210	99.99995193841532	64764122	1817120	2.7291770856422293	836944	1.2922957559742723	1.2570267163234954	63927178	98.70770424402573	96.01379619803427	98.7077042
Eupercaria incertae sedis	Pennahia macrocephala	Pe. macrocephala	YS-BGY-2-H	75130142	75130114	99.99996273133624	73332646	1797496	2.3925097865514484	1059568	1.4448789970022355	1.4103101255951307	72273078	98.55512100299777	96.19718008785343	98.555121
Eupercaria incertae sedis	Pennahia macrocephala	Pe. macrocephala	YS-BGY-2-I	94354310	94354302	99.99999152132001	90132828	4221482	4.474074369257748	1135676	1.2600026263460855	1.2036291717887608	88997152	98.73999737365392	94.32229645895349	98.73999740000001
Eupercaria incertae sedis	Pennahia macrocephala	Pe. macrocephala	YS-BGY-2-K	87181878	87181714	99.99981188751175	80091022	7090856	8.13340588969648	447176	0.558334740690411	0.5129231100068755	79643846	99.44166525930959	91.35367100029664	99.44166530000001
Eupercaria incertae sedis	Pennahia macrocephala	Pe. macrocephala	YS-BGY-2-M	82187412	82187364	99.99994159689564	75705592	6481820	7.88663353945249	1726230	2.2801882323303144	2.1003581424367033	73979362	97.71981176766968	90.0130083181108	97.7198118
Eupercaria incertae sedis	Pennahia macrocephala	Pe. macrocephala	YS-BGY-2-P	72591140	72591140	100	4220372	68370768	94.18610590769066	119320	2.8272389258577206	0.16437267688591198	4101052	97.17276107414229	5.649521415423425	97.1727611
Eupercaria incertae sedis	Pennahia macrocephala	Pe. macrocephala	YS-BGY-2-S	74779184	74779174	99.99998662729458	73802794	976390	1.3056975855740818	1014604	1.3747501212487971	1.356800042107975	72788190	98.6252498787512	97.33750237231794	98.6252499
Eupercaria incertae sedis	Pennahia macrocephala	Pe. macrocephala	YS-BGY-3-B	69902612	69902588	99.99996566651902	67369622	2532990	3.6235985001533275	335936	0.4986461108539395	0.48057717785996323	67033686	99.50135388914606	95.89582432198671	99.5013539
Eupercaria incertae sedis	Pennahia macrocephala	Pe. macrocephala	YS-BGY-3-G	78279076	78279056	99.99997445038825	75734426	2544650	3.2507409770651865	1172426	1.5480753759195323	1.4977514553186602	74562000	98.45192462408046	95.25150756761616	98.4519246
Eupercaria incertae sedis	Pennahia macrocephala	Pe. macrocephala	YS-BGY-3-H	69644598	69644562	99.99994830898443	67427418	2217180	3.183563497631216	763734	1.1326757314064733	1.0966162802748893	66663684	98.86732426859352	95.7198202220939	98.8673243
Eupercaria incertae sedis	Pennahia macrocephala	Pe. macrocephala	YS-BGY-3-I	82264542	82264518	99.99997082582676	68881578	13382964	16.268204592933856	783982	1.138159175157108	0.9530011119493014	68097596	98.86184082484289	82.77879429511684	98.8618408
Eupercaria incertae sedis	Pennahia macrocephala	Pe. macrocephala	YS-BGY-3-K	74850512	74850496	99.99997862406072	73085012	1765500	2.358701300533522	905140	1.238475544069145	1.2092636053043966	72179872	98.76152445593085	96.43203509416207	98.7615245
Eupercaria incertae sedis	Pennahia macrocephala	Pe. macrocephala	YS-BGY-3-M	82832636	82832624	99.99998551295651	80731940	2100696	2.536072859011755	729654	0.9037984222849098	0.8808774357971657	80002286	99.09620157771509	96.58304970519107	99.0962016
Eupercaria incertae sedis	Pennahia macrocephala	Pe. macrocephala	YS-BGY-3-P	75269954	75269936	99.99997608607546	73213194	2056760	2.73251130192002	1270038	1.7347119154506494	1.6873107163052072	71943156	98.26528808454935	95.58017798177477	98.2652881
Eupercaria incertae sedis	Pennahia macrocephala	Pe. macrocephala	YS-BGY-3-S	80226122	80226098	99.99997008455675	78629740	1596382	1.9898531303806508	617562	0.7854051151638044	0.7697767068935477	78012178	99.2145948848362	97.2403701627258	99.2145949
Eupercaria incertae sedis	Scatophagus argus	Sc. argus	YS-JXY-1-B	130355062	130355058	99.99999693145787	122277218	8077844	6.196801164499465	683468	0.5589495829059506	0.5243125886434697	121593750	99.44105041709405	93.27888624685707	99.4410504
Eupercaria incertae sedis	Scatophagus argus	Sc. argus	YS-JXY-1-G	67550178	67550178	100	63841826	3708352	5.489773838937922	657436	1.0297888409394806	0.9732557625532829	63184390	98.97021115906053	93.5369703985088	98.97021120000001
Eupercaria incertae sedis	Scatophagus argus	Sc. argus	YS-JXY-1-H	92745610	92745608	99.9999978435637	81229926	11515684	12.416419494141017	704114	0.8668160057169079	0.7591884942047392	80525812	99.13318399428309	86.82439201165424	99.133184
Eupercaria incertae sedis	Scatophagus argus	Sc. argus	YS-JXY-1-I	108826442	108826440	99.99999816221136	99264444	9561998	8.786465701047177	1037860	1.0455506102467063	0.95368366449029	98226584	98.9544493897533	90.25985063446254	98.9544494
Eupercaria incertae sedis	Scatophagus argus	Sc. argus	YS-JXY-1-K	80015726	80015720	99.99999250147403	74122938	5892788	7.364537316077092	316828	0.4274358363938569	0.3959571647203451	73806110	99.57256416360615	92.23950551920257	99.5725642
Eupercaria incertae sedis	Scatophagus argus	Sc. argus	YS-JXY-1-M	86993268	86993262	99.99999310291459	77211852	9781416	11.243876939994943	869090	1.1255914441736226	0.9990313273436284	76342762	98.87440855582638	87.75709173266142	98.8744086
Eupercaria incertae sedis	Scatophagus argus	Sc. argus	YS-JXY-1-P	74547548	74547544	99.99999463429702	65753562	8793986	11.796479208142433	1361772	2.0710239241487782	1.8267160175409123	64391790	97.92897607585122	86.37680477431665	97.9289761
Eupercaria incertae sedis	Scatophagus argus	Sc. argus	YS-JXY-1-S	79655482	79655480	99.99999748918725	73312952	6342530	7.962452603073823	430294	0.5869276686607845	0.5401938312293434	72882658	99.41307233133922	91.49735356569684	99.41307230000001
Eupercaria incertae sedis	Scatophagus argus	Sc. argus	YS-JXY-2-B	81738528	81738516	99.99998531904073	75861224	5877304	7.190371717973683	485248	0.6396522154717672	0.5936588434770932	75375976	99.36034778452823	92.21596943854922	99.3603478
Eupercaria incertae sedis	Scatophagus argus	Sc. argus	YS-JXY-2-G	78188568	78188568	100	61292654	16895914	21.609187164036562	2338410	3.8151554018202574	2.990731330442067	58954244	96.18484459817974	75.40008150552137	96.18484459999999
Eupercaria incertae sedis	Scatophagus argus	Sc. argus	YS-JXY-2-H	76565268	76565264	99.99999477569908	68156670	8408598	10.982261565387585	658488	0.9661387506167775	0.8600348659394753	67498182	99.03386124938322	88.15770356867294	99.03386119999999
Eupercaria incertae sedis	Scatophagus argus	Sc. argus	YS-JXY-2-I	71498004	71498000	99.99999440543823	65157498	6340506	8.868088121732741	684258	1.0501600291650242	0.9570309123594555	64473240	98.94983997083497	90.1748809659078	98.94984
Eupercaria incertae sedis	Scatophagus argus	Sc. argus	YS-JXY-2-K	205682212	205682210	99.99999902762617	185121278	20560934	9.996457058717358	1599484	0.8640195321037055	0.777648190598028	183521794	99.13598046789629	89.22589475068462	99.1359805
Eupercaria incertae sedis	Scatophagus argus	Sc. argus	YS-JXY-2-M	72368128	72368128	100	63613916	8754212	12.096778294444759	806584	1.267936405612885	1.1145569497113426	62807332	98.73206359438711	86.7886647558439	98.7320636
Eupercaria incertae sedis	Scatophagus argus	Sc. argus	YS-JXY-2-P	75828864	75828864	100	65062858	10766006	14.19776775239571	2753140	4.231507936525014	3.6307282672730006	62309718	95.76849206347498	82.1715039803313	95.7684921
Eupercaria incertae sedis	Scatophagus argus	Sc. argus	YS-JXY-2-S	79527096	79527084	99.99998491080324	74408024	5119072	6.436890390163373	597548	0.8030693033858821	0.7513766125698843	73810476	99.19693069661412	92.81173299726674	99.1969307
Eupercaria incertae sedis	Scatophagus argus	Sc. argus	YS-JXY-3-B	77866296	77866286	99.99998715747311	72801598	5064698	6.504352024141485	417810	0.5739022376953868	0.5365736158812536	72383788	99.42609776230461	92.95907435997727	99.42609780000001
Eupercaria incertae sedis	Scatophagus argus	Sc. argus	YS-JXY-3-G	96362046	96362040	99.99999377348215	89121556	7240490	7.513840044450696	773384	0.8677855669396077	0.802581547510936	88348172	99.1322144330604	91.68357840803837	99.1322144
Eupercaria incertae sedis	Scatophagus argus	Sc. argus	YS-JXY-3-H	69927712	69927708	99.99999427980713	59988312	9939400	14.213821267311019	638392	1.0641939716523445	0.9129313425841817	59349920	98.93580602834766	84.8732473901048	98.935806
Eupercaria incertae sedis	Scatophagus argus	Sc. argus	YS-JXY-3-I	124456636	124456636	100	114360732	10095904	8.111985286184337	1154768	1.0097591890195317	0.9278476721803729	113205964	98.99024081098047	90.96016704163529	98.9902408
Eupercaria incertae sedis	Scatophagus argus	Sc. argus	YS-JXY-3-K	103860226	103860218	99.99999229734009	95956028	7904198	7.6104186409145695	426600	0.44457863553918675	0.41074434018658884	95529428	99.55542136446081	91.97883701889884	99.5554214
Eupercaria incertae sedis	Scatophagus argus	Sc. argus	YS-JXY-3-M	78222386	78222380	99.99999232956151	71231652	6990734	8.936999185885227	707520	0.9932663080732705	0.9044981062070901	70524132	99.00673369192673	90.15850270790769	99.0067337
Eupercaria incertae sedis	Scatophagus argus	Sc. argus	YS-JXY-3-P	75972692	75972690	99.99999736747515	65779898	10192794	13.416391774033753	1601298	2.434327277308943	2.1077283927230064	64178600	97.56567272269106	84.47587983324324	97.5656727
Eupercaria incertae sedis	Scatophagus argus	Sc. argus	YS-JXY-3-S	66895266	66895262	99.99999402050364	60980706	5914560	8.841522507736197	452194	0.7415361835922333	0.6759730950169179	60528512	99.25846381640777	90.48250439724688	99.2584638
Eupercaria incertae sedis	Siganus canaliculatus	Si. canaliculatus	YS-LZY-1-B	267084524	267084434	99.99996630280233	185493516	81591008	30.548759163597214	1784524	0.9620411745281706	0.6681495330669178	183708992	99.03795882547183	68.78309130333587	99.0379588
Eupercaria incertae sedis	Siganus canaliculatus	Si. canaliculatus	YS-LZY-1-G	86487860	86487718	99.99983581510746	55629044	30858816	35.67993935796307	892324	1.604061360464868	1.0317332397864856	54736720	98.39593863953513	63.288327402250445	98.3959386
Eupercaria incertae sedis	Siganus canaliculatus	Si. canaliculatus	YS-LZY-1-H	127105066	127104958	99.9999150309241	68712280	58392786	45.94056542168036	664522	0.9671080627800446	0.5228131505002326	68047758	99.03289193721996	53.536621427819405	99.0328919
Eupercaria incertae sedis	Siganus canaliculatus	Si. canaliculatus	YS-LZY-1-I	145575036	145575016	99.9999862613807	93714968	51860068	35.62428657067274	1024908	1.093643867007456	0.7040410417621329	92690060	98.90635613299254	63.67167238756513	98.90635610000001
Eupercaria incertae sedis	Siganus canaliculatus	Si. canaliculatus	YS-LZY-1-K	221483966	221483926	99.99998194000192	164398352	57085614	25.774151976310556	2321994	1.412419268047164	1.0483801793579948	162076358	98.58758073195284	73.17746784433145	98.5875807
Eupercaria incertae sedis	Siganus canaliculatus	Si. canaliculatus	YS-LZY-1-M	89594626	89594480	99.9998370437977	63918542	25676084	28.658062594066745	541082	0.846518057311132	0.60392238257683	63377460	99.15348194268887	70.73801502335643	99.1534819
Eupercaria incertae sedis	Siganus canaliculatus	Si. canaliculatus	YS-LZY-1-P	149129918	149129882	99.99997585997465	89847058	59282860	39.7524928565977	1393384	1.5508398727980608	0.934342363146743	88453674	98.44916012720194	59.31316478025556	98.4491601
Eupercaria incertae sedis	Siganus canaliculatus	Si. canaliculatus	YS-LZY-1-S	110852220	110851794	99.99961570458399	84622116	26230104	23.6622270622997	798970	0.9441621620522938	0.720752367431162	83823146	99.0558378379477	75.61702057026913	99.0558378
Eupercaria incertae sedis	Siganus canaliculatus	Si. canaliculatus	YS-LZY-2-B	210450804	210450770	99.99998384420522	169297462	41153342	19.554851403656315	1251222	0.7390671928679001	0.5945437015294083	168046240	99.2609328071321	79.85060489481428	99.2609328
Eupercaria incertae sedis	Siganus canaliculatus	Si. canaliculatus	YS-LZY-2-G	275841972	275841764	99.9999245945066	224088306	51753666	18.7620707699987	6259374	2.793262224044837	2.269188388777905	217828932	97.20673777595516	78.9687408412234	97.2067378
Eupercaria incertae sedis	Siganus canaliculatus	Si. canaliculatus	YS-LZY-2-H	77971884	77971826	99.99992561421243	57816114	20155770	25.850048717560806	557536	0.9643263122111597	0.7150474907083174	57258578	99.03567368778884	73.43490379173087	99.0356737
Eupercaria incertae sedis	Siganus canaliculatus	Si. canaliculatus	YS-LZY-2-I	345644742	345644642	99.99997106856033	258025632	87619110	25.349469947961772	11493744	4.454496985787831	3.3253056110426815	246531888	95.54550301421217	71.32522444099554	95.545503
Eupercaria incertae sedis	Siganus canaliculatus	Si. canaliculatus	YS-LZY-2-K	89895822	89895768	99.99993993046752	75071236	14824586	16.490850931870895	797718	1.0626147143760893	0.8873805058482028	74273518	98.9373852856239	82.6217685622809	98.9373853
Eupercaria incertae sedis	Siganus canaliculatus	Si. canaliculatus	YS-LZY-2-M	68124656	68124630	99.99996183466966	49221820	18902836	27.74742231358937	1357702	2.758333600829876	1.9929671277899736	47864118	97.24166639917013	70.25961055862065	97.2416664
Eupercaria incertae sedis	Siganus canaliculatus	Si. canaliculatus	YS-LZY-2-P	56902172	56901922	99.99956064945992	40886964	16015208	28.145161137258523	1885186	4.610726294082387	3.3130299490149513	39001778	95.38927370591762	68.54180891372653	95.3892737
Eupercaria incertae sedis	Siganus canaliculatus	Si. canaliculatus	YS-LZY-2-S	113441140	113441130	99.99999118485586	97959496	15481644	13.647292331512183	2849610	2.9089676002416347	2.511972288007684	95109886	97.09103239975836	83.84073538048013	97.0910324
Eupercaria incertae sedis	Siganus fuscescens	Si. fuscescens	YS-LZY-3-B	209193562	209192930	99.9996978874522	159308706	49884856	23.846267314861247	2503610	1.5715462530968018	1.1967911326066525	156805096	98.4284537469032	74.9569415525321	98.42845369999999
Eupercaria incertae sedis	Siganus fuscescens	Si. fuscescens	YS-LZY-3-G	152976544	152976120	99.99972283332535	121132684	31843860	20.816171660931236	3674988	3.033853357034506	2.4023212342932783	117457696	96.9661466429655	76.78150710477549	96.9661466
Eupercaria incertae sedis	Siganus fuscescens	Si. fuscescens	YS-LZY-3-H	186129618	186129066	99.999703432475755	128007688	58121930	31.22658855937694	2836970	2.2162496990024536	1.5241905240465277	125170718	97.78375030099754	67.24922091657653	97.78375030000001
Eupercaria incertae sedis	Siganus fuscescens	Si. fuscescens	YS-LZY-3-I	183252322	183251786	99.99970750711688	140207416	43044906	23.489419140893613	34817158	24.832607998424276	18.999572622059326	105390258	75.16739200157572	57.51100823704706	75.167392
Eupercaria incertae sedis	Siganus fuscescens	Si. fuscescens	YS-LZY-3-K	147497744	147497330	99.99971931774088	118281374	29216370	19.808011436432547	1586882	1.3416161364510357	1.07586865870979	116694492	98.65838386354896	79.11611990485767	98.6583839
Eupercaria incertae sedis	Siganus fuscescens	Si. fuscescens	YS-LZY-3-M	200411004	200409104	99.99905194826528	133407180	67003824	33.43320609281514	31753414	23.801877829963875	15.844146961111976	101653766	76.19812217003613	50.72264694607288	76.1981222
Eupercaria incertae sedis	Siganus fuscescens	Si. fuscescens	YS-LZY-3-P	127914378	127914014	99.99971543464801	93546364	34368014	26.867983519413276	22748882	24.31829632630083	17.784460477148237	70797482	75.68170367369918	55.347556003438484	75.6817037
Eupercaria incertae sedis	Siganus fuscescens	Si. fuscescens	YS-LZY-3-S	230494182	230493448	99.9996815537843	178537098	51957084	22.541603240987662	3710502	2.0782806719531197	1.6098028886473152	174826596	97.92171932804688	75.84859387036502	97.92171929999999
Eupercaria incertae sedis	Sillago sihama	Si. sihama	YS-SLS-2-B	88558426	88558426	100	84459488	4098938	4.628512706402438	555682	0.6579272656732184	0.6274750185826473	83903806	99.34207273432678	94.74401227501491	99.34207269999999
Eupercaria incertae sedis	Sillago sihama	Si. sihama	YS-SLS-2-G	67154062	67154036	99.99996128305686	62319946	4834116	7.19854593457057	704618	1.1306460374660787	1.0492559631016811	61615328	98.86935396253392	91.75219810232775	98.869354
Eupercaria incertae sedis	Sillago sihama	Si. sihama	YS-SLS-2-H	64080782	64080696	99.99986579439683	56744790	7335992	11.448037572325505	415594	0.7323914671285241	0.6485470167951446	56329196	99.26760853287148	87.90341541087935	99.26760850000001
Eupercaria incertae sedis	Sillago sihama	Si. sihama	YS-SLS-2-I	66826308	66826292	99.99997605733358	63875108	2951200	4.4162248197221965	778956	1.2194985251531787	1.1656427286092177	63096152	98.78050147484682	94.41813245166858	98.7805015
Eupercaria incertae sedis	Sillago sihama	Si. sihama	YS-SLS-2-K	74551050	74551040	99.9999865863727	70695458	3855592	5.171747413349644	581680	0.8227968478540729	0.7802438731580574	70113778	99.17720315214592	94.0480087134923	99.1772032
Eupercaria incertae sedis	Sillago sihama	Si. sihama	YS-SLS-2-M	73904076	73904058	99.99997564410386	70089994	3814082	5.1608547274172	600846	0.8572493243472099	0.813007932065885	69489148	99.14275067565279	94.02613734051691	99.14275070000001
Eupercaria incertae sedis	Sillago sihama	Si. sihama	YS-SLS-2-P	76032716	76032694	99.9999710650873	72357554	3675162	4.833658710810751	1771456	2.4481977375852146	2.329860214384555	70586098	97.55180226241478	92.8364810748047	97.5518023
Eupercaria incertae sedis	Sillago sihama	Si. sihama	YS-SLS-2-S	113083308	113083282	99.99997700810097	105526170	7557138	6.682805918624171	876066	0.8301883788637454	0.774708500745309	104650104	99.16981162113626	92.54248558063053	99.1698116
Eupercaria incertae sedis	Sillago sihama	Si. sihama	YS-SLS-3-B	73719864	73719852	99.99998372216204	70286220	3433644	4.657691717933718	597610	0.8502520124143822	0.8106498948505928	69688610	99.14974798758561	94.53165838721569	99.149748
Eupercaria incertae sedis	Sillago sihama	Si. sihama	YS-SLS-3-G	76916702	76916682	99.9999739978451	71930086	4986616	6.483138083585539	1315870	1.8293735947987049	1.7107727785832523	70614216	98.17062640520129	91.80608913783121	98.1706264
Eupercaria incertae sedis	Sillago sihama	Si. sihama	YS-SLS-3-H	84403406	84403378	99.99996682598331	75565392	8838014	10.47115800042477	479142	0.6340759801788628	0.5676808824515921	75086250	99.36592401982114	88.96116111712364	99.365924
Eupercaria incertae sedis	Sillago sihama	Si. sihama	YS-SLS-3-I	80796290	80796266	99.9999702956658	76020170	4776120	5.911311026781056	591322	0.7778488261733695	0.7318677627400961	75428848	99.22215117382663	93.35682121047884	99.2221512
Eupercaria incertae sedis	Sillago sihama	Si. sihama	YS-SLS-3-K	77555308	77555298	99.99998710597603	73357600	4197708	5.412534755196898	511604	0.6974110385290686	0.6596634236821031	72845996	99.30258896147093	93.927801821121	99.302589
Eupercaria incertae sedis	Sillago sihama	Si. sihama	YS-SLS-3-M	74394336	74394318	99.99997580460965	68469294	5925042	7.9643724489993435	641702	0.9372113578387415	0.8625683546661401	67827592	99.06278864216125	91.17305919633452	99.06278859999999
Eupercaria incertae sedis	Sillago sihama	Si. sihama	YS-SLS-3-P	74832096	74832064	99.9999572376003	70896654	3935442	5.259029494509949	1820574	2.5679265484094635	2.432878533831259	69076080	97.43207345159054	92.3080919716588	97.4320735
Eupercaria incertae sedis	Sillago sihama	Si. sihama	YS-SLS-3-S	68154020	68154008	99.99998239282144	64417026	3736994	5.483160054241848	518480	0.8048803743283647	0.7607474951587595	63898546	99.19511962567164	93.7560924505994	99.1951196
Gadiformes	Bregmaceros mcclellandi	Br. mcclellandi	YS-MSXX-1-B	96210168	96210154	99.99998544852349	68684826	27525342	28.609597688260976	680016	0.9900527374124818	0.7068026323371559	68004810	99.00994726258752	70.68359967940187	99.00994730000001
Gadiformes	Bregmaceros mcclellandi	Br. mcclellandi	YS-MSXX-1-G	75541306	75541306	100	54396298	21145008	27.991319080451163	4857850	8.930479055762214	6.43072016785095	49538448	91.06952094423778	65.57796075169789	91.0695209
Gadiformes	Bregmaceros mcclellandi	Br. mcclellandi	YS-MSXX-1-H	70683418	70683416	99.99999717048205	52740708	17942710	25.38461000853128	1803692	3.4199237522560373	2.5517894451567127	50937016	96.58007624774396	72.063600546312	96.5800762
Gadiformes	Bregmaceros mcclellandi	Br. mcclellandi	YS-MSXX-1-I	371679862	371679862	100	282937474	88742388	23.876028021125343	9954384	3.5182274936122457	2.6782145113904505	272983090	96.48177250638776	73.44575746748421	96.48177249999999
Gadiformes	Bregmaceros mcclellandi	Br. mcclellandi	YS-MSXX-1-K	85063734	85063634	99.99988244108823	81519536	3544198	4.166520599718794	635254	0.7792659663813591	0.7467976893654821	80884282	99.22073403361864	95.08668171091573	99.220734
Gadiformes	Bregmaceros mcclellandi	Br. mcclellandi	YS-MSXX-1-M	67255848	67255736	99.99983347173023	55489648	11766200	17.4946868560783	860984	1.5516119330942593	1.2801622841778755	54628664	98.44838806690574	81.22515085974382	98.44838809999999
Gadiformes	Bregmaceros mcclellandi	Br. mcclellandi	YS-MSXX-1-P	65884484	65884482	99.99999696438391	29671032	36213452	54.96506886204042	2310300	7.786382354344803	3.5065919314174185	27360732	92.21361764565519	41.528339206542164	92.21361759999999
Gadiformes	Bregmaceros mcclellandi	Br. mcclellandi	YS-MSXX-1-S	41490500	41490474	99.9999373350526	34601042	6889458	16.604904737229003	1495482	4.322072150312699	3.60439618707897	33105560	95.67792784968731	79.79069907569203	95.67792779999999
Gadiformes	Bregmaceros mcclellandi	Br. mcclellandi	YS-MSXX-2-B	79629054	79629054	100	71848314	7780740	9.771232495114157	816422	1.1363133726422585	1.0252815511283104	71031892	98.86368662735774	89.20348595375754	98.8636866
Gadiformes	Bregmaceros mcclellandi	Br. mcclellandi	YS-MSXX-2-G	69869054	69869046	99.99998855000956	57738730	12130324	17.361511721627146	5037126	8.723998605442135	7.209380564963711	52701604	91.27600139455787	75.42910771340914	91.2760014
Gadiformes	Bregmaceros mcclellandi	Br. mcclellandi	YS-MSXX-2-H	75939208	75939192	99.99997893051506	61025298	14913910	19.6392751422954	1556872	2.5511911469895647	2.050155698226402	59468426	97.44880885301043	78.31056915947819	97.44880889999999
Gadiformes	Bregmaceros mcclellandi	Br. mcclellandi	YS-MSXX-2-I	139171346	139171336	99.99999281461285	115730942	23440404	16.842837749086655	5388358	4.655935488713122	3.871743828647026	110342584	95.34406451128687	79.28541842226632	95.3440645
Gadiformes	Bregmaceros mcclellandi	Br. mcclellandi	YS-MSXX-2-K	62045236	62045210	99.99995809509049	30030492	32014744	51.599036548108224	1121710	3.7352368386105694	1.8078906170974995	28908782	96.26476316138942	46.59307283479428	96.2647632
Gadiformes	Bregmaceros mcclellandi	Br. mcclellandi	YS-MSXX-2-M	67750274	67750268	99.99999114394726	64626618	3123656	4.610543715291838	362324	0.5606420561880555	0.5347934091011942	64264294	99.43935794381194	94.85466287560696	99.4393579
Gadiformes	Bregmaceros mcclellandi	Br. mcclellandi	YS-MSXX-2-P	53419218	53419218	100	40835626	12583592	23.55630140448705	1465958	3.589899662613229	2.744252077969393	39369668	96.41010033738677	73.69944651754355	96.4101003
Gadiformes	Bregmaceros mcclellandi	Br. mcclellandi	YS-MSXX-2-S	21941634	21941632	99.99999088490857	21020296	921338	4.199040053261302	637160	3.031165688627791	2.9038858272815964	20383136	96.9688343113722	92.8970741194571	96.9688343
Gadiformes	Bregmaceros mcclellandi	Br. mcclellandi	YS-MSXX-3-B	74015822	74015808	99.99998108512528	66682552	7333270	9.907705949681947	1261308	1.8915112906896545	1.7041059140030899	65421244	98.10848870931035	88.38818813631497	98.1084887
Gadiformes	Bregmaceros mcclellandi	Br. mcclellandi	YS-MSXX-3-G	71607100	71607066	99.99995251867482	51848684	19758416	27.592816913406633	6060228	11.688296659564203	8.46316636199483	45788456	88.3117033404358	63.94401672459854	88.3117033
Gadiformes	Bregmaceros mcclellandi	Br. mcclellandi	YS-MSXX-3-H	101242338	101242338	100	68597874	32644464	32.243885952139905	1772870	2.5844386955782332	1.7511152300730155	66825004	97.41556130442177	66.00499881778708	97.4155613
Gadiformes	Bregmaceros mcclellandi	Br. mcclellandi	YS-MSXX-3-I	71549724	71549724	100	53216472	18333252	25.623092550294114	925730	1.739555376763796	1.293827492611991	52290742	98.26044462323621	73.0830799570939	98.2604446
Gadiformes	Bregmaceros mcclellandi	Br. mcclellandi	YS-MSXX-3-K	74893742	74893734	99.99998931819964	57693700	17200042	22.96592684606412	1412906	2.4489779646651195	1.8865474768238981	56280794	97.55102203533488	75.14752567711199	97.551022
Gadiformes	Bregmaceros mcclellandi	Br. mcclellandi	YS-MSXX-3-M	85121528	85121524	99.99999530083623	65167726	19953802	23.44154583315281	2293150	3.5188430543057465	2.693971846933951	62874576	96.48115694569425	73.86448231991324	96.4811569
Gadiformes	Bregmaceros mcclellandi	Br. mcclellandi	YS-MSXX-3-P	68991356	68991352	99.99999420217223	49679488	19311868	27.99172116576459	1297922	2.6125913374952656	1.8812820551026712	48381566	97.38740866250474	70.12699677913274	97.3874087
Gadiformes	Bregmaceros mcclellandi	Br. mcclellandi	YS-MSXX-3-S	108857922	108857888	99.99996876662775	83471828	25386094	23.320391877405118	1318212	1.5792298211080271	1.2109472381807913	82153616	98.42077017889197	75.46866088441409	98.42077019999999
Gobiiformes	Odontamblyopus rubicundus	Od. rubicundus	YS-LYXHY-1-B	79073690	79073668	99.99997217785081	69444146	9629544	12.177936808058407	367278	0.5288825929258314	0.46447560497050283	69076868	99.47111740707417	87.35758758697109	99.4711174
Gobiiformes	Odontamblyopus rubicundus	Od. rubicundus	YS-LYXHY-1-G	69880740	69880734	99.99999141394323	66603056	3277684	4.6903968103371545	1415112	2.1246952992667483	2.0250386587205575	65187944	97.87530470073325	93.28456453094229	97.8753047
Gobiiformes	Odontamblyopus rubicundus	Od. rubicundus	YS-LYXHY-1-H	73009140	73009114	99.99996438802046	70742564	2266576	3.1045099284829267	697174	0.9855085263802426	0.9549133163327221	70045390	99.01449147361976	95.94057675518435	99.0144915
Gobiiformes	Odontamblyopus rubicundus	Od. rubicundus	YS-LYXHY-1-I	80551248	80551240	99.99999006843444	78389138	2162110	2.6841421501005174	908422	1.158862086224242	1.127756580506363	77480716	98.84113791377575	96.18810126939312	98.84113789999999
Gobiiformes	Odontamblyopus rubicundus	Od. rubicundus	YS-LYXHY-1-K	88636218	88636190	99.9999684102045	84617668	4018550	4.5337561672588516	698838	0.8258771678746807	0.7884339108421796	83918830	99.17412283212532	94.67780992189897	99.17412279999999
Gobiiformes	Odontamblyopus rubicundus	Od. rubicundus	YS-LYXHY-1-M	82263446	82263412	99.9999586693706	61326312	20937134	25.451321356024888	905302	1.4762048629306128	1.100491219392876	60421010	98.52379513706938	73.44818742458224	98.5237951
Gobiiformes	Odontamblyopus rubicundus	Od. rubicundus	YS-LYXHY-1-P	80960294	80960286	99.99999011861296	55366288	25594006	31.61303490325764	1043588	1.884879838792877	1.2890121174708185	54322700	98.11512016120712	67.09795297927154	98.11512019999999
Gobiiformes	Odontamblyopus rubicundus	Od. rubicundus	YS-LYXHY-1-S	81435616	81435604	99.99998526443271	78143958	3291658	4.042037331675615	663450	0.8490099772013083	0.8146926769731809	77480508	99.1509900227987	95.1432699913512	99.15099000000001
Gobiiformes	Odontamblyopus rubicundus	Od. rubicundus	YS-LYXHY-2-B	63824970	63824962	99.99998746572071	61368082	2456888	3.8494150486870575	390382	0.6361319879607774	0.6116446274867031	60977700	99.36386801203922	95.53894032382624	99.363868
Gobiiformes	Odontamblyopus rubicundus	Od. rubicundus	YS-LYXHY-2-G	71325762	71325742	99.99997195964062	67974312	3351450	4.698793123303751	2033632	2.9917654775233324	2.8511886070000907	65940680	97.00823452247667	92.45001826969616	97.0082345
Gobiiformes	Odontamblyopus rubicundus	Od. rubicundus	YS-LYXHY-2-H	81163852	81163824	99.99996550188376	73522332	7641520	9.414930183451618	2382574	3.2406126617420132	2.9355112421229097	71139758	96.75938733825798	87.64955857442547	96.7593873
Gobiiformes	Odontamblyopus rubicundus	Od. rubicundus	YS-LYXHY-2-I	73786534	73786510	99.99996747373986	68569554	5216980	7.070368693561348	829422	1.2096068176263768	1.1240831558777378	67740132	98.79039318237362	91.80554815056091	98.79039320000001
Gobiiformes	Odontamblyopus rubicundus	Od. rubicundus	YS-LYXHY-2-K	65477256	65477178	99.99988087466585	31340184	34137072	52.13577062545199	972694	3.1036639733831812	1.4855448432353366	30367490	96.89633602661682	46.37868453131267	96.896336
Gobiiformes	Odontamblyopus rubicundus	Od. rubicundus	YS-LYXHY-2-M	70000286	70000272	99.99998000008172	64154032	5846254	8.351757305677294	6385092	9.952752463009652	9.121522732064266	57768940	90.04724753699035	82.52671996225844	90.04724750000001
Gobiiformes	Odontamblyopus rubicundus	Od. rubicundus	YS-LYXHY-2-P	77679812	77679790	99.99997167861324	75023736	2656076	3.4192616223118564	802666	1.0698827368447767	1.0333006470201036	74221070	98.93011726315522	95.54743773066804	98.93011729999999
Gobiiformes	Odontamblyopus rubicundus	Od. rubicundus	YS-LYXHY-2-S	86269496	86269476	99.99997681683453	84516282	1753214	2.0322525125219233	763260	0.9030922586017213	0.8847391434858968	83753022	99.09690774139828	97.08300834399218	99.0969077
Gobiiformes	Odontamblyopus rubicundus	Od. rubicundus	YS-LYXHY-3-B	100097274	100097252	99.99997802137948	97292664	2804610	2.801884494876454	539604	0.5546194109763507	0.5390796156946293	96753060	99.44538058902364	96.65903588942892	99.4453806
Gobiiformes	Odontamblyopus rubicundus	Od. rubicundus	YS-LYXHY-3-G	81311918	81311910	99.99999016134387	76822306	4489612	5.521468574877302	1624258	2.1143051863087785	1.9975644898697384	75198048	97.88569481369122	92.48096693525297	97.8856948
Gobiiformes	Odontamblyopus rubicundus	Od. rubicundus	YS-LYXHY-3-H	75790240	75790218	99.99997097251573	72486524	3303716	4.359025647629563	716136	0.9879574305425378	0.9448921127575266	71770388	99.01204256945746	94.6960822396129	99.0120426
Gobiiformes	Odontamblyopus rubicundus	Od. rubicundus	YS-LYXHY-3-I	82395598	82395586	99.99998543611517	77947446	4448152	5.398531120558164	1405098	1.8026222437102044	1.7053071208974053	76542348	98.1973777562898	92.89616175854444	98.1973778
Gobiiformes	Odontamblyopus rubicundus	Od. rubicundus	YS-LYXHY-3-K	75441850	75441830	99.99997348951544	71624150	3817700	5.060453846240515	325526	0.4544919555764362	0.43149259992961464	71298624	99.54550804442357	94.50805355382987	99.545508
Gobiiformes	Odontamblyopus rubicundus	Od. rubicundus	YS-LYXHY-3-M	78515118	78515106	99.99998471631922	74225254	4289864	5.463742664183476	760060	1.023991106854279	0.9680428678716372	73465194	98.97600889314572	93.56821446794488	98.9760089
Gobiiformes	Odontamblyopus rubicundus	Od. rubicundus	YS-LYXHY-3-P	48017336	48017336	100	33403050	14614286	30.435436901372455	745326	2.2313112125988495	1.552201896415078	32657724	97.76868878740115	68.01236120221247	97.7686888
Gobiiformes	Odontamblyopus rubicundus	Od. rubicundus	YS-LYXHY-3-S	84991982	84991954	99.99996705571591	82324696	2667286	3.138279561476752	558576	0.678503568358151	0.6572102295484767	81766120	99.32149643164185	96.20451020897477	99.3214964
Lutjaniformes	Lutjanus johnii	Lu. johnii	YS-YSDD-1-B	97231242	97231162	99.99991772191905	74344550	22886692	23.538413712744717	1474520	1.9833599100404804	1.5165084490024308	72870030	98.01664008995952	74.94507783825286	98.01664009999999
Lutjaniformes	Lutjanus johnii	Lu. johnii	YS-YSDD-1-G	70412630	70412544	99.99987786282092	63267982	7144648	10.146827351854348	7638414	12.073111483151147	10.848073704958898	55629568	87.92688851684885	79.00509894318675	87.9268885
Lutjaniformes	Lutjanus johnii	Lu. johnii	YS-YSDD-1-I	47110208	47110160	99.99989811125435	43738064	3372144	7.157990047507326	1273994	2.9127809589377343	2.704284387791283	42464070	97.08721904106227	90.1377255647014	97.087219
Lutjaniformes	Lutjanus johnii	Lu. johnii	YS-YSDD-1-K	88158030	88157964	99.99992513444323	73006202	15151828	17.18712180841609	2056600	2.817020942960435	2.3328561221252335	70949602	97.18297905703956	80.48002206945867	97.1829791
Lutjaniformes	Lutjanus johnii	Lu. johnii	YS-YSDD-1-P	40118604	40118584	99.9999501478167	32013660	8104944	20.20245769269539	682796	2.132827049453265	1.7019435671291054	31330864	97.86717295054673	78.0955987401755	97.867173
Lutjaniformes	Lutjanus johnii	Lu. johnii	YS-YSDD-2-B	94244944	94244918	99.99997241231317	83796444	10448500	11.086536376954077	417558	0.49830038133837756	0.44305612829479746	83378886	99.50169961866162	88.47040749475113	99.50169960000001
Lutjaniformes	Lutjanus johnii	Lu. johnii	YS-YSDD-2-H	82516216	82516142	99.99991032065746	69557774	12958442	15.704115661338616	685630	0.9856985935173831	0.8309033463192254	68872144	99.01430140648262	83.46498099234216	99.01430140000001
Lutjaniformes	Lutjanus johnii	Lu. johnii	YS-YSDD-2-M	76988496	76988492	99.99999480441858	62757110	14231386	18.48508119966391	5840888	9.307133486548377	7.586702304198798	56916222	90.69286651345162	73.9282164961373	90.69286650000001
Lutjaniformes	Lutjanus johnii	Lu. johnii	YS-YSDD-3-G	80824118	80824102	99.99998020392873	72776718	8047400	9.956681494501431	1009894	1.387660817570806	1.2494958497412865	71766824	98.6123391824292	88.79382265575728	98.6123392
Lutjaniformes	Lutjanus johnii	Lu. johnii	YS-YSDD-3-H	78734734	78734722	99.99998475895022	70086994	8647740	10.983386315879342	793620	1.1323356227833083	1.0079668269406994	69293374	98.8676643772167	88.00864685717995	98.8676644
Lutjaniformes	Lutjanus johnii	Lu. johnii	YS-YSDD-3-M	72003854	72003788	99.99990833823978	60016002	11987852	16.648903265650198	556736	0.9276459301637586	0.7732030566030536	59459266	99.07235406983624	82.57789367774674	99.0723541
Mugiliformes	Chelon carinatus	Ch. carinatus	YS-ZY-1-B	124456106	124456030	99.99993893429384	123430668	1025438	0.823935468461467	265520	0.21511671637392418	0.21334429344912978	123165148	99.78488328362607	98.9627202380894	99.7848833
Mugiliformes	Chelon carinatus	Ch. carinatus	YS-ZY-1-G	105453930	105453920	99.99999051718603	97295858	8158072	7.736147908380465	647400	0.6653931763467259	0.6139173760522723	96648458	99.33460682365327	91.64993471556727	99.3346068
Mugiliformes	Chelon carinatus	Ch. carinatus	YS-ZY-1-H	124096906	124096896	99.99999194178137	114026224	10070682	8.115175732100846	461270	0.4045297509807919	0.3717014508000707	113564954	99.59547024901921	91.51312281709909	99.59547020000001
Mugiliformes	Chelon carinatus	Ch. carinatus	YS-ZY-1-I	114732234	114732224	99.99999128405362	108421650	6310584	5.500271179239829	1644868	1.5171029033407994	1.4336581295889348	106776782	98.4828970966592	93.06607069117123	98.4828971
Mugiliformes	Chelon carinatus	Ch. carinatus	YS-ZY-1-K	65683846	65683844	99.99999695511131	59881742	5802104	8.8333804326866	246914	0.4123360339116387	0.375912823375172	59634828	99.58766396608836	90.79070674393823	99.587664
Mugiliformes	Chelon carinatus	Ch. carinatus	YS-ZY-1-M	98572830	98572830	100	83408026	15164804	15.384365042578162	874066	1.047939918875433	0.8867210163287389	82533960	98.95206008112457	83.7289139410931	98.95206010000001
Mugiliformes	Chelon carinatus	Ch. carinatus	YS-ZY-1-P	185771082	185771082	100	173038080	12733002	6.8541356722032765	1626336	0.9398717322799698	0.8754516486048135	171411744	99.06012826772003	92.2704126791919	99.0601283
Mugiliformes	Chelon carinatus	Ch. carinatus	YS-ZY-1-S	93523076	93523006	99.99992515216245	92618102	904974	0.9676478134658445	329034	0.3552588456196176	0.3518211911678354	92289068	99.64474115438038	98.68053099536633	99.6447412
Mugiliformes	Moolgarda cunnesius	Mo. cunnesius	YS-Z-1-B	80275000	80274998	99.9999975085643	75154004	5120996	6.379316100903146	274070	0.36467784204817616	0.34141388975397075	74879934	99.63532215795182	93.27927000934288	99.6353222
Mugiliformes	Moolgarda cunnesius	Mo. cunnesius	YS-Z-1-G	72080706	72080704	99.9999972253324	68328484	3752222	5.205584418110444	352934	0.5165254361563181	0.4896372685361878	67975550	99.48347456384369	94.30477831335337	99.4834746
Mugiliformes	Moolgarda cunnesius	Mo. cunnesius	YS-Z-1-H	132037630	132037630	100	118886580	13151050	9.960077290087682	892394	0.7506263532856273	0.6758633883386123	117994186	99.24937364671437	89.3640593215737	99.2493736
Mugiliformes	Moolgarda cunnesius	Mo. cunnesius	YS-Z-1-I	69486028	69486020	99.99998848689408	64042766	5443262	7.83360649136543	995494	1.55442068195493	1.4326534825101818	63047272	98.44557931804508	90.7337400261244	98.44557929999999
Mugiliformes	Moolgarda cunnesius	Mo. cunnesius	YS-Z-1-K	83249016	83249014	99.9999975975692	77862064	5386952	6.470889697963517	612866	0.78711758784098	0.7361840769385191	77249198	99.21288241215902	92.79292622509796	99.2128824
Mugiliformes	Moolgarda cunnesius	Mo. cunnesius	YS-Z-1-M	102407178	102407174	99.9999960940238	91462084	10945094	10.687819168300878	1320334	1.4435861750099637	1.2892982950863072	90141750	98.55641382499003	88.02288253661281	98.5564138
Mugiliformes	Moolgarda cunnesius	Mo. cunnesius	YS-Z-1-P	76462836	76462836	100	67534744	8928092	11.67638092837676	1380042	2.043454847478211	1.8048532753872744	66154702	97.95654515252178	86.51876579623597	97.9565452
Mugiliformes	Moolgarda cunnesius	Mo. cunnesius	YS-Z-1-S	81978058	81978058	100	76981632	4996426	6.0948333272300745	365868	0.47526661944501253	0.4462999111298782	76615764	99.52473338055499	93.45886676164005	99.5247334
Mugiliformes	Moolgarda cunnesius	Mo. cunnesius	YS-Z-2-B	104148822	104148816	99.99999423901309	99247026	4901796	4.70653043008014	362418	0.36516761721404123	0.34798089218906386	98884608	99.63483238278596	94.9454886777308	99.6348324
Mugiliformes	Moolgarda cunnesius	Mo. cunnesius	YS-Z-2-G	79266956	79266952	99.99999495376106	69212154	10054802	12.684733345885011	672742	0.971999802231267	0.8487042191957012	68539412	99.02800019776873	86.46656243491928	99.0280002
Mugiliformes	Moolgarda cunnesius	Mo. cunnesius	YS-Z-2-H	77566722	77566722	100	69424998	8141724	10.496413655330182	376176	0.5418451722533719	0.48497086160222164	69048822	99.45815482774663	89.01861548306759	99.4581548
Mugiliformes	Moolgarda cunnesius	Mo. cunnesius	YS-Z-2-I	76133724	76133724	100	70551052	5582672	7.332718940689149	739912	1.0487611155677736	0.9718584106039526	69811140	98.95123888443223	91.6954226487069	98.9512389
Mugiliformes	Moolgarda cunnesius	Mo. cunnesius	YS-Z-2-K	66984440	66984434	99.99999104269588	62083016	4901424	7.317257560113961	394696	0.6357551959138068	0.5892353507769864	61688320	99.3642448040862	92.09350708910905	99.3642448
Mugiliformes	Moolgarda cunnesius	Mo. cunnesius	YS-Z-2-M	81259494	81259492	99.99999753874913	72074372	9185122	11.30344473963867	658752	0.9139892332325837	0.8106769653278915	71415620	99.08601076676742	87.88587829503344	99.0860108
Mugiliformes	Moolgarda cunnesius	Mo. cunnesius	YS-Z-2-P	129651440	129651432	99.99999382960961	115734758	13916682	10.733920116891875	2388412	2.063694642192106	1.8421793078426278	113346346	97.9363053578079	87.42390057526549	97.9363054
Mugiliformes	Moolgarda cunnesius	Mo. cunnesius	YS-Z-2-S	105158042	105158034	99.99999239240304	97177914	7980128	7.588699683092235	602064	0.6195481825222139	0.5725325315585469	96575850	99.38045181747779	91.83876778534922	99.3804518
Mugiliformes	Moolgarda cunnesius	Mo. cunnesius	YS-Z-3-B	79931046	79931044	99.99999749784332	74012856	5918190	7.404119295523794	264892	0.3578999842946204	0.33140064249878576	73747964	99.64210001570538	92.26448006197742	99.6421
Mugiliformes	Moolgarda cunnesius	Mo. cunnesius	YS-Z-3-G	70019140	70019136	99.99999428727631	63660522	6358618	9.081256924892251	451118	0.7086306958023373	0.6442781216678753	63209404	99.29136930419766	90.27446495343987	99.2913693
Mugiliformes	Moolgarda cunnesius	Mo. cunnesius	YS-Z-3-H	104457708	104457704	99.99999617069905	93635342	10822366	10.360524088849433	1084034	1.1577188450916323	1.0377731052647643	92551308	98.84228115490836	88.60170280588581	98.8422812
Mugiliformes	Moolgarda cunnesius	Mo. cunnesius	YS-Z-3-I	72474108	72474104	99.99999448078754	66961522	5512586	7.606283336388217	1661100	2.480678381235122	2.29199095489385	65300422	97.51932161876488	90.10172570871794	97.5193216
Mugiliformes	Moolgarda cunnesius	Mo. cunnesius	YS-Z-3-K	86431938	86431894	99.99994909289202	73162916	13269022	15.35198944630861	1288096	1.7605859230651768	1.490300957963016	71874820	98.23941407693482	83.15770959572838	98.2394141
Mugiliformes	Moolgarda cunnesius	Mo. cunnesius	YS-Z-3-M	77453714	77453712	99.99999741781265	67180266	10273448	13.263983699994037	444314	0.6613757676994015	0.5736509936760424	66735952	99.3386242323006	86.16236530632992	99.3386242
Mugiliformes	Moolgarda cunnesius	Mo. cunnesius	YS-Z-3-P	61016948	61016946	99.99999672222216	53098870	7918078	12.976850300673838	957140	1.8025619000931659	1.5686461407410939	52141730	98.19743809990683	85.45450355858507	98.1974381
Mugiliformes	Moolgarda cunnesius	Mo. cunnesius	YS-Z-3-S	81058124	81058122	99.99999753263474	71206916	9851208	12.15326424282901	1096708	1.5401706205054577	1.3529896152050103	70110208	98.45982937949454	86.49374614196599	98.4598294
Myctophiformes	Benthosema pterotum	Be. pterotum	YS-QXDDY-1-B	182903150	182903108	99.99997703702752	167591854	15311296	8.37125877821131	1543216	0.9208180249620008	0.8437339652160173	166048638	99.079181975038	90.78500725657267	99.079182
Myctophiformes	Benthosema pterotum	Be. pterotum	YS-QXDDY-1-G	88051794	88051780	99.99998410026717	77378868	10672926	12.121190852738332	1255608	1.6226755863112394	1.4259879815736634	76123260	98.37732441368875	86.45282116568801	98.37732439999999
Myctophiformes	Benthosema pterotum	Be. pterotum	YS-QXDDY-1-H	174321896	174321860	99.99997934854953	150645260	23676636	13.58213543065181	1589430	1.0550813215098835	0.9117787475189003	149055830	98.94491867849011	85.50608582182929	98.94491869999999
Myctophiformes	Benthosema pterotum	Be. pterotum	YS-QXDDY-1-I	138861902	138861866	99.99997407496262	118890420	19971482	14.382261593968373	3652404	3.0720759502742103	2.6302419507403836	115238016	96.92792404972579	82.98749645529125	96.927924
Myctophiformes	Benthosema pterotum	Be. pterotum	YS-QXDDY-1-K	79623618	79623470	99.99981412550231	55999492	23624126	29.66974698386602	733458	1.3097583099503831	0.9211563332879448	55266034	98.69024169004962	69.40909668284604	98.6902417
Myctophiformes	Benthosema pterotum	Be. pterotum	YS-QXDDY-1-M	119717162	119717154	99.99999331758299	99838576	19878586	16.60462515808719	2118796	2.1222217752785255	1.769834804470223	97719780	97.87777822472147	81.62554003744259	97.8777782
Myctophiformes	Benthosema pterotum	Be. pterotum	YS-QXDDY-1-P	72892314	72892204	99.99984909245713	52614324	20277990	27.819105866223428	8420438	16.004079041289213	11.551887349878891	44193886	83.99592095871078	60.62900678389768	83.995921
Myctophiformes	Benthosema pterotum	Be. pterotum	YS-QXDDY-1-S	240941942	240941940	99.99999916992451	206953036	33988906	14.106678861250318	7762120	3.750667373635437	3.221572772082994	199190916	96.24933262636456	82.67174836666669	96.2493326
Myctophiformes	Benthosema pterotum	Be. pterotum	YS-QXDDY-2-B	101308532	101308522	99.99999012916307	88053290	13255242	13.084033238187677	869698	0.9876950651134103	0.8584647145020323	87183592	99.01230493488659	86.0575020473103	99.0123049
Myctophiformes	Benthosema pterotum	Be. pterotum	YS-QXDDY-2-G	102402330	102402314	99.99998437535552	97260984	5141346	5.0207314618720105	2265108	2.3288968575518423	2.2119692003101883	94995876	97.67110314244816	92.7672993378178	97.6711031
Myctophiformes	Benthosema pterotum	Be. pterotum	YS-QXDDY-2-H	81135254	81135060	99.99976089308848	70816940	10318314	12.717423673807689	561078	0.7922934823221676	0.6915341634352928	70255862	99.20770651767783	86.59104216275702	99.2077065
Myctophiformes	Benthosema pterotum	Be. pterotum	YS-QXDDY-2-I	106232278	106231846	99.99959334393638	92009204	14223074	13.388655753009457	3530300	3.8368987519987674	3.3231895865021364	88478904	96.16310124800123	83.2881546604884	96.1631012
Myctophiformes	Benthosema pterotum	Be. pterotum	YS-QXDDY-2-K	137982498	137982464	99.99997535919374	124701544	13280954	9.625100423968263	1130690	0.906716920842616	0.8194445066504014	123570854	99.09328307915739	89.55545506938134	99.0932831
Myctophiformes	Benthosema pterotum	Be. pterotum	YS-QXDDY-2-M	103287990	103287964	99.99997482766389	89012280	14275710	13.82126808741268	1292494	1.4520401005344432	1.251349745502841	87719786	98.54795989946555	84.92738216708447	98.54795990000001
Myctophiformes	Benthosema pterotum	Be. pterotum	YS-QXDDY-2-P	34982140	34982106	99.99990280754693	32501018	2481122	7.092539221442713	1173726	3.6113514967438864	3.355214975413168	31327292	96.3886485032561	89.55224580314412	96.3886485
Myctophiformes	Benthosema pterotum	Be. pterotum	YS-QXDDY-2-S	151018816	151018560	99.99983048469933	138752920	12265896	8.12209784507912	7742052	5.579739871420363	5.12654793956271	131010868	94.42026012857964	86.75135421535818	94.4202601
Myctophiformes	Benthosema pterotum	Be. pterotum	YS-QXDDY-3-B	127570196	127570162	99.99997334800678	118504552	9065644	7.106396544221035	964220	0.8136565083170814	0.7558348503282067	117540332	99.18634349168292	92.13776860545076	99.18634349999999
Myctophiformes	Benthosema pterotum	Be. pterotum	YS-QXDDY-3-G	174000568	174000512	99.99996781619701	156511448	17489120	10.051185580037878	3533504	2.2576648834020117	2.0307427961959297	152977944	97.74233511659799	87.9180716237662	97.7423351
Myctophiformes	Benthosema pterotum	Be. pterotum	YS-QXDDY-3-H	133178506	133178472	99.99997447035484	118138500	15040006	11.293118125232612	932044	0.7889417928956267	0.6998456642845956	117206456	99.21105820710437	88.0070362104828	99.2110582
Myctophiformes	Benthosema pterotum	Be. pterotum	YS-QXDDY-3-I	116416042	116416022	99.9999828202371	109257910	7158132	6.148750530446654	461278	0.42219185777945045	0.39623233368473393	108796632	99.57780814222055	93.45501713586862	99.5778081
Myctophiformes	Benthosema pterotum	Be. pterotum	YS-QXDDY-3-K	75978756	75978650	99.99986048731833	65879138	10099618	13.292686708374115	723330	1.0979651858832762	0.9520161135567947	65155808	98.90203481411672	85.75529717806909	98.90203480000001
Myctophiformes	Benthosema pterotum	Be. pterotum	YS-QXDDY-3-M	155452598	155452562	99.99997684181515	129700118	25752480	16.56613033897317	2260458	1.7428341892487715	1.4541140058656337	127439660	98.25716581075123	81.9797556551612	98.2571658
Myctophiformes	Benthosema pterotum	Be. pterotum	YS-QXDDY-3-P	89281932	89281922	99.999988799525525	56184278	33097654	37.070942864453244	4689368	8.346406088906225	5.252314656452551	51494910	91.65359391109378	57.6767424790942	91.65359389999999
Myctophiformes	Benthosema pterotum	Be. pterotum	YS-QXDDY-3-S	85976154	85976068	99.9998999722644	57569464	28406690	33.0401962385989	5504650	9.561753084934054	6.402531101821559	52064814	90.43824691506595	60.55727265957954	90.4382469
Perciformes	Inegocia japonica	In. japonica	YS-Y-1-B	86086452	86086448	99.99999535350813	81569246	4517206	5.24729024725052	3879832	4.756488738414966	4.5069019687325484	77689414	95.24351126158503	90.24580778401693	95.24351130000001
Perciformes	Inegocia japonica	In. japonica	YS-Y-1-G	97018162	97018162	100	89603198	7414964	7.642861756131805	2982602	3.32867806794128	3.074271804901849	86620596	96.67132193205872	89.28286643896635	96.6713219
Perciformes	Inegocia japonica	In. japonica	YS-Y-1-H	84820650	84820650	100	78153482	6667168	7.860312317814117	857434	1.0971155450245966	1.0108788366983747	77296048	98.9028844549754	91.12880884548751	98.9028845
Perciformes	Inegocia japonica	In. japonica	YS-Y-1-I	111699110	111699000	99.9999015211491	110876594	822516	0.7363675502875537	892848	0.8052628312157568	0.7993331370321572	109983746	99.19473716878424	98.46429931268028	99.1947372
Perciformes	Inegocia japonica	In. japonica	YS-Y-1-K	85883300	85883276	99.99997205510267	80310864	5572436	6.488381326753863	424654	0.5287628333820441	0.4944546844380689	79886210	99.47123716661795	93.01716398880806	99.47123719999999
Perciformes	Inegocia japonica	In. japonica	YS-Y-1-M	90366482	90366476	99.99999336037006	85423456	4943026	5.469977242225718	1048028	1.2268620927722709	1.1597530155041336	84375428	98.77313790722773	93.37026974227015	98.7731379
Perciformes	Inegocia japonica	In. japonica	YS-Y-1-P	118227080	118227080	100	94981922	23245158	19.661449813359173	8871184	9.339865748347354	7.503512731600916	86110738	90.66013425165265	72.83503745503991	90.6601343
Perciformes	Inegocia japonica	In. japonica	YS-Y-1-S	89169384	89169382	99.9999977570777	86067350	3102034	3.4788106195731934	589500	0.6849287215186711	0.6611013484179727	85477850	99.31507127848133	95.86008803200883	99.3150713
Perciformes	Inegocia japonica	In. japonica	YS-Y-2-B	74029474	74029474	100	70167008	3862466	5.217470544232152	925130	1.3184686455492016	1.2496779323327354	69241878	98.6815313544508	93.53285152343511	98.6815314
Perciformes	Inegocia japonica	In. japonica	YS-Y-2-G	174431624	174431610	99.99999197393244	157368764	17062860	9.781976231557644	338048	0.21481264223438903	0.19379972062864015	157030716	99.78518735776561	90.02422404781372	99.7851874
Perciformes	Inegocia japonica	In. japonica	YS-Y-2-H	97613810	97613806	99.99999590221917	92351130	5262680	5.39132731321521	9360346	10.135605270882987	9.589161615554193	82990784	89.86439472911701	85.0195110712306	89.8643947
Perciformes	Inegocia japonica	In. japonica	YS-Y-2-I	229102740	229102720	99.9999912702921	218462776	10639964	4.644188890975289	4069262	1.8626798004251306	1.7761734320593459	214393514	98.13732019957487	93.57963767696536	98.1373202
Perciformes	Inegocia japonica	In. japonica	YS-Y-2-K	230907346	230907340	99.99999740155516	222855414	8051932	3.4870835161736258	1234082	0.5537590394819845	0.5344489992968868	221621332	99.44624096051801	95.97846748452949	99.446241
Perciformes	Inegocia japonica	In. japonica	YS-Y-2-M	87152516	87152500	99.99998164137912	80895370	6257146	7.179535700380698	1136064	1.4043622026823044	1.3035355169780756	79759306	98.59563779731769	91.51692878264123	98.5956378
Perciformes	Inegocia japonica	In. japonica	YS-Y-2-P	79825258	79824970	99.99963921193967	69523294	10301964	12.905644476589101	519726	0.7475566390740922	0.6510796369740515	69003568	99.25244336092591	86.44327588643685	99.2524434
Perciformes	Inegocia japonica	In. japonica	YS-Y-2-S	86591904	86591900	99.99999538063051	80586864	6005040	6.934874650637085	3587956	4.452283935505916	4.143523625488129	76998908	95.54771606449408	88.92160172387479	95.5477161
Perciformes	Kumococius rodericensis	Ku. rodericensis	YS-DLLY-1-B	138160232	138160214	99.99998697164898	130742336	7417896	5.369052941370278	940666	0.7194807961821946	0.6808514913321801	129801670	99.2805192038178	93.95009556729754	99.2805192
Perciformes	Kumococius rodericensis	Ku. rodericensis	YS-DLLY-1-G	126172776	126172764	99.999990489232	120040240	6132536	4.860427260473369	1380446	1.1499860380152522	1.0940918031319213	118659794	98.85001396198474	94.04548093639471	98.850014
Perciformes	Kumococius rodericensis	Ku. rodericensis	YS-DLLY-1-H	51810550	51810546	99.99999227956468	47789164	4021386	7.7617126241663135	565044	1.1823684549074764	1.0905964132787627	47224120	98.81763154509252	91.14769096255492	98.8176315
Perciformes	Kumococius rodericensis	Ku. rodericensis	YS-DLLY-1-I	186419930	186419916	99.99999249007335	169687528	16732402	8.975650833041296	5947328	3.5048704345554493	3.1902855021992553	163740200	96.49512956544456	87.83406366475946	96.4951296
Perciformes	Kumococius rodericensis	Ku. rodericensis	YS-DLLY-1-K	80769078	80768982	99.99988114263233	80050052	719026	0.8902243504624381	1360002	1.6989395584652462	1.6838151848161496	78690050	98.30106044153476	97.42596046472141	98.3010604
Perciformes	Kumococius rodericensis	Ku. rodericensis	YS-DLLY-1-M	79454322	79454318	99.9999949656609	74487998	4966324	6.250539775545501	162340	0.21794115073410886	0.20431865242019182	74325658	99.7820588492659	93.54514157203431	99.7820588
Perciformes	Kumococius rodericensis	Ku. rodericensis	YS-DLLY-1-P	124263550	124263526	99.99998068621088	123108544	1155006	0.9294809298462824	4943160	4.015285892748435	3.9779645760965305	118165384	95.98471410725156	95.09255449405718	95.9847141
Perciformes	Kumococius rodericensis	Ku. rodericensis	YS-DLLY-1-S	98381516	98381480	99.99996340776046	93755412	4626104	4.7022084920911364	589470	0.6287317045761582	0.5991674289711088	93165942	99.37126829542385	94.69862407893775	99.3712683
Pleuronectiformes	Cynoglossus gracilis	Cy. gracilis	YS-HBSXST-1-G	76644660	76644530	99.99983038609605	72817652	3827008	4.993182825783297	1181096	1.6219913270480075	1.5410023346701518	71636556	98.37800867295199	93.46581483954655	98.3780087
Pleuronectiformes	Cynoglossus gracilis	Cy. gracilis	YS-HBSXST-1-H	72596470	72596110	99.99950410811985	53781514	18814956	25.917177515656064	1820514	3.3850181309510923	2.507716973015355	51961000	96.6149818690489	71.57510551132859	96.6149819
Pleuronectiformes	Cynoglossus gracilis	Cy. gracilis	YS-HBSXST-1-I	333103760	333103730	99.99999099379725	311956478	21147282	6.348556978162	1923952	0.6167373129529947	0.5775833932345885	310032526	99.38326268704701	93.07385962860342	99.3832627
Pleuronectiformes	Cynoglossus gracilis	Cy. gracilis	YS-HBSXST-1-K	78946830	78946828	99.99999746664939	73250730	5696100	7.215109207044792	635068	0.8669783905225245	0.804424952844845	72615662	99.13302160947748	91.98046584011037	99.1330216
Pleuronectiformes	Cynoglossus gracilis	Cy. gracilis	YS-HBSXST-1-M	70974894	70974818	99.99989291988234	64285618	6689276	9.424848172369233	1489630	2.3172056928814158	2.0988125744858457	62795988	97.68279430711858	88.47633925314493	97.6827943
Pleuronectiformes	Cynoglossus gracilis	Cy. gracilis	YS-HBSXST-2-B	90476452	90476452	100	88245592	2230860	2.465680241307429	1245782	1.411721505590897	1.3769129673652543	86999810	98.58827849440911	96.15740679132732	98.5882785
Pleuronectiformes	Cynoglossus gracilis	Cy. gracilis	YS-HBSXST-2-G	74700186	74700120	99.99991164680634	69824458	4875728	6.527062730472987	1033210	1.4797250556531352	1.3831424730321287	68791248	98.52027494434687	92.08979479649489	98.5202749
Pleuronectiformes	Cynoglossus gracilis	Cy. gracilis	YS-HBSXST-2-H	70765070	70764950	99.9998304248127	65023596	5741474	8.11342940803987	2519090	3.874116712954479	3.5597929882638426	62504506	96.12588328704553	88.32677760369629	96.1258833
Pleuronectiformes	Cynoglossus gracilis	Cy. gracilis	YS-HBSXST-2-I	78401444	78401444	100	78148848	252596	0.3221828414282778	2571872	3.29099157034279	3.2803885601902945	75576976	96.7090084296572	96.39742859838142	96.7090084
Pleuronectiformes	Cynoglossus gracilis	Cy. gracilis	YS-HBSXST-2-K	66797802	66797762	99.9999401177901	65189524	1608278	2.4076810192047935	834924	1.2807640687789037	1.249927355394119	64354600	98.71923593122109	96.34239162540109	98.7192359
Pleuronectiformes	Cynoglossus gracilis	Cy. gracilis	YS-HBSXST-2-M	82296666	82296658	99.99999027907157	72078376	10218290	12.416408217557683	1025414	1.4226374911665602	1.2459970128072988	71052962	98.57736250883345	86.33759476963502	98.57736249999999
Pleuronectiformes	Cynoglossus gracilis	Cy. gracilis	YS-HBSXST-2-S	82297506	82297490	99.99998055834159	76063640	6233866	7.574793335778608	910762	1.197368414133218	1.106670231294737	75152878	98.80263158586678	91.31853643292665	98.8026316
Pleuronectiformes	Cynoglossus gracilis	Cy. gracilis	YS-HBSXST-3-B	79449726	79449712	99.99998237879386	75564838	3884888	4.889743735554229	509624	0.6744194965388531	0.6414421114554882	75055214	99.32558050346114	94.46881415299028	99.3255805
Pleuronectiformes	Cynoglossus gracilis	Cy. gracilis	YS-HBSXST-3-G	75746832	75746800	99.99995775400878	71739198	4007634	5.2908272124172795	1486306	2.0718185335721206	1.962202194805982	70252892	97.92818146642787	92.74697059277673	97.9281815
Pleuronectiformes	Cynoglossus gracilis	Cy. gracilis	YS-HBSXST-3-H	75415734	75415620	99.99984883790961	66170858	9244876	12.258550715690177	3571570	5.397496886015896	4.735841992865839	62599288	94.6025031139841	83.00560729144398	94.6025031
Pleuronectiformes	Cynoglossus gracilis	Cy. gracilis	YS-HBSXST-3-I	83583798	83583782	99.99998085753414	54586288	28997510	34.69274033228306	1095068	2.0061228563481	1.3101438630486737	53491220	97.9938771436519	63.99711580466827	97.9938771
Pleuronectiformes	Cynoglossus gracilis	Cy. gracilis	YS-HBSXST-3-K	74128990	74128980	99.99998651000101	68764158	5364832	7.237157824489447	366252	0.5326204968582615	0.4940739108950493	68397906	99.46737950314174	92.2687682646155	99.46737949999999
Pleuronectiformes	Cynoglossus gracilis	Cy. gracilis	YS-HBSXST-3-M	70050534	70050522	99.99998286950961	61654418	8396116	11.98579870925752	1808674	2.933567550666037	2.5819560490431095	59845744	97.06643244933396	85.43224524169938	97.0664324
Pleuronectiformes	Cynoglossus gracilis	Cy. gracilis	YS-HBSXST-3-P	94233534	94233516	99.99998089851962	85662910	8570624	9.095089228002422	2429668	2.8363127052303034	2.578347533904438	83233242	97.1636872947697	88.32656323809314	97.1636873
Pleuronectiformes	Zebrias zebrinus	Ze. zebrinus	YS-DZTT-1-B	114445746	114445544	99.99982349715296	79749788	34695958	30.316511720758935	812400	1.0186860935605246	0.7098560046085068	78937388	98.98131390643948	68.97363227463256	98.9813139
Pleuronectiformes	Zebrias zebrinus	Ze. zebrinus	YS-DZTT-1-G	68276402	68276362	99.9999414146047	67681542	594860	0.8712527060227925	2137792	3.1586041582799633	3.1310847340784007	65543750	96.84139584172004	95.99766255989881	96.8413958
Pleuronectiformes	Zebrias zebrinus	Ze. zebrinus	YS-DZTT-1-H	99609090	99609084	99.99999397645335	90502522	9106568	9.142306189123904	514846	0.5688747546725825	0.5168664827677876	89987676	99.43112524532742	90.3408273281083	99.4311252
Pleuronectiformes	Zebrias zebrinus	Ze. zebrinus	YS-DZTT-1-I	89779788	89779780	99.99999108930844	82607568	7172220	7.988680035644548	652088	0.7893804596692642	0.7263193804823865	81955480	99.21061954033074	91.28500058387307	99.21061949999999
Pleuronectiformes	Zebrias zebrinus	Ze. zebrinus	YS-DZTT-1-K	136228212	136228212	100	129421068	6807144	4.996868049622496	742478	0.5736917578210682	0.5450251376711895	128678590	99.42630824217893	94.45810681270632	99.42630820000001
Pleuronectiformes	Zebrias zebrinus	Ze. zebrinus	YS-DZTT-1-M	17677596	17677590	99.99996605873332	15929642	1747954	9.887962141458601	310838	1.9513181777719801	1.7583725750944867	15618804	98.04868182222802	88.35366528344692	98.0486818
Pleuronectiformes	Zebrias zebrinus	Ze. zebrinus	YS-DZTT-1-P	29066604	29066598	99.99997935775366	23633058	5433546	18.693432504189342	2041770	8.639465954850193	7.024453217857855	21591288	91.3605340451498	74.2821142779528	91.360534
Pleuronectiformes	Zebrias zebrinus	Ze. zebrinus	YS-DZTT-1-S	72826726	72826726	100	57435872	15390854	21.133524525048674	363056	0.6321067085043994	0.49852028223814426	57072816	99.3678932914956	78.36795519271318	99.36789329999999
Scombriformes	Lepturacanthus savala	Le. savala	YS-SDYY-1-B	92265174	92265172	99.99999783233487	84184294	8080880	8.758320880639102	564934	0.6710681686063673	0.6122938650719935	83619360	99.32893183139363	90.6293852542889	99.32893179999999
Scombriformes	Lepturacanthus savala	Le. savala	YS-SDYY-1-G	128465190	128465190	100	114301822	14163368	11.025062898361805	2356686	2.0618096533929267	1.834493842261861	111945136	97.93819034660707	87.14044325937634	97.9381903
Scombriformes	Lepturacanthus savala	Le. savala	YS-SDYY-1-H	220368336	220368306	99.99998638642894	171220966	49147370	22.302373785678537	1264950	0.7387821886251944	0.5740162234559869	169956016	99.2612178113748	77.12360999086548	99.2612178
Scombriformes	Lepturacanthus savala	Le. savala	YS-SDYY-1-I	88612402	88612394	99.99999097191835	70820824	17791578	20.077977346782678	12425354	17.544774683785096	14.022138797230664	58395470	82.45522531621491	65.89988385598666	82.4552253
Scombriformes	Lepturacanthus savala	Le. savala	YS-SDYY-1-K	79043096	79043090	99.99999240920421	69634530	9408566	11.903083856937993	499376	0.71713846564341	0.6317768727075164	69135154	99.28286153435658	87.46513927035448	99.2828615
Scombriformes	Lepturacanthus savala	Le. savala	YS-SDYY-1-M	78374992	78374988	99.99999489633122	64414382	13960610	17.81258236045498	900972	1.398712480079371	1.1495656675792707	63513410	98.60128751992063	81.03785197196575	98.6012875
Scombriformes	Lepturacanthus savala	Le. savala	YS-SDYY-1-P	84481002	84480998	99.99999526520767	80996520	3484482	4.124574658809089	1792898	2.2135494216294727	2.1222499231247283	79203622	97.78645057837053	93.75317541806618	97.7864506
Scombriformes	Lepturacanthus savala	Le. savala	YS-SDYY-1-S	38408462	38408460	99.99999479281415	35646198	2762264	7.191811012896064	1573268	4.413564666840486	4.0961494370693625	34072930	95.58643533315951	88.71203955003458	95.5864353
Scombriformes	Lepturacanthus savala	Le. savala	YS-SDYY-2-B	114177250	114177248	99.99999824833756	106008294	8168956	7.1546266878909766	699762	0.660101180384999	0.6128734051660905	105308532	99.339898819615	92.23249990694293	99.3398988
Scombriformes	Lepturacanthus savala	Le. savala	YS-SDYY-2-G	105082338	105082336	99.99999809673058	95082642	9999696	9.516057779376778	1788370	1.8808585482931786	1.7018749620892524	93294272	98.11914145170682	88.78206725853397	98.1191415
Scombriformes	Lepturacanthus savala	Le. savala	YS-SDYY-2-H	113802578	113802576	99.99999824257057	94958676	18843902	16.558413993046802	601304	0.6332270260381474	0.5283746735508926	94357372	99.36677297396186	82.9132113334023	99.366773
Scombriformes	Lepturacanthus savala	Le. savala	YS-SDYY-2-I	79493654	79493568	99.99989181526364	61038194	18455460	23.216268307404764	683270	1.1194138542172463	0.8595277303519095	60354924	98.88058614578276	75.92420396224333	98.8805861
Scombriformes	Lepturacanthus savala	Le. savala	YS-SDYY-2-K	88447384	88447374	99.99998869384311	63840338	24607046	27.82111226715309	1448784	2.26938648100516	1.6380179203491196	62391554	97.73061351899484	70.54086981249779	97.73061349999999
Scombriformes	Lepturacanthus savala	Le. savala	YS-SDYY-2-M	77043682	77043682	100	62688172	14355510	18.632949032731847	730038	1.1645546148641883	0.9475637470182176	61958134	98.83544538513581	80.41948722024993	98.8354454
Scombriformes	Lepturacanthus savala	Le. savala	YS-SDYY-2-P	83081884	83081842	99.99994944746318	71982648	11099236	13.35939372775899	1735558	2.411078292090616	2.0889728499657036	70247090	97.58892170790938	84.5516334222753	97.5889217
Scombriformes	Lepturacanthus savala	Le. savala	YS-SDYY-2-S	100339788	100339780	99.99999202709098	63828466	36511322	36.387681026394034	4215848	6.604965251710734	4.201571564014068	59612618	93.39503474828926	59.4107474095919	93.3950347
Scombriformes	Lepturacanthus savala	Le. savala	YS-SDYY-3-B	128714424	128714396	99.99997824641626	120331416	8383008	6.512873801929145	861894	0.7162668143122325	0.6696172606109786	119469522	99.28373318568777	92.81750893745988	99.2837332
Scombriformes	Lepturacanthus savala	Le. savala	YS-SDYY-3-G	124072438	124072432	99.99999516411533	119156976	4915462	3.961767882726702	1316514	1.1048568402742949	1.061084976826199	117840462	98.8951431597257	94.9771471404471	98.8951432
Scombriformes	Lepturacanthus savala	Le. savala	YS-SDYY-3-H	89428664	89428664	100	75956842	13471822	15.064322105941335	13370062	17.602182565725943	14.950533086349138	62586780	82.39781743427406	69.98514480770953	82.3978174
Scombriformes	Lepturacanthus savala	Le. savala	YS-SDYY-3-I	80587566	80587564	99.99999751822756	70265270	10322296	12.8087948455969	1204822	1.7146763970308518	1.4950470150692974	69060448	98.28532360296914	85.6961581393338	98.2853236
Scombriformes	Lepturacanthus savala	Le. savala	YS-SDYY-3-K	78713188	78713184	99.99999491825945	69026984	9686204	12.305693932762576	612916	0.8879368103349264	0.7786700241387758	68414068	99.11206318966508	86.91563604309864	99.1120632
Scombriformes	Lepturacanthus savala	Le. savala	YS-SDYY-3-M	75604028	75603972	99.99992592987242	64723256	10880772	14.39178875495893	396698	0.6129141587067252	0.5247048477364196	64326558	99.38708584129327	85.08350639730465	99.3870858
Scombriformes	Lepturacanthus savala	Le. savala	YS-SDYY-3-P	90676776	90676540	99.99973973490191	81852120	8824656	9.731991353552313	910644	1.1125478484857814	1.0042747880670129	80941476	98.88745215151422	89.26373385838068	98.8874522
Scombriformes	Lepturacanthus savala	Le. savala	YS-SDYY-3-S	82268758	82268758	100	72336262	9932496	12.07322954845143	856422	1.1839456122297278	1.0410051407364143	71479840	98.81605438777027	86.88576531081216	98.8160544
Scombriformes	Pampus argenteus	Pa. argenteus	YS-YC-3-B	75249588	75249562	99.9999654483158	72426342	2823246	3.7518424685594294	456874	0.6308119219937961	0.6071448524076969	71969468	99.3691880780062	95.64101267903287	99.3691881
Scombriformes	Pampus argenteus	Pa. argenteus	YS-YC-3-G	77538718	77538706	99.99998452386072	74737662	2801056	3.6124610675146833	725870	0.9712238523062174	0.936138768763239	74011792	99.02877614769378	95.45140016372208	99.0287761
Scombriformes	Pampus argenteus	Pa. argenteus	YS-YC-3-H	71292838	71292834	99.99999438933824	68804782	2488056	3.4899101646086805	712710	1.0358437005148857	0.999693685921158	68092072	98.96415629948511	95.51039614947017	98.9641563
Scombriformes	Pampus argenteus	Pa. argenteus	YS-YC-3-I	74986942	74986922	99.99997332868968	71437150	3549792	4.733880200102039	533044	0.7461719847446322	0.7108490969000976	70904106	99.25382801525537	94.55527070299786	99.253828
Scombriformes	Pampus argenteus	Pa. argenteus	YS-YC-3-K	73938658	73938630	99.99996213077061	71323956	2614702	3.5363124929857395	589616	0.8266731587350539	0.7974394125465464	70734340	99.17332684126495	95.66624809446772	99.1733268
Scombriformes	Pampus argenteus	Pa. argenteus	YS-YC-3-M	69833912	69833902	99.99998568030959	64929252	4904660	7.0233212769177245	687676	1.059115851203707	0.9847307422789089	64241576	98.94088414879629	91.99194798080336	98.9408841
Scombriformes	Pampus argenteus	Pa. argenteus	YS-YC-3-P	76085910	76085894	99.99997897113933	73456886	2629024	3.455336211395776	784970	1.0686132270839797	1.0316890472887819	72671916	98.93138677291601	95.51297474131545	98.9313868
Scombriformes	Pampus argenteus	Pa. argenteus	YS-YC-3-S	74311610	74311602	99.99998923452203	70365800	3945810	5.309816326143385	482466	0.6856541103774845	0.6492471364837876	69883334	99.31434588962252	94.04093653737283	99.3143459
Scombriformes	Psenopsis anomala	Ps. anomala	YS-CC-1-B	87865556	87865538	99.99997951415683	84797346	3068210	3.491937159084272	511174	0.6028183948115546	0.5817683552813346	84286172	99.39718160518845	95.92629448563439	99.3971816
Scombriformes	Psenopsis anomala	Ps. anomala	YS-CC-1-G	73078156	73078142	99.99998084242849	68913110	4165046	5.699440473019051	640862	0.929956578653902	0.8769542570285983	68272248	99.0700434213461	93.42360526995235	99.0700434
Scombriformes	Psenopsis anomala	Ps. anomala	YS-CC-1-H	78204220	78204212	99.999989770373	70769056	7435164	9.507369295416538	561520	0.7934541333997729	0.7180175187477095	70207536	99.20654586660022	89.77461318583575	99.2065459
Scombriformes	Psenopsis anomala	Ps. anomala	YS-CC-1-I	75189742	75189736	99.99999202018807	68910308	6279434	8.351450388006386	6331378	9.187853288944812	8.420534279795774	62578930	90.81214671105519	83.22801533219784	90.8121467
Scombriformes	Psenopsis anomala	Ps. anomala	YS-CC-1-K	92884174	92884152	99.99997631458724	86445264	6438910	6.932192775918963	587554	0.679683273336987	0.6325663185635908	85857710	99.32031672666301	92.43524090551745	99.3203167
Scombriformes	Psenopsis anomala	Ps. anomala	YS-CC-1-M	71573292	71573274	99.99997485095417	64768140	6805152	9.507948858912345	511386	0.7895641282890014	0.714492774762966	64256754	99.210435871711	89.77755836632468	99.21043590000001
Scombriformes	Psenopsis anomala	Ps. anomala	YS-CC-1-P	75813328	75813316	99.99998417164855	65737914	10075414	13.289766147714818	893510	1.3592004151515973	1.178565858499181	64844404	98.64079958484841	85.531667993786	98.6407996
Scombriformes	Psenopsis anomala	Ps. anomala	YS-CC-1-S	73052998	73052984	99.999980835831	68266560	4786438	6.55200762602515	449968	0.6591338423966288	0.6159473427770891	67816592	99.34086615760337	92.83204503119777	99.3408662
Scombriformes	Psenopsis anomala	Ps. anomala	YS-CC-2-B	70513878	70513866	99.9999829820734	64984072	5529806	7.8421527177954955	396020	0.6094108722518958	0.5616199409710525	64588052	99.3905891277481	91.59622734123346	99.3905891
Scombriformes	Psenopsis anomala	Ps. anomala	YS-CC-2-G	76354072	76354062	99.99998690312155	72756776	3597296	4.7113348453766815	512192	0.703978417075545	0.6708116366079336	72244584	99.29602158292445	94.61785351801538	99.29602159999999
Scombriformes	Psenopsis anomala	Ps. anomala	YS-CC-2-H	72799112	72799096	99.99997802170994	68281208	4517904	6.20598778732356	408542	0.5983227478928024	0.5611909112297964	67872666	99.40167725210719	93.23282130144665	99.4016773
Scombriformes	Psenopsis anomala	Ps. anomala	YS-CC-2-I	71729134	71729112	99.99996932905951	55381366	16347768	22.790973609133495	5413106	9.7742370601693	7.546593271291969	49968260	90.2257629398307	69.66243311957454	90.22576289999999
Scombriformes	Psenopsis anomala	Ps. anomala	YS-CC-2-K	71226032	71226024	99.99998876815151	66315270	4910762	6.894616844582891	428728	0.6464996674219979	0.6019259924517485	65886542	99.35350033257801	92.50345716296536	99.3535003
Scombriformes	Psenopsis anomala	Ps. anomala	YS-CC-2-M	70738362	70738342	99.99997172679797	65585032	5153330	7.285057010508669	990386	1.5100793119991158	1.4000691732160833	64594646	98.48992068800088	91.31487381627525	98.4899207
Scombriformes	Psenopsis anomala	Ps. anomala	YS-CC-2-P	75715690	75715678	99.99998415123734	63829468	11886222	15.698492610976668	3332688	5.221237313148215	4.401581759342086	60496780	94.77876268685178	79.89992562968125	94.7787627
Scombriformes	Psenopsis anomala	Ps. anomala	YS-CC-2-S	70015250	70015236	99.99998000435619	66690746	3324504	4.748256986870717	461644	0.6922159785107217	0.6593477849468509	66229102	99.30778402148928	94.59239522818243	99.307784
Scombriformes	Psenopsis anomala	Ps. anomala	YS-CC-3-B	109760246	109760220	99.99997631200644	106000676	3759570	3.4252565359592944	675312	0.6370827295478757	0.6152610117145693	105325364	99.36291727045213	95.95948245232614	99.36291729999999
Scombriformes	Psenopsis anomala	Ps. anomala	YS-CC-3-G	71876446	71876432	99.999980522131	69120990	2755456	3.8336007876627622	524002	0.7580938872547978	0.7290315940217745	68596988	99.2419061127452	95.43736761831546	99.2419061
Scombriformes	Psenopsis anomala	Ps. anomala	YS-CC-3-H	115987250	115987236	99.99998792970779	109450032	6537218	5.63615224949294	818374	0.747714719717944	0.7055723797227712	108631658	99.25228528028205	93.6582753707843	99.2522853
Scombriformes	Psenopsis anomala	Ps. anomala	YS-CC-3-I	79224378	79224360	99.99997727972064	76206358	3018020	3.809458750184192	1861578	2.442811923907976	2.349754011322121	74344780	97.55718807609202	93.84078723849369	97.5571881
Scombriformes	Psenopsis anomala	Ps. anomala	YS-CC-3-K	71439674	71439656	99.99997480391637	67757218	3682456	5.154637183814697	496184	0.7322968897571916	0.6945496419818489	67261034	99.2677031102428	94.15081317420345	99.2677031
Scombriformes	Psenopsis anomala	Ps. anomala	YS-CC-3-M	75982772	75982754	99.99997631041941	58190338	17792434	23.41640549781469	557066	0.9573170033829328	0.7331477719712568	57633272	99.04268299661707	75.85044673021406	99.042683
Scombriformes	Psenopsis anomala	Ps. anomala	YS-CC-3-P	122684702	122684636	99.9999462035617	93888412	28796290	23.471785422766075	737254	0.7852449352322628	0.6009339289914076	93151158	99.21475506476774	75.92728064824252	99.21475509999999
Scombriformes	Psenopsis anomala	Ps. anomala	YS-CC-3-S	80863172	80863144	99.99996537360667	78489312	2373860	2.935650360092231	628196	0.8003586526532428	0.7768629209845985	77861116	99.19964134734676	96.28748671892318	99.1996413
Siluriformes	Arius arius	Ar. arius	YS-SQHN-1-B	72147764	72147756	99.99998891164527	60783606	11364158	15.751226884869224	632838	1.0411327027883144	0.8771415285995557	60150768	98.95886729721168	83.37163158653122	98.9588673
Siluriformes	Arius arius	Ar. arius	YS-SQHN-1-G	104891492	104891428	99.99993898456512	93367024	11524468	10.987037919147914	1321046	1.4148956916523332	1.2594405654941012	92045978	98.58510430834767	87.75352151535799	98.5851043
Siluriformes	Arius arius	Ar. arius	YS-SQHN-1-H	91865226	91865214	99.99998693738586	78223066	13642160	14.85018934150339	1243456	1.589628307333287	1.3535654938681585	76979610	98.41037169266671	83.79624516462846	98.4103717
Siluriformes	Arius arius	Ar. arius	YS-SQHN-1-I	100366580	100366578	99.99999800730482	85175274	15191306	15.135821106986011	2471182	2.9012903439559232	2.4621562277004956	82704092	97.09870965604408	82.4020226653135	97.0987097
Siluriformes	Arius arius	Ar. arius	YS-SQHN-1-K	84842988	84842398	99.999304597806	71160134	13682854	16.12726557909535	925798	1.301006543916851	1.0911897633779706	70234336	98.69899345608314	82.78154465752668	98.6989935
Siluriformes	Arius arius	Ar. arius	YS-SQHN-1-M	75463790	75463790	100	67136512	8327278	11.034799603889494	2841144	4.231890986532038	3.764910296713165	64295368	95.76810901346796	85.20029009939734	95.768109
Siluriformes	Arius arius	Ar. arius	YS-SQHN-1-P	104919560	104919492	99.99993518844342	89810902	15108658	14.400230042901438	4975298	5.539748392683998	4.742011880339567	84835604	94.460251607316	80.857758076759	94.4602516
Siluriformes	Arius arius	Ar. arius	YS-SQHN-1-S	79792276	79792276	100	73516554	6275722	7.865074559347073	1029154	1.3998942333450504	1.289791508140462	72487400	98.60010576665495	90.84513393251247	98.60010580000001
Siluriformes	Arius arius	Ar. arius	YS-SQHN-2-B	76325940	76325932	99.99998951863547	69710428	6615512	8.667449100528602	2048184	2.938131437092884	2.6834703902762285	67662244	97.06186856290712	88.64908050919517	97.0618686
Siluriformes	Arius arius	Ar. arius	YS-SQHN-2-G	77883844	77883826	99.99997688865999	74692172	3191672	4.097989821868577	943934	1.2637656326288116	1.2119766456314098	73748238	98.73623436737118	94.69003353250001	98.7362344
Siluriformes	Arius arius	Ar. arius	YS-SQHN-2-H	108355312	108355250	99.99994278083939	95228446	13126866	12.11464925688184	1182800	1.2420658423849529	1.0915939220404811	94045646	98.75793415761505	86.79375682107768	98.7579342
Siluriformes	Arius arius	Ar. arius	YS-SQHN-2-I	117098112	117098014	99.99991630949609	107020232	10077880	8.606355668655016	4080858	3.813164972395126	3.484990432638231	102939374	96.18683502760487	87.90865389870676	96.186835
Siluriformes	Arius arius	Ar. arius	YS-SQHN-2-K	89532436	89532430	99.99999329851809	80794468	8737968	9.759555743574317	1022738	1.2658515184480206	1.142310033874204	79771730	98.73414848155198	89.09813422255148	98.7341485
Siluriformes	Arius arius	Ar. arius	YS-SQHN-2-M	100249340	100249332	99.99999201989759	90728076	9521264	9.49758272722793	3989974	4.397727997670754	3.98005014297351	86738102	95.60227200232924	86.52236712979855	95.602272
Siluriformes	Arius arius	Ar. arius	YS-SQHN-2-P	97684388	97684332	99.99994267251795	87079684	10604704	10.856088897235042	2320330	2.6646054434464874	2.3753335077453728	84759354	97.33539455655351	86.76857759501958	97.3353946
Siluriformes	Arius arius	Ar. arius	YS-SQHN-2-S	69667388	69667312	99.99989091022043	65570422	4096966	5.880751550495908	913626	1.3933508007619655	1.311411301942309	64656796	98.60664919923803	92.80783714756178	98.60664919999999
Siluriformes	Arius arius	Ar. arius	YS-SQHN-3-B	65374366	65374358	99.99998776278764	58212424	7161942	10.955275650397894	710650	1.220787507491528	1.0870468709402092	57501774	98.77921249250848	87.95767747866189	98.7792125
Siluriformes	Arius arius	Ar. arius	YS-SQHN-3-G	119145198	119145106	99.9999227832917	104085448	15059750	12.639829596825212	2811030	2.7006945293639895	2.3593313429216005	101274418	97.29930547063601	85.00083906025318	97.2993055
Siluriformes	Arius arius	Ar. arius	YS-SQHN-3-H	96452828	96452810	99.99998133802775	83759228	12693600	13.160422833843711	1609352	1.921402618467305	1.6685379095364627	82149876	98.07859738153269	85.17103925661982	98.0785974
Siluriformes	Arius arius	Ar. arius	YS-SQHN-3-I	68981242	68981172	99.99989852313763	65464082	3517160	5.098719446077819	1855182	2.8338929430034625	2.689400692437518	63608900	97.16610705699654	92.21187986148466	97.1661071
Siluriformes	Arius arius	Ar. arius	YS-SQHN-3-K	93608018	93608012	99.99999359029266	87026326	6581692	7.0311199196632925	1568474	1.8022983068364853	1.675576551572751	85457852	98.19770169316351	91.29330352876396	98.1977017
Siluriformes	Arius arius	Ar. arius	YS-SQHN-3-M	72927050	72926990	99.99991772600153	68069018	4858032	6.661495288785162	2583840	3.795911966880439	3.5430474700402663	65485178	96.20408803311956	89.79545724117457	96.204088
Siluriformes	Arius arius	Ar. arius	YS-SQHN-3-P	75849158	75849134	99.99996835825125	69884806	5964352	7.86343864225889	6547592	9.369120950267789	8.632385873024457	63337214	90.63087904973221	83.50417548471665	90.630879
Siluriformes	Arius arius	Ar. arius	YS-SQHN-3-S	95859982	95859978	99.99999582724729	73560276	22299706	23.262789680056482	1700880	2.312226234713964	1.7743379088053657	71859396	97.68777376528604	74.96287241113815	97.6877738
Spariformes	Nemipterus japonicus	Ne. japonicus	YS-RBJXY-1-B	71318688	71318674	99.99998036980153	68700196	2618492	3.6715369749931464	624026	0.9083321974801936	0.8749824449939404	68076170	99.09166780251981	95.45348058001291	99.09166780000001
Spariformes	Nemipterus japonicus	Ne. japonicus	YS-RBJXY-1-G	69760718	69760704	99.99997993139921	66960760	2799958	4.013659951149012	1250530	1.8675564614260651	1.7925990956687115	65710230	98.13244353857394	94.19374095318227	98.1324435
Spariformes	Nemipterus japonicus	Ne. japonicus	YS-RBJXY-1-H	74358056	74358046	99.99998655155804	69961020	4397036	5.9133283419889295	628274	0.8980343625636105	0.8449306420813368	69332746	99.1019656374364	93.24174101592973	99.1019656
Spariformes	Nemipterus japonicus	Ne. japonicus	YS-RBJXY-1-I	77136482	77136470	99.99998444315881	71555158	5581324	7.235647588906116	4206696	5.878955644259775	5.453575131933032	67348462	94.12104435574022	87.31077727916085	94.1210444
Spariformes	Nemipterus japonicus	Ne. japonicus	YS-RBJXY-1-K	77828024	77828008	99.99997944185246	74177944	3650080	4.689930197893756	560350	0.75541322633585	0.7199848733150414	73617594	99.24458677366415	94.5900849287912	99.24458680000001
Spariformes	Nemipterus japonicus	Ne. japonicus	YS-RBJXY-1-M	69066174	69066154	99.99997104226448	64017794	5048380	7.30948264196595	726234	1.1344252193382358	1.0515046048446233	63291560	98.86557478066176	91.63901275318943	98.8655748
Spariformes	Nemipterus japonicus	Ne. japonicus	YS-RBJXY-1-P	70231092	70231078	99.99998006580903	67186926	3044166	4.334499027866461	726082	1.0806894186526705	1.0338469463069149	66460844	98.91931058134733	94.63165402582662	98.9193106
Spariformes	Nemipterus japonicus	Ne. japonicus	YS-RBJXY-1-S	75600748	75600712	99.99995238142353	71492136	4108612	5.434618186581964	634372	0.88733116045099	0.8391080998299117	70857764	99.11266883954902	93.72627371358813	99.11266880000001
Spariformes	Nemipterus japonicus	Ne. japonicus	YS-RBJXY-2-B	74202050	74202034	99.99997843725342	71037490	3164560	4.264787832681172	609488	0.8579807648046123	0.8213897055404803	70428002	99.14201923519539	94.91382246177835	99.1420192
Spariformes	Nemipterus japonicus	Ne. japonicus	YS-RBJXY-2-G	78282786	78282780	99.99999233547973	75612140	2670646	3.411536732992615	1001482	1.3244989495073145	1.2793131813167713	74610658	98.67550105049268	95.30915008569062	98.67550109999999
Spariformes	Nemipterus japonicus	Ne. japonicus	YS-RBJXY-2-H	66925328	66925308	99.99997011594773	62721196	4204132	6.281825021462726	527966	0.8417664739683854	0.7888881769843549	62193230	99.15823352603161	92.92928680155292	99.15823350000001
Spariformes	Nemipterus japonicus	Ne. japonicus	YS-RBJXY-2-I	81371494	81371484	99.99998771068404	78266122	3105372	3.81628976850296	711232	0.9087354551692238	0.8740554769708418	77554890	99.09126454483078	95.30965475452619	99.0912645
Spariformes	Nemipterus japonicus	Ne. japonicus	YS-RBJXY-2-K	78133370	78133354	99.99997952219391	75263946	2869424	3.672469266332682	748366	0.9943220356796068	0.9578058645108998	74515580	99.0056779643204	95.36972486915641	99.005678
Spariformes	Nemipterus japonicus	Ne. japonicus	YS-RBJXY-2-M	72389738	72389720	99.99997513459712	61556298	10833440	14.965436123004064	364990	0.5929368916889707	0.5042012999135319	61191308	99.40706310831104	84.5303625770824	99.4070631
Spariformes	Nemipterus japonicus	Ne. japonicus	YS-RBJXY-2-P	67341682	67341648	99.9999495112106	63389246	3952436	5.869226729442249	1005714	1.5865688006448286	1.493449480516391	62383532	98.41343119935517	92.63732379004136	98.4134312
Spariformes	Nemipterus japonicus	Ne. japonicus	YS-RBJXY-2-S	77709192	77709180	99.99998455781139	74774208	2934984	3.776881375886652	635284	0.8496031144856794	0.8175146126857168	74138924	99.15039688551433	95.40560401142763	99.1503969
Spariformes	Nemipterus japonicus	Ne. japonicus	YS-RBJXY-3-B	70844348	70844340	99.99998870763832	68345334	2499014	3.5274712387782863	570806	0.8351791798983673	0.8057184745351881	67774528	99.16482082010164	95.66681028668653	99.1648208
Spariformes	Nemipterus japonicus	Ne. japonicus	YS-RBJXY-3-G	76986376	76986362	99.99998181496424	74053326	2933050	3.8098299366630792	847106	1.1439135090299657	1.100332349713409	73206220	98.85608649097003	95.08983771362351	98.85608649999999
Spariformes	Nemipterus japonicus	Ne. japonicus	YS-RBJXY-3-H	74355228	74355206	99.99997041230242	71823492	2531736	3.404919960705386	725516	1.0101374631019053	0.9757430909901856	71097976	98.9898625368981	95.61933694830442	98.9898625
Spariformes	Nemipterus japonicus	Ne. japonicus	YS-RBJXY-3-I	80747064	80747030	99.99995789320587	77490210	3256854	4.0334023785682165	642134	0.8286646790607485	0.7952412981851575	76848076	99.17133532093925	95.17135632324663	99.1713353
Spariformes	Nemipterus japonicus	Ne. japonicus	YS-RBJXY-3-K	74159318	74159292	99.9999649403464	70791352	3367966	4.541527741665585	451554	0.6378660489490299	0.6088971853813434	70339798	99.36213395105096	94.84957507295307	99.362134
Spariformes	Nemipterus japonicus	Ne. japonicus	YS-RBJXY-3-M	115233658	115233590	99.99994098946334	82433854	32799804	28.46373582968268	757930	0.919440209601264	0.6577331772284796	81675924	99.08055979039874	70.87853099308884	99.0805598
Spariformes	Nemipterus japonicus	Ne. japonicus	YS-RBJXY-3-P	70908734	70908734	100	63603118	7305616	10.30284365251818	409436	0.6437357363517933	0.5774126499000815	63193682	99.3562642636482	89.11974369758174	99.35626429999999
Spariformes	Nemipterus japonicus	Ne. japonicus	YS-RBJXY-3-S	71472220	71472212	99.99998880683992	67247590	4224630	5.910869985569218	543956	0.8088854931455536	0.7610733233135896	66703634	99.19111450685445	93.3280566911172	99.1911145
Tetraodontiformes	Lagocephalus spadiceus	La. spadiceus	YS-ZBTTT-1-B	172266190	172266180	99.99999419503038	162874218	9391972	5.452011215897908	1673028	1.0271901965478663	0.9711876718234728	161201190	98.97280980345214	93.57680111227862	98.9728098
Tetraodontiformes	Lagocephalus spadiceus	La. spadiceus	YS-ZBTTT-1-G	99786912	99786684	99.99977151312189	90566536	9220376	9.240065470710228	26768848	29.557107053316027	26.826011010341716	63797688	70.44289294668397	63.933923518948056	70.4428929
Tetraodontiformes	Lagocephalus spadiceus	La. spadiceus	YS-ZBTTT-1-H	78841376	78841362	99.9999822428264	76562808	2278568	2.8900662515073305	470240	0.6141885496153694	0.5964380936223133	76092568	99.38581145038464	96.51349565487035	99.3858115
Tetraodontiformes	Lagocephalus spadiceus	La. spadiceus	YS-ZBTTT-1-I	108202650	108202640	99.99999075808218	88937974	19264676	17.80425525622524	18148144	20.40539398839915	16.772365556666127	70789830	79.59460601160085	65.42337918710864	79.594606
Tetraodontiformes	Lagocephalus spadiceus	La. spadiceus	YS-ZBTTT-1-K	35270010	35269982	99.99992061244099	34044282	1225728	3.475269783025295	625592	1.8375831806351504	1.7737222076205819	33418690	98.16241681936485	94.75100800935412	98.1624168
Tetraodontiformes	Lagocephalus spadiceus	La. spadiceus	YS-ZBTTT-1-M	78101908	78101894	99.99998207470168	70361006	7740902	9.911284113571208	400498	0.5692044823804822	0.5127890089445702	69960508	99.43079551761952	89.57592687748422	99.4307955
Tetraodontiformes	Lagocephalus spadiceus	La. spadiceus	YS-ZBTTT-1-P	69303540	69303524	99.99997691315625	61201492	8102048	11.690669769538468	3053222	4.988803214143864	4.405578704926184	58148270	95.01119678585613	83.90375152553534	95.0111968
Tetraodontiformes	Lagocephalus spadiceus	La. spadiceus	YS-ZBTTT-1-S	79074274	79074272	99.9999974707324	71845750	7228524	9.141435810084074	989976	1.3779186660310456	1.2519571156606508	70855774	98.62208133396895	89.60660707425528	98.62208129999999
Tetraodontiformes	Lagocephalus spadiceus	La. spadiceus	YS-ZBTTT-2-B	80541672	80541600	99.9999106052827	75810740	4730932	5.873893454806848	393610	0.5192008414638876	0.4887035372198382	75417130	99.48079915853612	93.63740300797332	99.4807992
Tetraodontiformes	Lagocephalus spadiceus	La. spadiceus	YS-ZBTTT-2-G	102270452	102270452	100	90515856	11754596	11.493638455807353	1402714	1.549688708683261	1.3715730913167372	89113142	98.45031129131674	87.13478845287591	98.45031130000001
Tetraodontiformes	Lagocephalus spadiceus	La. spadiceus	YS-ZBTTT-2-H	96755426	96755406	99.99997932932465	81058658	15696768	16.223139775127443	1429112	1.7630590429957524	1.4770355101325274	79629546	98.23694095700425	82.29982471474003	98.236941
Tetraodontiformes	Lagocephalus spadiceus	La. spadiceus	YS-ZBTTT-2-I	78171442	78171434	99.99998976608363	75553114	2618328	3.3494687228617326	575630	0.7618878554760827	0.7363686600536293	74977484	99.23811214452391	95.91416261708464	99.2381121
Tetraodontiformes	Lagocephalus spadiceus	La. spadiceus	YS-ZBTTT-2-K	110219740	110219738	99.999998185443	97573310	12646430	11.47383399743095	1186548	1.2160579568326626	1.0765294855531322	96386762	98.78394204316734	87.44963651701592	98.783942
Tetraodontiformes	Lagocephalus spadiceus	La. spadiceus	YS-ZBTTT-2-M	79821694	79821692	99.9999974944155	68926042	10895652	13.649988435474697	1097796	1.5927158562216586	1.3753103260374304	67828246	98.40728414377834	84.97470123848787	98.4072841
Tetraodontiformes	Lagocephalus spadiceus	La. spadiceus	YS-ZBTTT-2-P	82047722	82047722	100	73265034	8782688	10.704365442345859	1606278	2.192421012184339	1.9577362550053492	71658756	97.80757898781566	87.3378983026488	97.807579
Tetraodontiformes	Lagocephalus spadiceus	La. spadiceus	YS-ZBTTT-2-S	74965396	74965392	99.9999946642048	66797498	8167898	10.895557731729983	859480	1.286694899859872	1.1465023142144144	65938018	98.71330510014013	87.9579399540556	98.7133051
Tetraodontiformes	Lagocephalus spadiceus	La. spadiceus	YS-ZBTTT-3-B	108782624	108782614	99.99999080735542	104366646	4415978	4.059451627127509	576696	0.5525673403359154	0.5301361364476739	103789950	99.44743265966409	95.41041223642482	99.44743270000001
Tetraodontiformes	Lagocephalus spadiceus	La. spadiceus	YS-ZBTTT-3-G	88594030	88594030	100	79389162	9204868	10.389941624734758	1332456	1.6783852687599852	1.504002019097675	78056706	98.32161473124002	88.10605635616757	98.3216147
Tetraodontiformes	Lagocephalus spadiceus	La. spadiceus	YS-ZBTTT-3-H	10116366	10116366	100	9979882	136484	1.3491405906033846	103972	1.0418159252784753	1.0277603637511732	9875910	98.95818407472153	97.62309904564545	98.9581841
Tetraodontiformes	Lagocephalus spadiceus	La. spadiceus	YS-ZBTTT-3-I	66015200	66015196	99.9999939407894	51843972	14171228	21.466613749560707	16557162	31.936522919192996	25.080832899089906	35286810	68.063477080807	53.45255335134939	68.0634771
Tetraodontiformes	Lagocephalus spadiceus	La. spadiceus	YS-ZBTTT-3-K	109723548	109723542	99.99999453171165	96737868	12985680	11.83490712495006	1290844	1.334373008923455	1.1764512026169625	95447024	98.66562699107655	86.98864167243298	98.665627
Tetraodontiformes	Lagocephalus spadiceus	La. spadiceus	YS-ZBTTT-3-M	78891236	78891236	100	69565744	9325492	11.82069450654823	1067466	1.534470759056354	1.3530856583359905	68498278	98.46552924094365	86.82621983511578	98.4655292
Tetraodontiformes	Lagocephalus spadiceus	La. spadiceus	YS-ZBTTT-3-P	101320598	101320592	99.99999407820313	92107944	9212654	9.092577602039025	2207078	2.3961863702005988	2.178311265000627	89900866	97.6038136297994	88.72911113296036	97.6038136
Tetraodontiformes	Lagocephalus spadiceus	La. spadiceus	YS-ZBTTT-3-S	72398776	72398774	99.99999723752236	70693414	1705362	2.355512198162024	516730	0.730945035417302	0.7137275359461879	70176684	99.2690549645827	96.93076026589179	99.269055
Tetraodontiformes	Paramonacanthus sulcatus	Pa. sulcatus	YS-RWXLT-1-B	104719644	104719638	99.99999427041597	99071048	5648596	5.394017573245379	1122574	1.133099954691102	1.0719803440126285	97948474	98.8669000453089	93.53400208274199	98.8669
Tetraodontiformes	Paramonacanthus sulcatus	Pa. sulcatus	YS-RWXLT-1-G	121701078	121701062	99.99998685303346	114265138	7435940	6.110003397011816	3879486	3.395161523368571	3.187717038956713	110385652	96.60483847663143	90.70227956403147	96.6048385
Tetraodontiformes	Paramonacanthus sulcatus	Pa. sulcatus	YS-RWXLT-1-H	81597692	81597668	99.99997058740338	72433230	9164462	11.231276002267318	25174546	34.7555203599232	30.852031942276014	47258684	65.2444796400768	57.916692055456664	65.2444796
Tetraodontiformes	Paramonacanthus sulcatus	Pa. sulcatus	YS-RWXLT-1-I	76452666	76452666	100	71775606	4677060	6.117589149866926	2042558	2.8457551441641606	2.671663536232994	69733048	97.15424485583584	91.21074731390009	97.1542449
Tetraodontiformes	Paramonacanthus sulcatus	Pa. sulcatus	YS-RWXLT-1-K	72499104	72499084	99.99997241345217	71125608	1373496	1.8945006547942993	434326	0.6106464495881708	0.5990777486022448	70691282	99.38935355041183	97.50642159660346	99.38935359999999
Tetraodontiformes	Paramonacanthus sulcatus	Pa. sulcatus	YS-RWXLT-1-M	147509054	147509054	100	135126988	12382066	8.3941057611284	1929420	1.4278568837780947	1.3080010668362092	133197568	98.57214311622191	90.29789317203539	98.5721431
Tetraodontiformes	Paramonacanthus sulcatus	Pa. sulcatus	YS-RWXLT-1-P	101820232	101820222	99.99999017876918	95941828	5878404	5.773316250153506	4666358	4.863736805181573	4.582937897843329	91275470	95.13626319481843	89.64374585200316	95.1362632
Tetraodontiformes	Paramonacanthus sulcatus	Pa. sulcatus	YS-RWXLT-1-S	81328496	81328494	99.99999754083734	67129116	14199380	17.45929249693736	548424	0.8169688991584516	0.6743319094453684	66580692	99.18303110084155	81.86637559361728	99.1830311
Tetraodontiformes	Paramonacanthus sulcatus	Pa. sulcatus	YS-RWXLT-2-B	73634226	73634184	99.99994296130716	61168756	12465470	16.928907489297163	621642	1.016273732949547	0.8442296928604912	60547114	98.98372626705046	82.22686281784235	98.9837263
Tetraodontiformes	Paramonacanthus sulcatus	Pa. sulcatus	YS-RWXLT-2-G	67380280	67380272	99.99998812709	64108526	3271754	4.855655096713757	1818876	2.8371826861219676	2.699418880420206	62289650	97.16281731387804	92.44492602286604	97.1628173
Tetraodontiformes	Paramonacanthus sulcatus	Pa. sulcatus	YS-RWXLT-2-H	82685416	82685410	99.99999274358129	72786052	9899364	11.972321696972536	1006540	1.382874839811342	1.2173126153226344	71779512	98.61712516018866	86.81036568770483	98.6171252
Tetraodontiformes	Paramonacanthus sulcatus	Pa. sulcatus	YS-RWXLT-2-I	121987834	121987830	99.99999672098448	58018924	63968910	52.43876204900892	21689000	37.38263053620229	17.779641861663023	36329924	62.61736946379771	29.781596089328055	62.617369499999995
Tetraodontiformes	Paramonacanthus sulcatus	Pa. sulcatus	YS-RWXLT-2-K	79070460	79070404	99.99992917709092	63642318	15428142	19.511891039966127	611496	0.9608323820009196	0.773355814548189	63030822	99.03916761799908	79.71475314548569	99.0391676
Tetraodontiformes	Paramonacanthus sulcatus	Pa. sulcatus	YS-RWXLT-2-M	71094754	71094748	99.99999156055874	63318638	7776116	10.93767903043873	1611006	2.544284038453259	2.2659984167045573	61707632	97.45571596154674	86.79632255285671	97.45571600000001
Tetraodontiformes	Paramonacanthus sulcatus	Pa. sulcatus	YS-RWXLT-2-P	249043538	249043524	99.99999437849297	226781630	22261908	8.938962311079921	24383972	10.75218129440202	9.791047860876438	202397658	89.24781870559798	81.26998982804363	89.24781870000001
Tetraodontiformes	Paramonacanthus sulcatus	Pa. sulcatus	YS-RWXLT-2-S	70809286	70809284	99.9999971755117	65983260	4826026	6.81552699175642	1176776	1.7834462862247182	1.6618950232035952	64806484	98.21655371377528	91.52257798503999	98.21655369999999
Tetraodontiformes	Paramonacanthus sulcatus	Pa. sulcatus	YS-RWXLT-3-B	83714702	83714700	99.99999761093338	79736268	3978434	4.752371931037872	757236	0.9496757485564787	0.9045436248462069	78979032	99.05032425144353	94.34308444411592	99.0503243
Tetraodontiformes	Paramonacanthus sulcatus	Pa. sulcatus	YS-RWXLT-3-G	71430116	71430116	100	61549768	9880348	13.832188092764682	553920	0.8999546513319108	0.7754712312100963	60995848	99.10004534866809	85.39234067602523	99.10004529999999
Tetraodontiformes	Paramonacanthus sulcatus	Pa. sulcatus	YS-RWXLT-3-H	130530874	130530870	99.99999693559089	110811292	19719582	15.10721670338314	2349496	2.120267670915704	1.7999542391786942	108461796	97.87973232908429	83.09282905743817	97.8797323
Tetraodontiformes	Paramonacanthus sulcatus	Pa. sulcatus	YS-RWXLT-3-I	779018732	779018732	100	645530666	133488066	17.135411578267416	135381700	20.972156263138707	17.3784909706125	510148966	79.0278437368613	65.48609745112009	79.0278437
Tetraodontiformes	Paramonacanthus sulcatus	Pa. sulcatus	YS-RWXLT-3-K	157264816	157264816	100	148739562	8525254	5.420954423779061	860320	0.578406974198297	0.5470517957430479	147879242	99.4215930258017	94.03199378047789	99.421593
Tetraodontiformes	Paramonacanthus sulcatus	Pa. sulcatus	YS-RWXLT-3-M	100821054	100821052	99.99999801628735	87682882	13138172	13.031178983707113	2155578	2.458379504451051	2.1380236711272627	85527304	97.54162049554895	84.83079734516562	97.54162050000001
Tetraodontiformes	Paramonacanthus sulcatus	Pa. sulcatus	YS-RWXLT-3-P	76769304	76769300	99.99999478958412	74126834	2642470	3.442091906942389	655816	0.8847214491853247	0.8542685237839333	73471018	99.11527855081468	95.70363956927368	99.1152786
Tetraodontiformes	Paramonacanthus sulcatus	Pa. sulcatus	YS-RWXLT-3-S	486973372	486973372	100	435886422	51086950	10.490707077100717	14365500	3.2956979788647787	2.949955957756146	421520922	96.70430202113522	86.55933696514313	96.704302
Carcharhiniformes	Scoliodon macrorhynchos	Sc. macrorhynchos	YS-JTZCS-1-B	104504546	104504466	99.99992344830626	103600878	903668	0.8647164497513821	1671592	1.6134921173158396	1.5995399855619679	101929286	98.38650788268416	97.53574356468665	98.3865079
Carcharhiniformes	Scoliodon macrorhynchos	Sc. macrorhynchos	YS-JTZCS-1-G	91577182	91577170	99.99998689629912	84753574	6823608	7.45120984395436	1383658	1.6325659611711478	1.5109200455633152	83369916	98.36743403882885	91.03787011048233	98.367434
Carcharhiniformes	Scoliodon macrorhynchos	Sc. macrorhynchos	YS-JTZCS-1-H	176167858	176167806	99.99997048269725	141373720	34794138	19.750559719015257	3510648	2.4832394592149094	1.992785766856517	137863072	97.51676054078509	78.25665451412823	97.5167605
Carcharhiniformes	Scoliodon macrorhynchos	Sc. macrorhynchos	YS-JTZCS-1-I	118937202	118937156	99.99996132412801	106318028	12619174	10.60994691971987	1581154	1.4871927459000651	1.3294023849661438	104736874	98.51280725409994	88.06065069531398	98.5128073
Carcharhiniformes	Scoliodon macrorhynchos	Sc. macrorhynchos	YS-JTZCS-1-K	108470478	108470364	99.99989490227931	107166448	1304030	1.202198076420388	3060778	2.8560972740274084	2.8217613275383555	104105670	97.1439027259726	95.97604059604126	97.1439027
Carcharhiniformes	Scoliodon macrorhynchos	Sc. macrorhynchos	YS-JTZCS-1-M	85360346	85360314	99.99996251186704	71317504	14042842	16.45124774915978	1909738	2.677797024416334	2.2372660017099744	69407766	97.32220297558366	81.31148624913024	97.322203
Carcharhiniformes	Scoliodon macrorhynchos	Sc. macrorhynchos	YS-JTZCS-1-P	81756190	81756178	99.9999853222123	75320004	6436186	7.8724143089348955	2554704	3.3918001385130037	3.1247835790782323	72765300	96.608199861487	89.00280211198687	96.6081999
Carcharhiniformes	Scoliodon macrorhynchos	Sc. macrorhynchos	YS-JTZCS-1-S	103571818	103571738	99.99992275891111	102139174	1432644	1.3832372817864411	3703956	3.626381392118953	3.5762199327233977	98435218	96.37361860788104	95.04054278549016	96.3736186
Myliobatiformes	Telatrygon zugei	Te. zugei	YS-JZH-1-B	150569156	150569132	99.99998406048049	141726278	8842878	5.872967767714657	1287050	0.9081237566966939	0.8547899411749376	140439228	99.0918762433033	93.2722422911104	99.0918762
Myliobatiformes	Telatrygon zugei	Te. zugei	YS-JZH-1-G	78122020	78122002	99.99997695912113	71934438	6187582	7.920407076007507	1816240	2.5248546461153976	2.3248758800655693	70118198	97.4751453538846	89.75471704392692	97.4751454
Myliobatiformes	Telatrygon zugei	Te. zugei	YS-JZH-1-H	75326266	75326234	99.99995751813849	68852442	6473824	8.594377955758487	2189136	3.1794602143523103	2.906205386577904	66663306	96.8205397856477	88.49941665766362	96.8205398
Myliobatiformes	Telatrygon zugei	Te. zugei	YS-JZH-1-I	74246412	74246406	99.99999191880141	67056992	7189420	9.683188461686202	2442060	3.6417678860393856	3.289128638297026	64614932	96.35823211396061	87.02768290001677	96.3582321
Myliobatiformes	Telatrygon zugei	Te. zugei	YS-JZH-1-K	71756350	71756332	99.99997491511205	66671980	5084370	7.085602876957927	1051768	1.5775262711561888	1.4657490243023787	65620212	98.42247372884381	91.4486480987397	98.4224737
Myliobatiformes	Telatrygon zugei	Te. zugei	YS-JZH-1-M	70244500	70244480	99.99997152801998	62688414	7556086	10.756836478300793	2092172	3.3374141512018474	2.978413968353394	60596242	96.66258584879816	86.26474955334581	96.6625858
Myliobatiformes	Telatrygon zugei	Te. zugei	YS-JZH-1-P	96149434	96149412	99.99997711895007	86164118	9985316	10.385205179678957	2757032	3.1997449332679295	2.8674448567216735	83407086	96.80025506673208	86.74734996359938	96.8002551
Myliobatiformes	Telatrygon zugei	Te. zugei	YS-JZH-1-S	79393354	79393332	99.99997228987202	73123216	6270138	7.897560292011344	1495694	2.0454434060996443	1.8839032798639543	71627522	97.95455659390035	90.21853642812471	97.9545566
Myliobatiformes	Telatrygon zugei	Te. zugei	YS-JZH-2-B	88603882	88603862	99.99997742762558	84658590	3945292	4.452730411969986	584034	0.6898697462360287	0.6591517062423969	84074556	99.31013025376397	94.88811788178762	99.3101303
Myliobatiformes	Telatrygon zugei	Te. zugei	YS-JZH-2-G	94593710	94593682	99.9999703997232	88633474	5960236	6.300879836513443	789186	0.8903927200235884	0.8342901446618385	87844288	99.10960727997642	92.86483001882472	99.10960730000001
Myliobatiformes	Telatrygon zugei	Te. zugei	YS-JZH-2-H	71649316	71649292	99.99996650351834	64000854	7648462	10.674856965836213	3430422	5.359962852995681	4.787794485016438	60570432	94.64003714700432	84.53734854914735	94.6400371
Myliobatiformes	Telatrygon zugei	Te. zugei	YS-JZH-2-I	77803838	77803822	99.99997943546178	71762122	6041716	7.765318723736996	2638212	3.676329415119581	3.3908507187010493	69123910	96.32367058488042	88.84383055756196	96.3236706
Myliobatiformes	Telatrygon zugei	Te. zugei	YS-JZH-2-K	75667406	75667386	99.9999735685402	68466138	7201268	9.517001283220942	1638958	2.3938227682712294	2.166002624696821	66827180	97.60617723172876	88.31699609208223	97.6061772
Myliobatiformes	Telatrygon zugei	Te. zugei	YS-JZH-2-M	70582886	70582858	99.9999603303271	63775612	6807274	9.644369033025939	2546934	3.9935861375975508	3.6084299528358756	61228678	96.00641386240245	86.74720101413818	96.0064139
Myliobatiformes	Telatrygon zugei	Te. zugei	YS-JZH-2-P	99330508	99330480	99.99997181127877	89307632	10022876	10.090430625805316	3704124	4.147600733608075	3.72908995894796	85603508	95.85239926639193	86.18047941524672	95.8523993
Myliobatiformes	Telatrygon zugei	Te. zugei	YS-JZH-2-S	76745230	76745214	99.99997915179875	68429846	8315384	10.835049943820612	2009180	2.9361165009782426	2.617986811688492	66420666	97.06388349902176	86.5469632444909	97.0638835
Myliobatiformes	Telatrygon zugei	Te. zugei	YS-JZH-3-B	74219588	74219566	99.99997035822942	69423898	4795690	6.461488306833501	1250870	1.801785892229791	1.6853637074891874	68173028	98.19821410777021	91.85314798567731	98.1982141
Myliobatiformes	Telatrygon zugei	Te. zugei	YS-JZH-3-G	78518424	78518406	99.99997707544411	71528434	6989990	8.902356471138544	1868032	2.6115935936749293	2.3791002223885696	69660402	97.38840640632507	88.71854330647288	97.38840640000001
Myliobatiformes	Telatrygon zugei	Te. zugei	YS-JZH-3-H	77803496	77803476	99.99997429421424	71883362	5920134	7.609084815417549	1619576	2.2530610073580033	2.0816236843650318	70263786	97.746938992642	90.30929150021743	97.746939
Myliobatiformes	Telatrygon zugei	Te. zugei	YS-JZH-3-I	77793626	77793604	99.99997172004812	70657704	7135922	9.172887763323951	2658692	3.762777233746514	3.4176219013110405	67999012	96.23722276625348	87.409490335365	96.2372228
Myliobatiformes	Telatrygon zugei	Te. zugei	YS-JZH-3-K	82129124	82129092	99.99996103696418	76017762	6111362	7.441163015448698	1120584	1.474108116995078	1.364417328985513	74897178	98.52589188300492	91.1944196555658	98.52589189999999
Myliobatiformes	Telatrygon zugei	Te. zugei	YS-JZH-3-M	70828454	70828444	99.99998588138038	66040802	4787652	6.75950374407438	511142	0.7739790925010268	0.721661946765067	65529660	99.22602090749898	92.51883430916055	99.2260209
Myliobatiformes	Telatrygon zugei	Te. zugei	YS-JZH-3-P	82086000	82085980	99.99997563530931	75632682	6453318	7.861654849791682	1372310	1.8144404822243378	1.6717954340569647	74260372	98.18555951777566	90.46654971615135	98.1855595
Myliobatiformes	Telatrygon zugei	Te. zugei	YS-JZH-3-S	72741248	72741228	99.99997250528338	67398244	5343004	7.345219042708753	2105588	3.1240991975992727	2.8946272684240997	65292656	96.87590080240072	89.76015368886715	96.8759008
